classe_renda;CD_SETOR;NM_MUN;CD_MUN;NM_BAIRRO;regiao;e_favela;NM_FCU;renda_media_setor;renda_p50_mun;razao_mediana_mun;renda_lim_sup_mun;n_domicilios;populacao;pct_analfab;pct_raca_pretpardind;outlier_global;outlier_municipio;motivos
EXTREMO;355030832000202;São Paulo;3550308;;Sudeste;não;;140172.64;3108.9;45.1;20232.52;78.0;184;0.0;0.0598;True;True;
EXTREMO;261160605200257;Recife;2611606;Vasco da Gama;Nordeste;não;;67237.29;1778.67;37.8;13138.88;190.0;519;0.0267;0.5973;True;True;
EXTREMO;292740805090354;Salvador;2927408;Patamares;Nordeste;não;;61671.36;1637.87;37.7;8339.92;397.0;747;0.0284;0.3748;True;True;
EXTREMO;351880005000793;Guarulhos;3518800;São João;Sudeste;não;;65031.76;2361.56;27.5;9209.94;148.0;390;0.0129;0.4615;True;True;
EXTREMO;130260305110044;Manaus;1302603;Aleixo;Norte;não;;50802.73;1852.55;27.4;6265.62;159.0;562;0.0;0.2883;True;True;
EXTREMO;355030868000461;São Paulo;3550308;;Sudeste;não;;77468.68;3108.9;24.9;20232.52;73.0;187;0.0184;0.2406;True;True;
EXTREMO;355030883000206;São Paulo;3550308;;Sudeste;não;;73198.95;3108.9;23.5;20232.52;85.0;201;0.0;0.0746;True;True;
EXTREMO;292740805270142;Salvador;2927408;Barra;Nordeste;não;;37428.33;1637.87;22.9;8339.92;132.0;242;;0.4959;True;True;
EXTREMO;292740805070406;Salvador;2927408;Horto Florestal;Nordeste;não;;36765.67;1637.87;22.4;8339.92;92.0;301;0.012;0.3223;True;True;
EXTREMO;130260305130065;Manaus;1302603;Ponta Negra;Norte;não;;40720.0;1852.55;22.0;6265.62;81.0;229;0.0;0.3275;True;True;
EXTREMO;261160605230448;Recife;2611606;Cohab;Nordeste;não;;39151.35;1778.67;22.0;13138.88;211.0;615;0.0565;0.6878;True;True;
EXTREMO;211130005001268;São Luís;2111300;;Nordeste;não;;37914.19;1745.24;21.7;8425.68;215.0;577;0.0204;0.5199;True;True;
EXTREMO;330455705110034;Rio de Janeiro;3304557;Lagoa;Sudeste;não;;54926.08;2702.45;20.3;16100.61;148.0;402;0.0;0.0746;True;True;
EXTREMO;130260305130111;Manaus;1302603;Ponta Negra;Norte;não;;36276.19;1852.55;19.6;6265.62;106.0;319;0.0;0.4483;True;True;
EXTREMO;292740805270367;Salvador;2927408;Vitória;Nordeste;não;;31642.55;1637.87;19.3;8339.92;171.0;434;0.0131;0.3226;True;True;
EXTREMO;355030835000481;São Paulo;3550308;;Sudeste;não;;59642.86;3108.9;19.2;20232.52;8.0;11;0.0;0.0;True;True;
EXTREMO;230440005150146;Fortaleza;2304400;Papicu;Nordeste;não;;32466.4;1708.86;19.0;7273.3;147.0;367;0.0182;0.4768;True;True;
EXTREMO;130260305080282;Manaus;1302603;Ponta Negra;Norte;não;;34887.53;1852.55;18.8;6265.62;244.0;767;0.0;0.3937;True;True;
EXTREMO;292740805090341;Salvador;2927408;Patamares;Nordeste;não;;29446.94;1637.87;18.0;8339.92;134.0;453;0.0;0.3333;True;True;
EXTREMO;230440005150422;Fortaleza;2304400;Dionísio Torres;Nordeste;não;;30432.13;1708.86;17.8;7273.3;178.0;496;0.0111;0.4012;True;True;
EXTREMO;292740805270325;Salvador;2927408;Barra;Nordeste;não;;29098.22;1637.87;17.8;8339.92;57.0;179;;0.2235;True;True;
EXTREMO;292740805070344;Salvador;2927408;Horto Florestal;Nordeste;não;;28742.36;1637.87;17.5;8339.92;353.0;1217;;0.3229;True;True;
EXTREMO;130260305110351;Manaus;1302603;Nossa Senhora das Graças;Norte;não;;31466.12;1852.55;17.0;6265.62;114.0;313;;0.3578;True;True;
EXTREMO;240810205080034;Natal;2408102;Areia Preta;Nordeste;não;;34588.24;2035.34;17.0;11639.32;18.0;49;0.0;0.0;True;True;
EXTREMO;130260305110353;Manaus;1302603;Aleixo;Norte;não;;31125.56;1852.55;16.8;6265.62;108.0;396;;0.3535;True;True;
EXTREMO;292740805070343;Salvador;2927408;Horto Florestal;Nordeste;não;;27153.73;1637.87;16.6;8339.92;284.0;867;0.0045;0.3033;True;True;
EXTREMO;292740805070422;Salvador;2927408;Horto Florestal;Nordeste;não;;27254.84;1637.87;16.6;8339.92;31.0;113;;0.177;True;True;
EXTREMO;330455705231199;Rio de Janeiro;3304557;Campo Grande;Sudeste;não;;44886.68;2702.45;16.6;16100.61;132.0;349;0.0129;0.3983;True;True;
EXTREMO;355030832000249;São Paulo;3550308;;Sudeste;não;;50482.44;3108.9;16.2;20232.52;102.0;161;0.0;0.205;True;True;
EXTREMO;355030890000570;São Paulo;3550308;;Sudeste;não;;50227.34;3108.9;16.2;20232.52;44.0;100;0.0;0.11;True;True;
EXTREMO;292740805060478;Salvador;2927408;Pituba;Nordeste;não;;26141.53;1637.87;16.0;8339.92;94.0;310;0.0;0.329;True;True;
EXTREMO;330455705291082;Rio de Janeiro;3304557;Barra da Tijuca;Sudeste;não;;43179.7;2702.45;16.0;16100.61;64.0;203;0.0;0.0443;True;True;
EXTREMO;292740805070345;Salvador;2927408;Horto Florestal;Nordeste;não;;25829.89;1637.87;15.8;8339.92;315.0;1013;;0.3129;True;True;
EXTREMO;355030835000220;São Paulo;3550308;;Sudeste;não;;49141.54;3108.9;15.8;20232.52;66.0;137;0.0;0.1095;True;True;
EXTREMO;150080005000676;Ananindeua;1500800;;Norte;não;;27854.05;1772.53;15.7;6318.54;129.0;339;;0.587;True;True;
EXTREMO;130260305130071;Manaus;1302603;Ponta Negra;Norte;não;;28824.65;1852.55;15.6;6265.62;147.0;460;0.0;0.25;True;True;
EXTREMO;355030832000275;São Paulo;3550308;;Sudeste;não;;47815.84;3108.9;15.4;20232.52;72.0;179;;0.1564;True;True;
EXTREMO;292740805090355;Salvador;2927408;Patamares;Nordeste;não;;24969.65;1637.87;15.2;8339.92;217.0;476;0.0247;0.2962;True;True;
EXTREMO;292740805060317;Salvador;2927408;Itaigara;Nordeste;não;;24778.74;1637.87;15.1;8339.92;49.0;144;0.0;0.2153;True;True;
EXTREMO;330455705090287;Rio de Janeiro;3304557;Glória;Sudeste;não;;40862.33;2702.45;15.1;16100.61;165.0;274;;0.2628;True;True;
EXTREMO;230440005200421;Fortaleza;2304400;Cambeba;Nordeste;não;;25482.18;1708.86;14.9;7273.3;201.0;451;;0.4102;True;True;
EXTREMO;310620005620422;Belo Horizonte;3106200;Belvedere;Sudeste;não;;45385.44;3060.31;14.8;17598.99;171.0;489;0.0;0.0961;True;True;
EXTREMO;230440005190066;Fortaleza;2304400;Cocó;Nordeste;não;;24872.49;1708.86;14.6;7273.3;278.0;759;0.0082;0.2964;True;True;
EXTREMO;355030845000388;São Paulo;3550308;;Sudeste;não;;45250.3;3108.9;14.6;20232.52;120.0;209;;0.0957;True;True;
EXTREMO;130260305130187;Manaus;1302603;Ponta Negra;Norte;não;;26778.35;1852.55;14.5;6265.62;64.0;209;;0.4402;True;True;
EXTREMO;292740805060347;Salvador;2927408;Imbuí;Nordeste;não;;23588.55;1637.87;14.4;8339.92;342.0;1044;;0.5718;True;True;
EXTREMO;355030802000120;São Paulo;3550308;;Sudeste;não;;44802.58;3108.9;14.4;20232.52;81.0;207;0.0;0.0725;True;True;
EXTREMO;261160605210338;Recife;2611606;Ilha do Retiro;Nordeste;não;;25428.74;1778.67;14.3;13138.88;263.0;788;;0.1891;True;True;
EXTREMO;355030835000292;São Paulo;3550308;;Sudeste;não;;43930.3;3108.9;14.1;20232.52;159.0;374;;0.1016;True;True;
EXTREMO;292740805070326;Salvador;2927408;Horto Florestal;Nordeste;não;;22399.56;1637.87;13.7;8339.92;104.0;290;0.0;0.2724;True;True;
EXTREMO;292740805220527;Salvador;2927408;Resgate;Nordeste;não;;22377.49;1637.87;13.7;8339.92;186.0;499;0.0067;0.7515;True;True;
EXTREMO;355030885000171;São Paulo;3550308;;Sudeste;não;;42725.41;3108.9;13.7;20232.52;209.0;444;;0.0203;True;True;
EXTREMO;230440005150092;Fortaleza;2304400;Meireles;Nordeste;não;;23231.53;1708.86;13.6;7273.3;200.0;545;;0.3303;True;True;
EXTREMO;261160605230409;Recife;2611606;Boa Viagem;Nordeste;não;;24206.84;1778.67;13.6;13138.88;114.0;274;0.0159;0.2555;True;True;
EXTREMO;355030862000192;São Paulo;3550308;;Sudeste;não;;42222.32;3108.9;13.6;20232.52;130.0;200;0.0;0.065;True;True;
EXTREMO;292740805090196;Salvador;2927408;Patamares;Nordeste;não;;22184.41;1637.87;13.5;8339.92;125.0;462;;0.303;True;True;
EXTREMO;292740805270368;Salvador;2927408;Vitória;Nordeste;não;;22126.2;1637.87;13.5;8339.92;206.0;493;0.0199;0.3489;True;True;
EXTREMO;330455705291282;Rio de Janeiro;3304557;Barra da Tijuca;Sudeste;não;;36529.82;2702.45;13.5;16100.61;172.0;576;;0.0417;True;True;
EXTREMO;355030806000073;São Paulo;3550308;;Sudeste;não;;42000.56;3108.9;13.5;20232.52;180.0;391;0.0;0.1125;True;True;
EXTREMO;355030851000151;São Paulo;3550308;;Sudeste;não;;42024.04;3108.9;13.5;20232.52;120.0;338;;0.142;True;True;
EXTREMO;292740805070269;Salvador;2927408;Horto Florestal;Nordeste;não;;21933.81;1637.87;13.4;8339.92;131.0;390;;0.259;True;True;
EXTREMO;292740805070273;Salvador;2927408;Horto Florestal;Nordeste;não;;22001.39;1637.87;13.4;8339.92;151.0;433;;0.2309;True;True;
EXTREMO;530010805360095;Brasília;5300108;;Centro-Oeste;não;;47190.48;3518.5;13.4;22934.66;42.0;139;0.0;0.2662;True;True;
EXTREMO;230440005150094;Fortaleza;2304400;Meireles;Nordeste;não;;22532.47;1708.86;13.2;7273.3;455.0;943;0.0069;0.21;True;True;
EXTREMO;292740805070324;Salvador;2927408;Horto Florestal;Nordeste;não;;21628.03;1637.87;13.2;8339.92;266.0;757;0.0;0.3303;True;True;
EXTREMO;230440005190029;Fortaleza;2304400;Cocó;Nordeste;não;;22387.95;1708.86;13.1;7273.3;60.0;190;0.0;0.3211;True;True;
EXTREMO;261160605230744;Recife;2611606;Imbiribeira;Nordeste;não;;23280.25;1778.67;13.1;13138.88;166.0;625;0.0066;0.3056;True;True;
EXTREMO;292740805230238;Salvador;2927408;Mussurunga;Nordeste;não;;21384.1;1637.87;13.1;8339.92;382.0;1345;0.0097;0.5234;True;True;
EXTREMO;130260305110336;Manaus;1302603;Adrianópolis;Norte;não;;24120.14;1852.55;13.0;6265.62;165.0;462;0.0;0.2922;True;True;
EXTREMO;261160605200669;Recife;2611606;Monteiro;Nordeste;não;;22881.71;1778.67;12.9;13138.88;266.0;869;0.0213;0.2716;True;True;
EXTREMO;292740805090268;Salvador;2927408;Pituaçu;Nordeste;não;;21160.27;1637.87;12.9;8339.92;406.0;1196;0.0033;0.5334;True;True;
EXTREMO;330455705291044;Rio de Janeiro;3304557;Vargem Pequena;Sudeste;não;;34991.46;2702.45;12.9;16100.61;72.0;195;0.0;0.2564;True;True;
EXTREMO;355030815000071;São Paulo;3550308;;Sudeste;não;;40136.19;3108.9;12.9;20232.52;105.0;216;;0.162;True;True;
EXTREMO;355030832000165;São Paulo;3550308;;Sudeste;não;;40230.74;3108.9;12.9;20232.52;102.0;378;;0.0476;True;True;
EXTREMO;355030838000362;São Paulo;3550308;;Sudeste;não;;40258.36;3108.9;12.9;20232.52;86.0;211;;0.2085;True;True;
EXTREMO;355030815000258;São Paulo;3550308;;Sudeste;não;;39652.59;3108.9;12.8;20232.52;107.0;336;0.0;0.0536;True;True;
EXTREMO;355030815000288;São Paulo;3550308;;Sudeste;não;;39691.29;3108.9;12.8;20232.52;109.0;261;0.0213;0.2031;True;True;
EXTREMO;355030871000113;São Paulo;3550308;;Sudeste;não;;39839.35;3108.9;12.8;20232.52;158.0;501;;0.0998;True;True;
EXTREMO;355030877000232;São Paulo;3550308;;Sudeste;não;;39689.33;3108.9;12.8;20232.52;129.0;277;0.0;0.1552;True;True;
EXTREMO;261160605230534;Recife;2611606;Boa Viagem;Nordeste;não;;22589.68;1778.67;12.7;13138.88;248.0;696;;0.1767;True;True;
EXTREMO;355030835000450;São Paulo;3550308;;Sudeste;não;;39611.2;3108.9;12.7;20232.52;95.0;278;0.0;0.036;True;True;
EXTREMO;261160605180131;Recife;2611606;Santo Amaro;Nordeste;não;;22352.5;1778.67;12.6;13138.88;152.0;514;0.0;0.2218;True;True;
EXTREMO;330455705291281;Rio de Janeiro;3304557;Barra da Tijuca;Sudeste;não;;34176.82;2702.45;12.6;16100.61;137.0;477;;0.1216;True;True;
EXTREMO;355030854000102;São Paulo;3550308;;Sudeste;não;;39025.42;3108.9;12.6;20232.52;115.0;285;;0.0;True;True;
EXTREMO;130260305130070;Manaus;1302603;Ponta Negra;Norte;não;;23073.74;1852.55;12.5;6265.62;107.0;214;0.0;0.6308;True;True;
EXTREMO;292740805060319;Salvador;2927408;Itaigara;Nordeste;não;;20458.41;1637.87;12.5;8339.92;100.0;306;;0.2712;True;True;
EXTREMO;431490205002838;Porto Alegre;4314902;Auxiliadora;Sul;não;;49759.69;3986.89;12.5;20311.57;178.0;438;0.0;0.0068;True;True;
EXTREMO;292740805060100;Salvador;2927408;Caminho das Árvores;Nordeste;não;;20295.71;1637.87;12.4;8339.92;349.0;876;0.004;0.3562;True;True;
EXTREMO;292740805090198;Salvador;2927408;Patamares;Nordeste;não;;20350.05;1637.87;12.4;8339.92;94.0;347;;0.3718;True;True;
EXTREMO;240810205070222;Natal;2408102;Ponta Negra;Nordeste;não;;25118.5;2035.34;12.3;11639.32;346.0;1000;0.0037;0.316;True;True;
EXTREMO;292740805270200;Salvador;2927408;Vitória;Nordeste;não;;20117.01;1637.87;12.3;8339.92;181.0;431;0.0077;0.2831;True;True;
EXTREMO;351880005001474;Guarulhos;3518800;Vila Galvão;Sudeste;não;;28972.4;2361.56;12.3;9209.94;88.0;267;;0.1049;True;True;
EXTREMO;355030826000235;São Paulo;3550308;;Sudeste;não;;38103.22;3108.9;12.3;20232.52;165.0;321;;0.1059;True;True;
EXTREMO;355030883000416;São Paulo;3550308;;Sudeste;não;;38322.45;3108.9;12.3;20232.52;109.0;299;;0.0569;True;True;
EXTREMO;292740805270238;Salvador;2927408;Ondina;Nordeste;não;;19927.76;1637.87;12.2;8339.92;103.0;269;0.0;0.223;True;True;
EXTREMO;330455705291272;Rio de Janeiro;3304557;Barra da Tijuca;Sudeste;não;;32995.63;2702.45;12.2;16100.61;44.0;118;0.0;0.0424;True;True;
EXTREMO;330455705291285;Rio de Janeiro;3304557;Barra da Tijuca;Sudeste;não;;32976.28;2702.45;12.2;16100.61;81.0;254;0.0;0.1496;True;True;
EXTREMO;230440005150154;Fortaleza;2304400;Mucuripe;Nordeste;não;;20698.11;1708.86;12.1;7273.3;286.0;724;0.0078;0.2541;True;True;
EXTREMO;230440005190079;Fortaleza;2304400;Cocó;Nordeste;não;;20661.94;1708.86;12.1;7273.3;199.0;534;;0.2865;True;True;
EXTREMO;261160605180057;Recife;2611606;São José;Nordeste;não;;21452.21;1778.67;12.1;13138.88;139.0;467;0.016;0.2912;True;True;
EXTREMO;292740805270351;Salvador;2927408;Federação;Nordeste;não;;19810.53;1637.87;12.1;8339.92;20.0;66;;0.3788;True;True;
EXTREMO;292740805070341;Salvador;2927408;Horto Florestal;Nordeste;não;;19592.56;1637.87;12.0;8339.92;255.0;700;0.0075;0.35;True;True;
EXTREMO;261160605230513;Recife;2611606;Boa Viagem;Nordeste;não;;21213.39;1778.67;11.9;13138.88;205.0;501;;0.2176;True;True;
EXTREMO;355030806000111;São Paulo;3550308;;Sudeste;não;;36955.67;3108.9;11.9;20232.52;98.0;352;0.0;0.0852;True;True;
EXTREMO;355030835000431;São Paulo;3550308;;Sudeste;não;;36884.35;3108.9;11.9;20232.52;64.0;184;0.0;0.0707;True;True;
EXTREMO;355030880000228;São Paulo;3550308;;Sudeste;não;;36863.83;3108.9;11.9;20232.52;105.0;328;;0.122;True;True;
EXTREMO;270430205060186;Maceió;2704302;Jatiúca;Nordeste;não;;20246.43;1721.69;11.8;8099.28;196.0;545;0.0065;0.2202;True;True;
EXTREMO;520870705130073;Goiânia;5208707;;Centro-Oeste;não;;36691.5;3112.75;11.8;13875.71;343.0;839;;0.2467;True;True;
EXTREMO;150140250000126;Belém;1501402;Mangueirão;Norte;não;;21160.24;1802.79;11.7;8315.28;195.0;742;;0.4474;True;True;
EXTREMO;292740805070342;Salvador;2927408;Horto Florestal;Nordeste;não;;19233.42;1637.87;11.7;8339.92;45.0;119;0.0;0.2689;True;True;
EXTREMO;355030894000225;São Paulo;3550308;;Sudeste;não;;36298.9;3108.9;11.7;20232.52;102.0;279;;0.1649;True;True;
EXTREMO;261160605230149;Recife;2611606;Boa Viagem;Nordeste;não;;20671.61;1778.67;11.6;13138.88;157.0;422;0.0082;0.2156;True;True;
EXTREMO;292740805220794;Salvador;2927408;Saboeiro;Nordeste;não;;19060.99;1637.87;11.6;8339.92;310.0;846;0.0095;0.8014;True;True;
EXTREMO;355030832000065;São Paulo;3550308;;Sudeste;não;;36118.53;3108.9;11.6;20232.52;83.0;205;0.0;0.0634;True;True;
EXTREMO;355030854000101;São Paulo;3550308;;Sudeste;não;;36209.01;3108.9;11.6;20232.52;108.0;266;0.0;0.0489;True;True;
EXTREMO;355030854000134;São Paulo;3550308;;Sudeste;não;;36138.63;3108.9;11.6;20232.52;135.0;363;0.0;0.0799;True;True;
EXTREMO;500270405070145;Campo Grande;5002704;Carandá;Centro-Oeste;não;;31837.21;2744.05;11.6;10591.42;129.0;369;0.0;0.0678;True;True;
EXTREMO;211130005001267;São Luís;2111300;;Nordeste;não;;20088.89;1745.24;11.5;8425.68;36.0;127;0.0;0.3307;True;True;
EXTREMO;211130005001650;São Luís;2111300;;Nordeste;não;;20059.72;1745.24;11.5;8425.68;197.0;534;0.0;0.3483;True;True;
EXTREMO;292740805060377;Salvador;2927408;Pituba;Nordeste;não;;18788.0;1637.87;11.5;8339.92;274.0;744;;0.379;True;True;
EXTREMO;292740805090253;Salvador;2927408;Patamares;Nordeste;não;;18591.8;1637.87;11.4;8339.92;339.0;1174;;0.431;True;True;
EXTREMO;292740805270324;Salvador;2927408;Barra;Nordeste;não;;18708.89;1637.87;11.4;8339.92;112.0;277;;0.2419;True;True;
EXTREMO;130260305130076;Manaus;1302603;Ponta Negra;Norte;não;;20955.92;1852.55;11.3;6265.62;53.0;191;0.0175;0.356;True;True;
EXTREMO;211130005001133;São Luís;2111300;;Nordeste;não;;19666.78;1745.24;11.3;8425.68;79.0;211;;0.4171;True;True;
EXTREMO;211130005001568;São Luís;2111300;;Nordeste;não;;19685.66;1745.24;11.3;8425.68;251.0;686;0.0122;0.3513;True;True;
EXTREMO;261160605210051;Recife;2611606;Torre;Nordeste;não;;20087.35;1778.67;11.3;13138.88;189.0;585;0.0105;0.2359;True;True;
EXTREMO;261160605210475;Recife;2611606;Madalena;Nordeste;não;;20093.61;1778.67;11.3;13138.88;174.0;506;0.0;0.332;True;True;
EXTREMO;261160605230505;Recife;2611606;Boa Viagem;Nordeste;não;;20173.75;1778.67;11.3;13138.88;239.0;573;0.0;0.1414;True;True;
EXTREMO;261160605230631;Recife;2611606;Boa Viagem;Nordeste;não;;20157.61;1778.67;11.3;13138.88;169.0;418;;0.1818;True;True;
EXTREMO;292740805090265;Salvador;2927408;Pituaçu;Nordeste;não;;18544.47;1637.87;11.3;8339.92;439.0;1366;;0.4839;True;True;
EXTREMO;330170205000174;Duque de Caxias;3301702;Bar dos Cavalheiros;Sudeste;não;;20733.54;1832.16;11.3;4394.04;53.0;119;;0.5882;True;True;
EXTREMO;355030832000031;São Paulo;3550308;;Sudeste;não;;35019.01;3108.9;11.3;20232.52;183.0;432;;0.0856;True;True;
EXTREMO;431490205002258;Porto Alegre;4314902;Rio Branco;Sul;não;;44895.68;3986.89;11.3;20311.57;200.0;450;0.0;0.0289;True;True;
EXTREMO;292740805070323;Salvador;2927408;Horto Florestal;Nordeste;não;;18374.22;1637.87;11.2;8339.92;109.0;301;;0.3522;True;True;
EXTREMO;292740805220683;Salvador;2927408;Cabula;Nordeste;não;;18419.25;1637.87;11.2;8339.92;284.0;740;;0.7446;True;True;
EXTREMO;292740805270267;Salvador;2927408;Ondina;Nordeste;não;;18410.28;1637.87;11.2;8339.92;232.0;543;;0.3149;True;True;
EXTREMO;330455705090191;Rio de Janeiro;3304557;Flamengo;Sudeste;não;;30343.1;2702.45;11.2;16100.61;50.0;152;0.0;0.1184;True;True;
EXTREMO;330455705110312;Rio de Janeiro;3304557;São Conrado;Sudeste;não;;30196.61;2702.45;11.2;16100.61;215.0;571;;0.056;True;True;
EXTREMO;355030883000187;São Paulo;3550308;;Sudeste;não;;34796.51;3108.9;11.2;20232.52;101.0;279;;0.0573;True;True;
EXTREMO;355030883000274;São Paulo;3550308;;Sudeste;não;;34812.5;3108.9;11.2;20232.52;130.0;399;0.0;0.0902;True;True;
EXTREMO;530010805160234;Brasília;5300108;;Centro-Oeste;não;;39304.77;3518.5;11.2;22934.66;290.0;881;0.0048;0.3144;True;True;
EXTREMO;130260305110180;Manaus;1302603;Adrianópolis;Norte;não;;20636.66;1852.55;11.1;6265.62;188.0;527;;0.3624;True;True;
EXTREMO;230440005190221;Fortaleza;2304400;Guararapes;Nordeste;não;;18944.93;1708.86;11.1;7273.3;153.0;488;;0.4057;True;True;
EXTREMO;240810205080190;Natal;2408102;Areia Preta;Nordeste;não;;22560.78;2035.34;11.1;11639.32;247.0;761;0.0065;0.1971;True;True;
EXTREMO;261160605200324;Recife;2611606;Casa Forte;Nordeste;não;;19725.64;1778.67;11.1;13138.88;274.0;791;0.0;0.1997;True;True;
EXTREMO;270430205060183;Maceió;2704302;Jatiúca;Nordeste;não;;19179.47;1721.69;11.1;8099.28;239.0;730;0.0066;0.2685;True;True;
EXTREMO;330455705110128;Rio de Janeiro;3304557;Ipanema;Sudeste;não;;30127.5;2702.45;11.1;16100.61;181.0;453;;0.0993;True;True;
EXTREMO;330455705250242;Rio de Janeiro;3304557;Portuguesa;Sudeste;não;;29873.41;2702.45;11.1;16100.61;206.0;485;;0.5258;True;True;
EXTREMO;355030883000260;São Paulo;3550308;;Sudeste;não;;34358.72;3108.9;11.1;20232.52;146.0;491;;0.0428;True;True;
EXTREMO;355030883000331;São Paulo;3550308;;Sudeste;não;;34652.59;3108.9;11.1;20232.52;98.0;303;0.0;0.0891;True;True;
EXTREMO;211130005001648;São Luís;2111300;;Nordeste;não;;19112.97;1745.24;11.0;8425.68;233.0;680;0.0056;0.35;True;True;
EXTREMO;292740805090213;Salvador;2927408;Piatã;Nordeste;não;;17998.99;1637.87;11.0;8339.92;364.0;1178;0.0072;0.4117;True;True;
EXTREMO;330455705110310;Rio de Janeiro;3304557;São Conrado;Sudeste;não;;29604.05;2702.45;11.0;16100.61;266.0;648;;0.0664;True;True;
EXTREMO;355030835000271;São Paulo;3550308;;Sudeste;não;;34194.22;3108.9;11.0;20232.52;121.0;274;;0.0365;True;True;
EXTREMO;355030883000183;São Paulo;3550308;;Sudeste;não;;34125.23;3108.9;11.0;20232.52;100.0;289;0.0;0.0623;True;True;
EXTREMO;530010805360249;Brasília;5300108;;Centro-Oeste;não;;38864.01;3518.5;11.0;22934.66;182.0;269;;0.4535;True;True;
EXTREMO;130260305110042;Manaus;1302603;Aleixo;Norte;não;;20105.79;1852.55;10.9;6265.62;234.0;820;0.0042;0.3671;True;True;
EXTREMO;211130005001132;São Luís;2111300;;Nordeste;não;;18968.25;1745.24;10.9;8425.68;205.0;596;;0.354;True;True;
EXTREMO;230440005150155;Fortaleza;2304400;Mucuripe;Nordeste;não;;18557.63;1708.86;10.9;7273.3;220.0;562;0.0;0.3434;True;True;
EXTREMO;261160605180136;Recife;2611606;Santo Amaro;Nordeste;não;;19385.27;1778.67;10.9;13138.88;165.0;492;0.0;0.2744;True;True;
EXTREMO;261160605200634;Recife;2611606;Parnamirim;Nordeste;não;;19335.02;1778.67;10.9;13138.88;116.0;341;0.0103;0.2199;True;True;
EXTREMO;292740805070325;Salvador;2927408;Horto Florestal;Nordeste;não;;17909.67;1637.87;10.9;8339.92;308.0;854;;0.3384;True;True;
EXTREMO;292740805070421;Salvador;2927408;Brotas;Nordeste;não;;17825.58;1637.87;10.9;8339.92;101.0;273;0.0127;0.5092;True;True;
EXTREMO;330455705290103;Rio de Janeiro;3304557;Barra da Tijuca;Sudeste;não;;29497.56;2702.45;10.9;16100.61;198.0;341;;0.0645;True;True;
EXTREMO;355030835000375;São Paulo;3550308;;Sudeste;não;;33901.64;3108.9;10.9;20232.52;107.0;338;0.0;0.0799;True;True;
EXTREMO;355030835000403;São Paulo;3550308;;Sudeste;não;;33907.62;3108.9;10.9;20232.52;174.0;319;0.0;0.1442;True;True;
EXTREMO;261160605200418;Recife;2611606;Monteiro;Nordeste;não;;19272.41;1778.67;10.8;13138.88;227.0;752;0.0074;0.2513;True;True;
EXTREMO;291080005060167;Feira de Santana;2910800;Papagaio;Nordeste;não;;18908.2;1753.99;10.8;6770.95;61.0;220;0.0;0.5318;True;True;
EXTREMO;292740805070212;Salvador;2927408;Candeal;Nordeste;não;;17684.67;1637.87;10.8;8339.92;228.0;637;0.0;0.2967;True;True;
EXTREMO;355030854000103;São Paulo;3550308;;Sudeste;não;;33625.12;3108.9;10.8;20232.52;62.0;202;;0.0248;True;True;
EXTREMO;355030860000153;São Paulo;3550308;;Sudeste;não;;33606.53;3108.9;10.8;20232.52;116.0;294;0.0;0.1293;True;True;
EXTREMO;355030862000253;São Paulo;3550308;;Sudeste;não;;33700.93;3108.9;10.8;20232.52;122.0;433;0.0;0.0139;True;True;
EXTREMO;292740805070346;Salvador;2927408;Horto Florestal;Nordeste;não;;17525.45;1637.87;10.7;8339.92;194.0;494;;0.2672;True;True;
EXTREMO;292740805090339;Salvador;2927408;Patamares;Nordeste;não;;17565.11;1637.87;10.7;8339.92;291.0;930;;0.472;True;True;
EXTREMO;292740805270239;Salvador;2927408;Ondina;Nordeste;não;;17521.19;1637.87;10.7;8339.92;119.0;306;0.0;0.3922;True;True;
EXTREMO;355030832000412;São Paulo;3550308;;Sudeste;não;;33233.54;3108.9;10.7;20232.52;156.0;428;;0.0584;True;True;
EXTREMO;355030835000449;São Paulo;3550308;;Sudeste;não;;33364.71;3108.9;10.7;20232.52;200.0;336;;0.0595;True;True;
EXTREMO;230440005190065;Fortaleza;2304400;Cocó;Nordeste;não;;18094.43;1708.86;10.6;7273.3;438.0;1194;0.0039;0.3124;True;True;
EXTREMO;261160605200119;Recife;2611606;Jaqueira;Nordeste;não;;18765.3;1778.67;10.6;13138.88;179.0;522;;0.2107;True;True;
EXTREMO;261160605230403;Recife;2611606;Boa Viagem;Nordeste;não;;18779.97;1778.67;10.6;13138.88;251.0;665;;0.191;True;True;
EXTREMO;261160605230495;Recife;2611606;Boa Viagem;Nordeste;não;;18910.55;1778.67;10.6;13138.88;302.0;922;0.0052;0.1855;True;True;
EXTREMO;292740805070286;Salvador;2927408;Candeal;Nordeste;não;;17321.58;1637.87;10.6;8339.92;117.0;319;0.0;0.2759;True;True;
EXTREMO;292740805270177;Salvador;2927408;Centro;Nordeste;não;;17374.34;1637.87;10.6;8339.92;227.0;522;;0.3697;True;True;
EXTREMO;330455705291273;Rio de Janeiro;3304557;Barra da Tijuca;Sudeste;não;;28724.57;2702.45;10.6;16100.61;86.0;246;0.0;0.0976;True;True;
EXTREMO;355030860000468;São Paulo;3550308;;Sudeste;não;;32816.01;3108.9;10.6;20232.52;76.0;232;;0.0302;True;True;
EXTREMO;355030871000189;São Paulo;3550308;;Sudeste;não;;33056.51;3108.9;10.6;20232.52;136.0;286;;0.1958;True;True;
EXTREMO;355030871000198;São Paulo;3550308;;Sudeste;não;;33083.83;3108.9;10.6;20232.52;114.0;367;0.0;0.079;True;True;
EXTREMO;355030883000164;São Paulo;3550308;;Sudeste;não;;32901.46;3108.9;10.6;20232.52;145.0;433;0.0;0.037;True;True;
EXTREMO;150140205000205;Belém;1501402;Marco;Norte;não;;19018.01;1802.79;10.5;8315.28;233.0;726;;0.5523;True;True;
EXTREMO;211130005000816;São Luís;2111300;;Nordeste;não;;18363.8;1745.24;10.5;8425.68;230.0;705;;0.4567;True;True;
EXTREMO;230440005150244;Fortaleza;2304400;Meireles;Nordeste;não;;17875.0;1708.86;10.5;7273.3;271.0;613;0.0282;0.2284;True;True;
EXTREMO;261160605200153;Recife;2611606;Parnamirim;Nordeste;não;;18679.45;1778.67;10.5;13138.88;195.0;485;0.0;0.2103;True;True;
EXTREMO;261160605200417;Recife;2611606;Monteiro;Nordeste;não;;18717.51;1778.67;10.5;13138.88;259.0;790;0.0092;0.2076;True;True;
EXTREMO;261160605230523;Recife;2611606;Pina;Nordeste;não;;18684.91;1778.67;10.5;13138.88;203.0;548;0.0067;0.1989;True;True;
EXTREMO;261160605230542;Recife;2611606;Boa Viagem;Nordeste;não;;18642.4;1778.67;10.5;13138.88;336.0;894;;0.236;True;True;
EXTREMO;330455705090128;Rio de Janeiro;3304557;Botafogo;Sudeste;não;;28252.08;2702.45;10.5;16100.61;116.0;399;;0.1378;True;True;
EXTREMO;330455705090387;Rio de Janeiro;3304557;Laranjeiras;Sudeste;não;;28430.49;2702.45;10.5;16100.61;183.0;491;;0.0611;True;True;
EXTREMO;330455705211323;Rio de Janeiro;3304557;Freguesia (Jacarepaguá);Sudeste;não;;28327.78;2702.45;10.5;16100.61;178.0;489;0.0076;0.2168;True;True;
EXTREMO;355030838000689;São Paulo;3550308;;Sudeste;não;;32732.4;3108.9;10.5;20232.52;140.0;352;;0.108;True;True;
EXTREMO;355030845000434;São Paulo;3550308;;Sudeste;não;;32557.44;3108.9;10.5;20232.52;93.0;185;;0.027;True;True;
EXTREMO;130260305110289;Manaus;1302603;Aleixo;Norte;não;;19278.38;1852.55;10.4;6265.62;322.0;980;0.0039;0.4582;True;True;
EXTREMO;221100105070259;Teresina;2211001;Santa Isabel;Nordeste;não;;19864.29;1913.0;10.4;8229.75;28.0;86;0.0;0.4419;True;True;
EXTREMO;230440005170252;Fortaleza;2304400;Jardim América;Nordeste;não;;17752.99;1708.86;10.4;7273.3;267.0;694;0.0247;0.549;True;True;
EXTREMO;261160605230648;Recife;2611606;Boa Viagem;Nordeste;não;;18412.43;1778.67;10.4;13138.88;136.0;520;;0.1635;True;True;
EXTREMO;261160605230743;Recife;2611606;Imbiribeira;Nordeste;não;;18505.19;1778.67;10.4;13138.88;159.0;566;;0.318;True;True;
EXTREMO;355030883000186;São Paulo;3550308;;Sudeste;não;;32260.1;3108.9;10.4;20232.52;99.0;325;0.0;0.0215;True;True;
EXTREMO;355030883000243;São Paulo;3550308;;Sudeste;não;;32376.41;3108.9;10.4;20232.52;98.0;321;;0.1464;True;True;
EXTREMO;355030890000362;São Paulo;3550308;;Sudeste;não;;32362.6;3108.9;10.4;20232.52;98.0;318;;0.0314;True;True;
EXTREMO;130260305110100;Manaus;1302603;Adrianópolis;Norte;não;;19094.23;1852.55;10.3;6265.62;291.0;752;;0.371;True;True;
EXTREMO;130260305110287;Manaus;1302603;Aleixo;Norte;não;;19157.82;1852.55;10.3;6265.62;317.0;939;;0.4302;True;True;
EXTREMO;130260305130078;Manaus;1302603;Ponta Negra;Norte;não;;19169.17;1852.55;10.3;6265.62;189.0;606;;0.4818;True;True;
EXTREMO;211130005001649;São Luís;2111300;;Nordeste;não;;17926.98;1745.24;10.3;8425.68;187.0;493;;0.3773;True;True;
EXTREMO;211130005001651;São Luís;2111300;;Nordeste;não;;18003.63;1745.24;10.3;8425.68;200.0;509;0.0;0.2868;True;True;
EXTREMO;221100105070306;Teresina;2211001;Jóquei;Nordeste;não;;19704.42;1913.0;10.3;8229.75;296.0;949;0.004;0.393;True;True;
EXTREMO;230440005190162;Fortaleza;2304400;Guararapes;Nordeste;não;;17606.78;1708.86;10.3;7273.3;602.0;1925;0.0027;0.3808;True;True;
EXTREMO;261160605200541;Recife;2611606;Parnamirim;Nordeste;não;;18333.79;1778.67;10.3;13138.88;224.0;631;0.0074;0.1981;True;True;
EXTREMO;261160605230628;Recife;2611606;Boa Viagem;Nordeste;não;;18316.57;1778.67;10.3;13138.88;232.0;595;;0.2034;True;True;
EXTREMO;355030816000110;São Paulo;3550308;;Sudeste;não;;31988.46;3108.9;10.3;20232.52;183.0;499;0.014;0.3026;True;True;
EXTREMO;355030835000280;São Paulo;3550308;;Sudeste;não;;31948.88;3108.9;10.3;20232.52;91.0;195;;0.0205;True;True;
EXTREMO;355030883000182;São Paulo;3550308;;Sudeste;não;;32097.56;3108.9;10.3;20232.52;123.0;357;0.0;0.0476;True;True;
EXTREMO;530010805080839;Brasília;5300108;;Centro-Oeste;não;;36128.98;3518.5;10.3;22934.66;249.0;649;;0.584;True;True;
EXTREMO;211130005000819;São Luís;2111300;;Nordeste;não;;17856.93;1745.24;10.2;8425.68;325.0;1028;;0.3288;True;True;
EXTREMO;221100105070305;Teresina;2211001;Jóquei;Nordeste;não;;19498.75;1913.0;10.2;8229.75;175.0;540;0.0116;0.3648;True;True;
EXTREMO;240810205070275;Natal;2408102;Ponta Negra;Nordeste;não;;20847.41;2035.34;10.2;11639.32;327.0;672;0.0;0.372;True;True;
EXTREMO;261160605230330;Recife;2611606;Boa Viagem;Nordeste;não;;18149.94;1778.67;10.2;13138.88;267.0;818;0.0056;0.2188;True;True;
EXTREMO;270430205130061;Maceió;2704302;Guaxuma;Nordeste;não;;17563.88;1721.69;10.2;8099.28;171.0;460;0.0;0.3739;True;True;
EXTREMO;292740805090334;Salvador;2927408;Patamares;Nordeste;não;;16663.23;1637.87;10.2;8339.92;228.0;675;0.0;0.5289;True;True;
EXTREMO;292740805270273;Salvador;2927408;Rio Vermelho;Nordeste;não;;16713.96;1637.87;10.2;8339.92;342.0;996;;0.3805;True;True;
EXTREMO;355030832000178;São Paulo;3550308;;Sudeste;não;;31687.73;3108.9;10.2;20232.52;95.0;330;0.0;0.0333;True;True;
EXTREMO;355030883000184;São Paulo;3550308;;Sudeste;não;;31688.39;3108.9;10.2;20232.52;101.0;285;0.0;0.0281;True;True;
EXTREMO;240810205080007;Natal;2408102;Cidade Alta;Nordeste;não;;20460.73;2035.34;10.1;11639.32;131.0;317;0.0407;0.4196;True;True;
EXTREMO;261160605200544;Recife;2611606;Poço;Nordeste;não;;18026.64;1778.67;10.1;13138.88;186.0;568;;0.2482;True;True;
EXTREMO;261160605230181;Recife;2611606;Boa Viagem;Nordeste;não;;17982.84;1778.67;10.1;13138.88;382.0;1091;0.0148;0.2026;True;True;
EXTREMO;292740805090195;Salvador;2927408;Piatã;Nordeste;não;;16481.49;1637.87;10.1;8339.92;168.0;509;;0.446;True;True;
EXTREMO;355030883000163;São Paulo;3550308;;Sudeste;não;;31514.77;3108.9;10.1;20232.52;88.0;259;0.0;0.0734;True;True;
EXTREMO;355030890000598;São Paulo;3550308;;Sudeste;não;;31496.72;3108.9;10.1;20232.52;61.0;181;0.0;0.0497;True;True;
EXTREMO;261160605190298;Recife;2611606;Encruzilhada;Nordeste;não;;17794.2;1778.67;10.0;13138.88;319.0;952;;0.2899;True;True;
EXTREMO;292740805060274;Salvador;2927408;Pituba;Nordeste;não;;16386.95;1637.87;10.0;8339.92;221.0;652;;0.3681;True;True;
EXTREMO;292740805060314;Salvador;2927408;Pituba;Nordeste;não;;16360.3;1637.87;10.0;8339.92;218.0;561;;0.3512;True;True;
EXTREMO;292740805090199;Salvador;2927408;Patamares;Nordeste;não;;16375.58;1637.87;10.0;8339.92;293.0;881;;0.4041;True;True;
EXTREMO;292740805090343;Salvador;2927408;Patamares;Nordeste;não;;16448.68;1637.87;10.0;8339.92;279.0;818;;0.4719;True;True;
EXTREMO;330455705090516;Rio de Janeiro;3304557;Laranjeiras;Sudeste;não;;27063.13;2702.45;10.0;16100.61;129.0;330;0.0;0.1606;True;True;
EXTREMO;330455705110159;Rio de Janeiro;3304557;Leblon;Sudeste;não;;27139.58;2702.45;10.0;16100.61;140.0;168;0.0;0.0357;True;True;
EXTREMO;330455705110216;Rio de Janeiro;3304557;Leblon;Sudeste;não;;26916.99;2702.45;10.0;16100.61;153.0;411;0.0;0.0949;True;True;
EXTREMO;330455705290099;Rio de Janeiro;3304557;Barra da Tijuca;Sudeste;não;;26931.61;2702.45;10.0;16100.61;155.0;397;0.0;0.1159;True;True;
EXTREMO;330455705291108;Rio de Janeiro;3304557;Barra da Tijuca;Sudeste;não;;26909.21;2702.45;10.0;16100.61;63.0;229;;0.0873;True;True;
EXTREMO;330490425000032;São Gonçalo;3304904;Neves II;Sudeste;não;;18509.95;1853.3;10.0;4772.51;105.0;270;0.0124;0.4741;True;True;
EXTREMO;355030854000131;São Paulo;3550308;;Sudeste;não;;31177.78;3108.9;10.0;20232.52;71.0;162;;0.0494;True;True;
EXTREMO;355030883000188;São Paulo;3550308;;Sudeste;não;;31162.0;3108.9;10.0;20232.52;100.0;299;0.0;0.0268;True;True;
EXTREMO;230440005190067;Fortaleza;2304400;Cocó;Nordeste;não;;16967.14;1708.86;9.9;7273.3;254.0;702;0.0047;0.3319;True;True;
EXTREMO;261160605230635;Recife;2611606;Boa Viagem;Nordeste;não;;17523.71;1778.67;9.9;13138.88;146.0;354;;0.2345;True;True;
EXTREMO;292740805270026;Salvador;2927408;Ondina;Nordeste;não;;16197.62;1637.87;9.9;8339.92;298.0;655;0.0;0.3023;True;True;
EXTREMO;292740805270079;Salvador;2927408;Graça;Nordeste;não;;16231.37;1637.87;9.9;8339.92;200.0;497;0.0;0.2716;True;True;
EXTREMO;330455705110307;Rio de Janeiro;3304557;São Conrado;Sudeste;não;;26834.8;2702.45;9.9;16100.61;284.0;726;0.0;0.0496;True;True;
EXTREMO;355030812000149;São Paulo;3550308;;Sudeste;não;;30769.03;3108.9;9.9;20232.52;113.0;289;0.0;0.1384;True;True;
EXTREMO;355030815000215;São Paulo;3550308;;Sudeste;não;;30894.82;3108.9;9.9;20232.52;117.0;313;;0.0735;True;True;
EXTREMO;130260305110190;Manaus;1302603;Adrianópolis;Norte;não;;18242.43;1852.55;9.8;6265.62;248.0;609;;0.3186;True;True;
EXTREMO;211130005001944;São Luís;2111300;;Nordeste;não;;17074.58;1745.24;9.8;8425.68;283.0;732;0.0048;0.3046;True;True;
EXTREMO;221100105060171;Teresina;2211001;Ilhotas;Nordeste;não;;18770.35;1913.0;9.8;8229.75;81.0;252;;0.3016;True;True;
EXTREMO;230440005150097;Fortaleza;2304400;Meireles;Nordeste;não;;16821.9;1708.86;9.8;7273.3;258.0;699;0.008;0.2504;True;True;
EXTREMO;261160605230150;Recife;2611606;Boa Viagem;Nordeste;não;;17371.1;1778.67;9.8;13138.88;313.0;773;0.0056;0.1992;True;True;
EXTREMO;292740805060219;Salvador;2927408;Itaigara;Nordeste;não;;16018.0;1637.87;9.8;8339.92;219.0;611;0.0;0.3191;True;True;
EXTREMO;292740805070340;Salvador;2927408;Rio Vermelho;Nordeste;não;;16129.17;1637.87;9.8;8339.92;24.0;40;0.0;0.35;True;True;
EXTREMO;292740805090194;Salvador;2927408;Piatã;Nordeste;não;;16045.28;1637.87;9.8;8339.92;126.0;412;;0.4005;True;True;
EXTREMO;292740805090285;Salvador;2927408;Piatã;Nordeste;não;;16007.41;1637.87;9.8;8339.92;122.0;376;;0.4681;True;True;
EXTREMO;292740805270293;Salvador;2927408;Federação;Nordeste;não;;16053.29;1637.87;9.8;8339.92;259.0;629;0.0056;0.1192;True;True;
EXTREMO;292740805270330;Salvador;2927408;Canela;Nordeste;não;;16095.59;1637.87;9.8;8339.92;204.0;568;0.0;0.4102;True;True;
EXTREMO;355030815000177;São Paulo;3550308;;Sudeste;não;;30378.11;3108.9;9.8;20232.52;175.0;519;;0.0559;True;True;
EXTREMO;355030854000157;São Paulo;3550308;;Sudeste;não;;30590.3;3108.9;9.8;20232.52;177.0;529;;0.0416;True;True;
EXTREMO;355030890000287;São Paulo;3550308;;Sudeste;não;;30523.88;3108.9;9.8;20232.52;87.0;291;0.0;0.0378;True;True;
EXTREMO;130260305130067;Manaus;1302603;Ponta Negra;Norte;não;;18029.2;1852.55;9.7;6265.62;76.0;215;0.0;0.4372;True;True;
EXTREMO;150140205000069;Belém;1501402;Nazaré;Norte;não;;17403.41;1802.79;9.7;8315.28;252.0;632;;0.413;True;True;
EXTREMO;150140205000191;Belém;1501402;Nazaré;Norte;não;;17491.63;1802.79;9.7;8315.28;247.0;739;0.0047;0.406;True;True;
EXTREMO;150140250000019;Belém;1501402;Val-de-Cães;Norte;não;;17543.44;1802.79;9.7;8315.28;179.0;622;0.017;0.426;True;True;
EXTREMO;211130005000308;São Luís;2111300;;Nordeste;não;;16849.6;1745.24;9.7;8425.68;262.0;894;0.0042;0.3859;True;True;
EXTREMO;211130005001131;São Luís;2111300;;Nordeste;não;;16898.62;1745.24;9.7;8425.68;148.0;436;0.0086;0.344;True;True;
EXTREMO;211130005001652;São Luís;2111300;;Nordeste;não;;16892.47;1745.24;9.7;8425.68;59.0;169;0.0;0.2249;True;True;
EXTREMO;230440005190033;Fortaleza;2304400;Cocó;Nordeste;não;;16658.6;1708.86;9.7;7273.3;519.0;1452;0.0043;0.3134;True;True;
EXTREMO;230440005190196;Fortaleza;2304400;Guararapes;Nordeste;não;;16650.64;1708.86;9.7;7273.3;220.0;604;0.0083;0.3526;True;True;
EXTREMO;261160605200325;Recife;2611606;Casa Forte;Nordeste;não;;17222.77;1778.67;9.7;13138.88;201.0;560;0.0084;0.1929;True;True;
EXTREMO;261160605200387;Recife;2611606;Parnamirim;Nordeste;não;;17231.83;1778.67;9.7;13138.88;293.0;864;;0.1956;True;True;
EXTREMO;261160605230682;Recife;2611606;Boa Viagem;Nordeste;não;;17282.88;1778.67;9.7;13138.88;170.0;429;;0.2354;True;True;
EXTREMO;261160605230742;Recife;2611606;Imbiribeira;Nordeste;não;;17303.75;1778.67;9.7;13138.88;164.0;526;;0.327;True;True;
EXTREMO;292740805090348;Salvador;2927408;Patamares;Nordeste;não;;15932.89;1637.87;9.7;8339.92;291.0;858;;0.4336;True;True;
EXTREMO;330455705100122;Rio de Janeiro;3304557;Copacabana;Sudeste;não;;26105.03;2702.45;9.7;16100.61;70.0;143;0.0;0.0559;True;True;
EXTREMO;330455705290102;Rio de Janeiro;3304557;Barra da Tijuca;Sudeste;não;;26156.59;2702.45;9.7;16100.61;144.0;390;0.0;0.0564;True;True;
EXTREMO;330455705290371;Rio de Janeiro;3304557;Barra da Tijuca;Sudeste;não;;26112.0;2702.45;9.7;16100.61;101.0;293;;0.1092;True;True;
EXTREMO;355030806000112;São Paulo;3550308;;Sudeste;não;;30190.38;3108.9;9.7;20232.52;105.0;359;0.0;0.0557;True;True;
EXTREMO;355030835000497;São Paulo;3550308;;Sudeste;não;;30167.17;3108.9;9.7;20232.52;88.0;227;0.0;0.0573;True;True;
EXTREMO;355030845000225;São Paulo;3550308;;Sudeste;não;;30274.53;3108.9;9.7;20232.52;117.0;248;0.0;0.0968;True;True;
EXTREMO;355030890000284;São Paulo;3550308;;Sudeste;não;;30051.76;3108.9;9.7;20232.52;87.0;273;0.0;0.0696;True;True;
EXTREMO;410690205010483;Curitiba;4106902;Centro Cívico;Sul;não;;39925.88;4115.5;9.7;17999.52;127.0;169;0.0;0.1065;True;True;
EXTREMO;500270405000027;Campo Grande;5002704;;Centro-Oeste;não;;26663.41;2744.05;9.7;10591.42;43.0;126;0.0;0.1825;True;True;
EXTREMO;500270405120286;Campo Grande;5002704;Maria Aparecida Pedrossian;Centro-Oeste;não;;26681.71;2744.05;9.7;10591.42;165.0;522;0.0;0.1207;True;True;
EXTREMO;130260305110297;Manaus;1302603;Adrianópolis;Norte;não;;17802.41;1852.55;9.6;6265.62;279.0;849;0.0044;0.3852;True;True;
EXTREMO;130260305110375;Manaus;1302603;Flores;Norte;não;;17728.0;1852.55;9.6;6265.62;26.0;93;0.0;0.4839;True;True;
EXTREMO;270430205080068;Maceió;2704302;Jardim Petrópolis;Nordeste;não;;16593.33;1721.69;9.6;8099.28;226.0;832;0.0042;0.3161;True;True;
EXTREMO;292740805060318;Salvador;2927408;Itaigara;Nordeste;não;;15752.85;1637.87;9.6;8339.92;214.0;629;0.0;0.3259;True;True;
EXTREMO;292740805060378;Salvador;2927408;Pituba;Nordeste;não;;15650.55;1637.87;9.6;8339.92;225.0;629;0.0055;0.3863;True;True;
EXTREMO;310620005620528;Belo Horizonte;3106200;Belvedere;Sudeste;não;;29327.0;3060.31;9.6;17598.99;192.0;589;0.0;0.0883;True;True;
EXTREMO;330455705290749;Rio de Janeiro;3304557;Barra da Tijuca;Sudeste;não;;25987.44;2702.45;9.6;16100.61;43.0;135;0.0;0.0;True;True;
EXTREMO;330455705291260;Rio de Janeiro;3304557;Barra da Tijuca;Sudeste;não;;25826.72;2702.45;9.6;16100.61;75.0;226;0.0;0.0841;True;True;
EXTREMO;355030835000235;São Paulo;3550308;;Sudeste;não;;29817.44;3108.9;9.6;20232.52;164.0;376;0.0;0.0718;True;True;
EXTREMO;355030835000312;São Paulo;3550308;;Sudeste;não;;29855.3;3108.9;9.6;20232.52;151.0;372;;0.0511;True;True;
EXTREMO;355030841000122;São Paulo;3550308;;Sudeste;não;;29769.6;3108.9;9.6;20232.52;133.0;312;0.0;0.1731;True;True;
EXTREMO;355030849000201;São Paulo;3550308;;Sudeste;não;;29883.36;3108.9;9.6;20232.52;216.0;502;;0.0996;True;True;
EXTREMO;355030854000116;São Paulo;3550308;;Sudeste;não;;29794.08;3108.9;9.6;20232.52;118.0;352;0.0;0.1335;True;True;
EXTREMO;355030871000100;São Paulo;3550308;;Sudeste;não;;29968.29;3108.9;9.6;20232.52;176.0;546;;0.0934;True;True;
EXTREMO;355030883000185;São Paulo;3550308;;Sudeste;não;;29951.6;3108.9;9.6;20232.52;102.0;322;0.0;0.0311;True;True;
EXTREMO;355030883000189;São Paulo;3550308;;Sudeste;não;;29725.76;3108.9;9.6;20232.52;51.0;152;0.0;0.0526;True;True;
EXTREMO;355030890000346;São Paulo;3550308;;Sudeste;não;;29727.44;3108.9;9.6;20232.52;115.0;327;0.0;0.0795;True;True;
EXTREMO;500270405120287;Campo Grande;5002704;Maria Aparecida Pedrossian;Centro-Oeste;não;;26255.57;2744.05;9.6;10591.42;161.0;542;;0.1273;True;True;
EXTREMO;211130005001153;São Luís;2111300;;Nordeste;não;;16509.42;1745.24;9.5;8425.68;187.0;560;;0.4393;True;True;
EXTREMO;211130005001266;São Luís;2111300;;Nordeste;não;;16560.39;1745.24;9.5;8425.68;344.0;1116;0.0;0.379;True;True;
EXTREMO;221100105070297;Teresina;2211001;Fátima;Nordeste;não;;18185.73;1913.0;9.5;8229.75;262.0;730;;0.4178;True;True;
EXTREMO;230440005190219;Fortaleza;2304400;Engenheiro Luciano Cavalcante;Nordeste;não;;16151.64;1708.86;9.5;7273.3;45.0;132;;0.3258;True;True;
EXTREMO;261160605200160;Recife;2611606;Santana;Nordeste;não;;16840.3;1778.67;9.5;13138.88;239.0;599;0.0077;0.2104;True;True;
EXTREMO;261160605200323;Recife;2611606;Casa Forte;Nordeste;não;;16928.7;1778.67;9.5;13138.88;221.0;651;;0.2197;True;True;
EXTREMO;261160605200416;Recife;2611606;Poço;Nordeste;não;;16823.95;1778.67;9.5;13138.88;341.0;1040;;0.251;True;True;
EXTREMO;292740805060455;Salvador;2927408;Pituba;Nordeste;não;;15505.37;1637.87;9.5;8339.92;308.0;699;0.0;0.4492;True;True;
EXTREMO;292740805090216;Salvador;2927408;Patamares;Nordeste;não;;15561.69;1637.87;9.5;8339.92;77.0;256;;0.4727;True;True;
EXTREMO;292740805270304;Salvador;2927408;Graça;Nordeste;não;;15584.26;1637.87;9.5;8339.92;269.0;679;;0.3711;True;True;
EXTREMO;292740805270360;Salvador;2927408;Barra;Nordeste;não;;15633.61;1637.87;9.5;8339.92;194.0;542;0.0;0.3542;True;True;
EXTREMO;330455705291109;Rio de Janeiro;3304557;Barra da Tijuca;Sudeste;não;;25568.46;2702.45;9.5;16100.61;116.0;404;0.0;0.0817;True;True;
EXTREMO;354870805001461;São Bernardo do Campo;3548708;Centro;Sudeste;não;;32109.07;3371.95;9.5;14607.28;108.0;337;0.0118;0.1869;True;True;
EXTREMO;355030832000032;São Paulo;3550308;;Sudeste;não;;29596.44;3108.9;9.5;20232.52;203.0;528;0.0;0.1155;True;True;
EXTREMO;355030835000333;São Paulo;3550308;;Sudeste;não;;29596.87;3108.9;9.5;20232.52;124.0;375;;0.0267;True;True;
EXTREMO;355030835000339;São Paulo;3550308;;Sudeste;não;;29471.59;3108.9;9.5;20232.52;169.0;309;;0.1133;True;True;
EXTREMO;355030845000270;São Paulo;3550308;;Sudeste;não;;29408.7;3108.9;9.5;20232.52;94.0;230;;0.0478;True;True;
EXTREMO;150140205000159;Belém;1501402;Umarizal;Norte;não;;16903.25;1802.79;9.4;8315.28;111.0;338;;0.4586;True;True;
EXTREMO;221100105070187;Teresina;2211001;Fátima;Nordeste;não;;17988.9;1913.0;9.4;8229.75;344.0;992;0.0208;0.4133;True;True;
EXTREMO;221100105070276;Teresina;2211001;Fátima;Nordeste;não;;17962.77;1913.0;9.4;8229.75;219.0;652;;0.434;True;True;
EXTREMO;230440005150234;Fortaleza;2304400;Aldeota;Nordeste;não;;15997.81;1708.86;9.4;7273.3;184.0;548;;0.2974;True;True;
EXTREMO;230440005150242;Fortaleza;2304400;Meireles;Nordeste;não;;16057.58;1708.86;9.4;7273.3;323.0;888;;0.3232;True;True;
EXTREMO;261160605200135;Recife;2611606;Graças;Nordeste;não;;16676.53;1778.67;9.4;13138.88;269.0;733;0.0064;0.2551;True;True;
EXTREMO;261160605200495;Recife;2611606;Poço;Nordeste;não;;16748.69;1778.67;9.4;13138.88;206.0;489;;0.2638;True;True;
EXTREMO;261160605230516;Recife;2611606;Boa Viagem;Nordeste;não;;16785.6;1778.67;9.4;13138.88;118.0;378;;0.2011;True;True;
EXTREMO;270430205080070;Maceió;2704302;Jardim Petrópolis;Nordeste;não;;16247.99;1721.69;9.4;8099.28;281.0;971;0.0082;0.3151;True;True;
EXTREMO;292740805060101;Salvador;2927408;Caminho das Árvores;Nordeste;não;;15419.55;1637.87;9.4;8339.92;179.0;441;;0.4059;True;True;
EXTREMO;292740805060401;Salvador;2927408;Caminho das Árvores;Nordeste;não;;15380.47;1637.87;9.4;8339.92;202.0;532;;0.4004;True;True;
EXTREMO;292740805060419;Salvador;2927408;Pituba;Nordeste;não;;15335.05;1637.87;9.4;8339.92;233.0;608;;0.3931;True;True;
EXTREMO;292740805070258;Salvador;2927408;Candeal;Nordeste;não;;15335.41;1637.87;9.4;8339.92;310.0;819;0.0045;0.4212;True;True;
EXTREMO;292740805270302;Salvador;2927408;Graça;Nordeste;não;;15362.4;1637.87;9.4;8339.92;117.0;274;0.012;0.3613;True;True;
EXTREMO;330455705291221;Rio de Janeiro;3304557;Barra da Tijuca;Sudeste;não;;25444.94;2702.45;9.4;16100.61;51.0;157;0.0;0.172;True;True;
EXTREMO;355030806000113;São Paulo;3550308;;Sudeste;não;;29149.49;3108.9;9.4;20232.52;100.0;325;;0.0523;True;True;
EXTREMO;355030815000277;São Paulo;3550308;;Sudeste;não;;29301.21;3108.9;9.4;20232.52;93.0;282;0.0;0.0532;True;True;
EXTREMO;355030832000418;São Paulo;3550308;;Sudeste;não;;29266.82;3108.9;9.4;20232.52;147.0;364;0.0;0.0495;True;True;
EXTREMO;355030835000079;São Paulo;3550308;;Sudeste;não;;29192.11;3108.9;9.4;20232.52;213.0;387;;0.0698;True;True;
EXTREMO;355030835000438;São Paulo;3550308;;Sudeste;não;;29229.47;3108.9;9.4;20232.52;130.0;325;0.0;0.0462;True;True;
EXTREMO;130260305000069;Manaus;1302603;Lago Azul;Norte;não;;17180.66;1852.55;9.3;6265.62;204.0;588;;0.7568;True;True;
EXTREMO;150140205000245;Belém;1501402;Nazaré;Norte;não;;16722.35;1802.79;9.3;8315.28;161.0;529;;0.3478;True;True;
EXTREMO;230440005150096;Fortaleza;2304400;Meireles;Nordeste;não;;15933.74;1708.86;9.3;7273.3;313.0;733;0.0093;0.3929;True;True;
EXTREMO;230440005150098;Fortaleza;2304400;Meireles;Nordeste;não;;15839.26;1708.86;9.3;7273.3;332.0;965;0.0087;0.3399;True;True;
EXTREMO;261160605200293;Recife;2611606;Tamarineira;Nordeste;não;;16584.28;1778.67;9.3;13138.88;323.0;950;0.0036;0.2011;True;True;
EXTREMO;261160605230329;Recife;2611606;Boa Viagem;Nordeste;não;;16477.55;1778.67;9.3;13138.88;153.0;365;;0.1808;True;True;
EXTREMO;261160605230584;Recife;2611606;Imbiribeira;Nordeste;não;;16595.91;1778.67;9.3;13138.88;224.0;720;;0.3264;True;True;
EXTREMO;270430205060162;Maceió;2704302;Jatiúca;Nordeste;não;;15990.71;1721.69;9.3;8099.28;161.0;482;0.0;0.2801;True;True;
EXTREMO;270430205080069;Maceió;2704302;Jardim Petrópolis;Nordeste;não;;16032.27;1721.69;9.3;8099.28;271.0;881;0.0038;0.3031;True;True;
EXTREMO;292740805090340;Salvador;2927408;Patamares;Nordeste;não;;15246.4;1637.87;9.3;8339.92;321.0;889;0.0;0.5062;True;True;
EXTREMO;330455705291124;Rio de Janeiro;3304557;Barra da Tijuca;Sudeste;não;;25078.26;2702.45;9.3;16100.61;146.0;433;;0.1132;True;True;
EXTREMO;330455705291307;Rio de Janeiro;3304557;Barra da Tijuca;Sudeste;não;;25190.17;2702.45;9.3;16100.61;94.0;240;0.0;0.1542;True;True;
EXTREMO;355030802000121;São Paulo;3550308;;Sudeste;não;;28894.45;3108.9;9.3;20232.52;119.0;295;;0.0475;True;True;
EXTREMO;355030802000170;São Paulo;3550308;;Sudeste;não;;29030.16;3108.9;9.3;20232.52;95.0;290;0.0;0.0276;True;True;
EXTREMO;355030815000241;São Paulo;3550308;;Sudeste;não;;28787.11;3108.9;9.3;20232.52;100.0;295;0.0;0.0847;True;True;
EXTREMO;355030834000232;São Paulo;3550308;;Sudeste;não;;29011.03;3108.9;9.3;20232.52;106.0;358;0.0;0.0642;True;True;
EXTREMO;355030835000273;São Paulo;3550308;;Sudeste;não;;28794.67;3108.9;9.3;20232.52;151.0;317;0.0;0.0442;True;True;
EXTREMO;355030883000417;São Paulo;3550308;;Sudeste;não;;29036.36;3108.9;9.3;20232.52;100.0;267;;0.0225;True;True;
EXTREMO;520870705030021;Goiânia;5208707;;Centro-Oeste;não;;29100.92;3112.75;9.3;13875.71;161.0;476;0.0;0.2269;True;True;
EXTREMO;130260305110021;Manaus;1302603;Aleixo;Norte;não;;17003.58;1852.55;9.2;6265.62;112.0;398;0.0151;0.397;True;True;
EXTREMO;130260305110293;Manaus;1302603;Aleixo;Norte;não;;17075.84;1852.55;9.2;6265.62;322.0;876;0.0073;0.5411;True;True;
EXTREMO;230440005150095;Fortaleza;2304400;Meireles;Nordeste;não;;15804.01;1708.86;9.2;7273.3;382.0;751;;0.213;True;True;
EXTREMO;230440005150245;Fortaleza;2304400;Meireles;Nordeste;não;;15737.71;1708.86;9.2;7273.3;290.0;687;0.0111;0.2504;True;True;
EXTREMO;230440005150347;Fortaleza;2304400;Papicu;Nordeste;não;;15719.46;1708.86;9.2;7273.3;306.0;890;0.0057;0.4157;True;True;
EXTREMO;240810205080150;Natal;2408102;Barro Vermelho;Nordeste;não;;18719.3;2035.34;9.2;11639.32;266.0;725;0.0062;0.2979;True;True;
EXTREMO;292740805060247;Salvador;2927408;Caminho das Árvores;Nordeste;não;;15128.95;1637.87;9.2;8339.92;283.0;716;;0.3561;True;True;
EXTREMO;292740805060493;Salvador;2927408;Caminho das Árvores;Nordeste;não;;15078.47;1637.87;9.2;8339.92;330.0;968;0.005;0.3678;True;True;
EXTREMO;292740805090012;Salvador;2927408;Piatã;Nordeste;não;;15014.76;1637.87;9.2;8339.92;372.0;1041;0.0033;0.4669;True;True;
EXTREMO;292740805270207;Salvador;2927408;Ondina;Nordeste;não;;15021.24;1637.87;9.2;8339.92;178.0;249;;0.2892;True;True;
EXTREMO;330455705110170;Rio de Janeiro;3304557;Leblon;Sudeste;não;;24969.01;2702.45;9.2;16100.61;143.0;356;;0.1348;True;True;
EXTREMO;330455705110206;Rio de Janeiro;3304557;Leblon;Sudeste;não;;24806.25;2702.45;9.2;16100.61;164.0;422;0.0088;0.1043;True;True;
EXTREMO;355030815000182;São Paulo;3550308;;Sudeste;não;;28515.17;3108.9;9.2;20232.52;113.0;316;;0.0475;True;True;
EXTREMO;355030815000276;São Paulo;3550308;;Sudeste;não;;28724.72;3108.9;9.2;20232.52;96.0;276;;0.029;True;True;
EXTREMO;355030845000059;São Paulo;3550308;;Sudeste;não;;28502.4;3108.9;9.2;20232.52;93.0;203;;0.1626;True;True;
EXTREMO;355030845000269;São Paulo;3550308;;Sudeste;não;;28541.32;3108.9;9.2;20232.52;121.0;346;0.017;0.1098;True;True;
EXTREMO;130260305110210;Manaus;1302603;Flores;Norte;não;;16905.11;1852.55;9.1;6265.62;63.0;237;0.0;0.4093;True;True;
EXTREMO;230440005150498;Fortaleza;2304400;Dionísio Torres;Nordeste;não;;15513.22;1708.86;9.1;7273.3;241.0;737;0.0086;0.3501;True;True;
EXTREMO;260345405100044;Camaragibe;2603454;Aldeia dos Camarás;Nordeste;não;;14543.3;1595.08;9.1;4403.49;130.0;408;0.0208;0.3676;True;True;
EXTREMO;261160605200557;Recife;2611606;Tamarineira;Nordeste;não;;16230.67;1778.67;9.1;13138.88;174.0;543;0.0073;0.2339;True;True;
EXTREMO;261160605200670;Recife;2611606;Monteiro;Nordeste;não;;16181.85;1778.67;9.1;13138.88;141.0;369;;0.2764;True;True;
EXTREMO;261160605210369;Recife;2611606;Madalena;Nordeste;não;;16174.18;1778.67;9.1;13138.88;198.0;561;;0.2763;True;True;
EXTREMO;261160605230647;Recife;2611606;Boa Viagem;Nordeste;não;;16143.22;1778.67;9.1;13138.88;103.0;261;0.0129;0.2375;True;True;
EXTREMO;292740805060006;Salvador;2927408;Rio Vermelho;Nordeste;não;;14919.95;1637.87;9.1;8339.92;217.0;481;0.0092;0.4927;True;True;
EXTREMO;292740805270172;Salvador;2927408;Graça;Nordeste;não;;14964.48;1637.87;9.1;8339.92;144.0;359;0.0;0.2813;True;True;
EXTREMO;310620005620088;Belo Horizonte;3106200;Boa Viagem;Sudeste;não;;28000.11;3060.31;9.1;17598.99;151.0;292;0.0;0.2397;True;True;
EXTREMO;330455705110129;Rio de Janeiro;3304557;Ipanema;Sudeste;não;;24666.74;2702.45;9.1;16100.61;91.0;227;;0.1101;True;True;
EXTREMO;330455705211072;Rio de Janeiro;3304557;Jacarepaguá;Sudeste;não;;24587.93;2702.45;9.1;16100.61;202.0;660;;0.2364;True;True;
EXTREMO;330455705290100;Rio de Janeiro;3304557;Barra da Tijuca;Sudeste;não;;24471.42;2702.45;9.1;16100.61;228.0;639;;0.0626;True;True;
EXTREMO;330455705290603;Rio de Janeiro;3304557;Barra da Tijuca;Sudeste;não;;24546.1;2702.45;9.1;16100.61;218.0;705;;0.1816;True;True;
EXTREMO;330455705290748;Rio de Janeiro;3304557;Barra da Tijuca;Sudeste;não;;24596.89;2702.45;9.1;16100.61;235.0;675;0.0076;0.1333;True;True;
EXTREMO;330455705291220;Rio de Janeiro;3304557;Barra da Tijuca;Sudeste;não;;24694.43;2702.45;9.1;16100.61;93.0;308;0.0;0.2045;True;True;
EXTREMO;330455705291276;Rio de Janeiro;3304557;Barra da Tijuca;Sudeste;não;;24667.95;2702.45;9.1;16100.61;88.0;275;;0.0691;True;True;
EXTREMO;355030815000245;São Paulo;3550308;;Sudeste;não;;28223.41;3108.9;9.1;20232.52;77.0;243;;0.0535;True;True;
EXTREMO;355030832000411;São Paulo;3550308;;Sudeste;não;;28231.1;3108.9;9.1;20232.52;89.0;241;;0.083;True;True;
EXTREMO;355030854000145;São Paulo;3550308;;Sudeste;não;;28390.91;3108.9;9.1;20232.52;137.0;357;;0.0252;True;True;
EXTREMO;355030862000120;São Paulo;3550308;;Sudeste;não;;28439.28;3108.9;9.1;20232.52;148.0;381;;0.042;True;True;
EXTREMO;355030871000107;São Paulo;3550308;;Sudeste;não;;28266.39;3108.9;9.1;20232.52;245.0;762;;0.122;True;True;
EXTREMO;355030877000610;São Paulo;3550308;;Sudeste;não;;28344.92;3108.9;9.1;20232.52;111.0;290;;0.231;True;True;
EXTREMO;355030883000332;São Paulo;3550308;;Sudeste;não;;28157.71;3108.9;9.1;20232.52;193.0;574;;0.0662;True;True;
EXTREMO;130260305110333;Manaus;1302603;Parque 10 de Novembro;Norte;não;;16731.64;1852.55;9.0;6265.62;188.0;573;0.0;0.4258;True;True;
EXTREMO;150140205000179;Belém;1501402;Marco;Norte;não;;16268.41;1802.79;9.0;8315.28;162.0;488;;0.5369;True;True;
EXTREMO;221100105070295;Teresina;2211001;Jóquei;Nordeste;não;;17187.17;1913.0;9.0;8229.75;374.0;935;;0.4235;True;True;
EXTREMO;230440005190230;Fortaleza;2304400;Sapiranga / Coité;Nordeste;não;;15387.74;1708.86;9.0;7273.3;31.0;110;0.0;0.4455;True;True;
EXTREMO;230440005190262;Fortaleza;2304400;Manuel Dias Branco;Nordeste;não;;15349.96;1708.86;9.0;7273.3;188.0;496;0.0077;0.4617;True;True;
EXTREMO;261160605200435;Recife;2611606;Tamarineira;Nordeste;não;;15920.61;1778.67;9.0;13138.88;227.0;597;;0.2663;True;True;
EXTREMO;261160605230541;Recife;2611606;Boa Viagem;Nordeste;não;;16046.08;1778.67;9.0;13138.88;108.0;329;0.0;0.2736;True;True;
EXTREMO;270430205060113;Maceió;2704302;Ponta Verde;Nordeste;não;;15484.99;1721.69;9.0;8099.28;190.0;513;;0.2183;True;True;
EXTREMO;292740805060096;Salvador;2927408;Itaigara;Nordeste;não;;14756.35;1637.87;9.0;8339.92;208.0;651;;0.2565;True;True;
EXTREMO;292740805090363;Salvador;2927408;Patamares;Nordeste;não;;14779.9;1637.87;9.0;8339.92;196.0;490;0.0;0.4653;True;True;
EXTREMO;292740805270078;Salvador;2927408;Barra;Nordeste;não;;14694.49;1637.87;9.0;8339.92;265.0;658;;0.3419;True;True;
EXTREMO;292740805270182;Salvador;2927408;Graça;Nordeste;não;;14699.18;1637.87;9.0;8339.92;67.0;172;0.0184;0.3663;True;True;
EXTREMO;330455705090181;Rio de Janeiro;3304557;Flamengo;Sudeste;não;;24389.13;2702.45;9.0;16100.61;95.0;258;;0.1744;True;True;
EXTREMO;330455705110137;Rio de Janeiro;3304557;Ipanema;Sudeste;não;;24369.41;2702.45;9.0;16100.61;67.0;157;0.0;0.0;True;True;
EXTREMO;330455705291228;Rio de Janeiro;3304557;Barra da Tijuca;Sudeste;não;;24378.36;2702.45;9.0;16100.61;70.0;187;0.0;0.107;True;True;
EXTREMO;351880005001208;Guarulhos;3518800;Centro;Sudeste;não;;21207.29;2361.56;9.0;9209.94;152.0;505;;0.1406;True;True;
EXTREMO;351880005001503;Guarulhos;3518800;Picanço;Sudeste;não;;21282.09;2361.56;9.0;9209.94;67.0;237;0.0158;0.1688;True;True;
EXTREMO;355030802000172;São Paulo;3550308;;Sudeste;não;;27944.7;3108.9;9.0;20232.52;67.0;209;0.0;0.0526;True;True;
EXTREMO;355030815000184;São Paulo;3550308;;Sudeste;não;;27878.87;3108.9;9.0;20232.52;126.0;324;0.0154;0.037;True;True;
EXTREMO;355030816000238;São Paulo;3550308;;Sudeste;não;;27906.45;3108.9;9.0;20232.52;216.0;739;0.0071;0.1083;True;True;
EXTREMO;355030827000296;São Paulo;3550308;;Sudeste;não;;27890.89;3108.9;9.0;20232.52;101.0;307;;0.0749;True;True;
EXTREMO;355030832000280;São Paulo;3550308;;Sudeste;não;;27891.94;3108.9;9.0;20232.52;114.0;307;0.0;0.0391;True;True;
EXTREMO;355030832000331;São Paulo;3550308;;Sudeste;não;;28069.27;3108.9;9.0;20232.52;204.0;623;;0.0578;True;True;
EXTREMO;355030835000445;São Paulo;3550308;;Sudeste;não;;28111.76;3108.9;9.0;20232.52;139.0;405;0.0;0.042;True;True;
EXTREMO;355030838000635;São Paulo;3550308;;Sudeste;não;;27946.67;3108.9;9.0;20232.52;89.0;305;0.0;0.0557;True;True;
EXTREMO;355030862000187;São Paulo;3550308;;Sudeste;não;;27996.79;3108.9;9.0;20232.52;82.0;249;0.0;0.1205;True;True;
EXTREMO;355030869000380;São Paulo;3550308;;Sudeste;não;;28085.88;3108.9;9.0;20232.52;49.0;123;;0.0407;True;True;
EXTREMO;355030890000640;São Paulo;3550308;;Sudeste;não;;27886.02;3108.9;9.0;20232.52;106.0;210;0.0;0.1;True;True;
EXTREMO;355030890000748;São Paulo;3550308;;Sudeste;não;;27939.22;3108.9;9.0;20232.52;71.0;209;0.0;0.0239;True;True;
EXTREMO;130260305120802;Manaus;1302603;Novo Aleixo;Norte;não;;16470.47;1852.55;8.9;6265.62;166.0;525;0.0155;0.7333;True;True;
EXTREMO;150140205000188;Belém;1501402;Batista Campos;Norte;não;;16078.52;1802.79;8.9;8315.28;304.0;908;;0.4416;True;True;
EXTREMO;150140205000192;Belém;1501402;Nazaré;Norte;não;;16097.04;1802.79;8.9;8315.28;93.0;272;;0.4228;True;True;
EXTREMO;221100105070312;Teresina;2211001;Jóquei;Nordeste;não;;17045.91;1913.0;8.9;8229.75;163.0;464;0.0;0.4591;True;True;
EXTREMO;230440005150223;Fortaleza;2304400;Aldeota;Nordeste;não;;15186.5;1708.86;8.9;7273.3;248.0;688;;0.3823;True;True;
EXTREMO;230440005150235;Fortaleza;2304400;Aldeota;Nordeste;não;;15219.18;1708.86;8.9;7273.3;253.0;713;;0.3899;True;True;
EXTREMO;230440005190060;Fortaleza;2304400;Cocó;Nordeste;não;;15160.07;1708.86;8.9;7273.3;290.0;924;0.004;0.3009;True;True;
EXTREMO;240810205070281;Natal;2408102;Lagoa Nova;Nordeste;não;;18133.71;2035.34;8.9;11639.32;357.0;1079;0.0288;0.3448;True;True;
EXTREMO;261160605200305;Recife;2611606;Graças;Nordeste;não;;15820.4;1778.67;8.9;13138.88;265.0;747;;0.2329;True;True;
EXTREMO;261160605200543;Recife;2611606;Poço;Nordeste;não;;15883.52;1778.67;8.9;13138.88;189.0;581;0.0109;0.327;True;True;
EXTREMO;261160605200650;Recife;2611606;Parnamirim;Nordeste;não;;15863.28;1778.67;8.9;13138.88;120.0;370;0.0;0.2432;True;True;
EXTREMO;261160605210451;Recife;2611606;Madalena;Nordeste;não;;15814.9;1778.67;8.9;13138.88;213.0;549;;0.2659;True;True;
EXTREMO;261160605230583;Recife;2611606;Imbiribeira;Nordeste;não;;15825.94;1778.67;8.9;13138.88;226.0;751;0.0;0.3302;True;True;
EXTREMO;261160605230683;Recife;2611606;Boa Viagem;Nordeste;não;;15802.39;1778.67;8.9;13138.88;140.0;383;0.0;0.1671;True;True;
EXTREMO;261160605230688;Recife;2611606;Boa Viagem;Nordeste;não;;15775.43;1778.67;8.9;13138.88;120.0;288;;0.5868;True;True;
EXTREMO;292740805220687;Salvador;2927408;Pernambués;Nordeste;não;;14614.0;1637.87;8.9;8339.92;245.0;780;;0.559;True;True;
EXTREMO;330455705110085;Rio de Janeiro;3304557;Ipanema;Sudeste;não;;24062.1;2702.45;8.9;16100.61;125.0;259;;0.0888;True;True;
EXTREMO;330455705170777;Rio de Janeiro;3304557;Piedade;Sudeste;não;;24118.04;2702.45;8.9;16100.61;128.0;336;;0.6042;True;True;
EXTREMO;330455705211288;Rio de Janeiro;3304557;Freguesia (Jacarepaguá);Sudeste;não;;23966.31;2702.45;8.9;16100.61;118.0;326;0.0176;0.3282;True;True;
EXTREMO;330455705291113;Rio de Janeiro;3304557;Barra da Tijuca;Sudeste;não;;23945.64;2702.45;8.9;16100.61;117.0;358;0.0096;0.1564;True;True;
EXTREMO;330455705291279;Rio de Janeiro;3304557;Barra da Tijuca;Sudeste;não;;24115.96;2702.45;8.9;16100.61;109.0;351;0.0;0.1567;True;True;
EXTREMO;355030845000316;São Paulo;3550308;;Sudeste;não;;27590.98;3108.9;8.9;20232.52;56.0;151;;0.0927;True;True;
EXTREMO;355030854000089;São Paulo;3550308;;Sudeste;não;;27781.05;3108.9;8.9;20232.52;102.0;193;0.0;0.0259;True;True;
EXTREMO;355030883000162;São Paulo;3550308;;Sudeste;não;;27635.47;3108.9;8.9;20232.52;85.0;236;0.0;0.0847;True;True;
EXTREMO;530010805060439;Brasília;5300108;;Centro-Oeste;não;;31224.84;3518.5;8.9;22934.66;195.0;408;;0.2279;True;True;
EXTREMO;130260305090244;Manaus;1302603;São Francisco;Norte;não;;16223.58;1852.55;8.8;6265.62;200.0;574;0.0;0.3868;True;True;
EXTREMO;150140205000115;Belém;1501402;Umarizal;Norte;não;;15866.13;1802.79;8.8;8315.28;148.0;446;0.008;0.3857;True;True;
EXTREMO;150140205000119;Belém;1501402;Umarizal;Norte;não;;15882.44;1802.79;8.8;8315.28;225.0;659;0.0;0.4446;True;True;
EXTREMO;150140205000177;Belém;1501402;Umarizal;Norte;não;;15931.95;1802.79;8.8;8315.28;353.0;1022;0.0071;0.4119;True;True;
EXTREMO;150140245000077;Belém;1501402;Parque Verde;Norte;não;;15906.61;1802.79;8.8;8315.28;129.0;479;0.0;0.5073;True;True;
EXTREMO;150140245000269;Belém;1501402;Parque Verde;Norte;não;;15863.02;1802.79;8.8;8315.28;338.0;1264;0.0104;0.515;True;True;
EXTREMO;230440005150099;Fortaleza;2304400;Meireles;Nordeste;não;;15004.04;1708.86;8.8;7273.3;193.0;464;0.0095;0.3513;True;True;
EXTREMO;230440005150240;Fortaleza;2304400;Meireles;Nordeste;não;;15066.21;1708.86;8.8;7273.3;291.0;866;;0.3764;True;True;
EXTREMO;261160605230490;Recife;2611606;Boa Viagem;Nordeste;não;;15648.01;1778.67;8.8;13138.88;312.0;852;;0.2488;True;True;
EXTREMO;292740805060391;Salvador;2927408;Pituba;Nordeste;não;;14493.87;1637.87;8.8;8339.92;214.0;611;0.0057;0.4697;True;True;
EXTREMO;292740805070387;Salvador;2927408;Candeal;Nordeste;não;;14428.9;1637.87;8.8;8339.92;174.0;494;;0.4879;True;True;
EXTREMO;292740805270199;Salvador;2927408;Vitória;Nordeste;não;;14463.92;1637.87;8.8;8339.92;39.0;80;0.0;0.1875;True;True;
EXTREMO;310620005620585;Belo Horizonte;3106200;Santo Agostinho;Sudeste;não;;26856.85;3060.31;8.8;17598.99;148.0;444;0.0;0.1284;True;True;
EXTREMO;330455705290126;Rio de Janeiro;3304557;Barra da Tijuca;Sudeste;não;;23647.04;2702.45;8.8;16100.61;75.0;267;;0.1124;True;True;
EXTREMO;330455705290745;Rio de Janeiro;3304557;Barra da Tijuca;Sudeste;não;;23700.0;2702.45;8.8;16100.61;83.0;229;0.0;0.0742;True;True;
EXTREMO;355030802000107;São Paulo;3550308;;Sudeste;não;;27222.7;3108.9;8.8;20232.52;77.0;134;0.0;0.0672;True;True;
EXTREMO;355030806000110;São Paulo;3550308;;Sudeste;não;;27211.7;3108.9;8.8;20232.52;101.0;350;0.0162;0.0571;True;True;
EXTREMO;355030815000216;São Paulo;3550308;;Sudeste;não;;27220.56;3108.9;8.8;20232.52;93.0;266;0.0;0.0226;True;True;
EXTREMO;355030815000242;São Paulo;3550308;;Sudeste;não;;27360.05;3108.9;8.8;20232.52;81.0;211;0.0;0.0379;True;True;
EXTREMO;355030835000239;São Paulo;3550308;;Sudeste;não;;27494.55;3108.9;8.8;20232.52;57.0;147;0.0;0.1293;True;True;
EXTREMO;355030835000467;São Paulo;3550308;;Sudeste;não;;27209.57;3108.9;8.8;20232.52;100.0;307;0.0;0.0261;True;True;
EXTREMO;355030883000190;São Paulo;3550308;;Sudeste;não;;27507.4;3108.9;8.8;20232.52;101.0;277;0.0;0.0542;True;True;
EXTREMO;130260305130077;Manaus;1302603;Ponta Negra;Norte;não;;16141.12;1852.55;8.7;6265.62;151.0;530;;0.5264;True;True;
EXTREMO;150080005000590;Ananindeua;1500800;;Norte;não;;15356.68;1772.53;8.7;6318.54;180.0;627;;0.4976;True;True;
EXTREMO;150140275000305;Belém;1501402;Fátima;Norte;não;;15748.34;1802.79;8.7;8315.28;228.0;647;0.0093;0.6816;True;True;
EXTREMO;221100105070237;Teresina;2211001;Tabajaras;Nordeste;não;;16628.64;1913.0;8.7;8229.75;293.0;1131;0.0213;0.5181;True;True;
EXTREMO;230440005150231;Fortaleza;2304400;Aldeota;Nordeste;não;;14842.01;1708.86;8.7;7273.3;310.0;804;;0.3495;True;True;
EXTREMO;240810205080173;Natal;2408102;Tirol;Nordeste;não;;17669.28;2035.34;8.7;11639.32;476.0;1394;0.0027;0.2776;True;True;
EXTREMO;261160605210474;Recife;2611606;Madalena;Nordeste;não;;15389.9;1778.67;8.7;13138.88;210.0;571;0.012;0.2907;True;True;
EXTREMO;261160605230416;Recife;2611606;Boa Viagem;Nordeste;não;;15562.23;1778.67;8.7;13138.88;224.0;613;0.0075;0.2153;True;True;
EXTREMO;292740805060402;Salvador;2927408;Caminho das Árvores;Nordeste;não;;14190.15;1637.87;8.7;8339.92;145.0;385;;0.3714;True;True;
EXTREMO;292740805060465;Salvador;2927408;Pituba;Nordeste;não;;14270.37;1637.87;8.7;8339.92;284.0;718;;0.4777;True;True;
EXTREMO;292740805060477;Salvador;2927408;Pituba;Nordeste;não;;14205.16;1637.87;8.7;8339.92;361.0;976;;0.4129;True;True;
EXTREMO;330350005100325;Nova Iguaçu;3303500;Centro;Sudeste;não;;15450.7;1773.89;8.7;4578.21;89.0;278;0.0;0.2482;True;True;
EXTREMO;355030832000179;São Paulo;3550308;;Sudeste;não;;27102.65;3108.9;8.7;20232.52;160.0;253;;0.0909;True;True;
EXTREMO;355030835000477;São Paulo;3550308;;Sudeste;não;;27174.61;3108.9;8.7;20232.52;103.0;212;;0.0613;True;True;
EXTREMO;355030845000411;São Paulo;3550308;;Sudeste;não;;27004.73;3108.9;8.7;20232.52;97.0;265;0.0;0.0491;True;True;
EXTREMO;355030862000230;São Paulo;3550308;;Sudeste;não;;26952.7;3108.9;8.7;20232.52;59.0;160;0.0;0.0938;True;True;
EXTREMO;355030888000047;São Paulo;3550308;;Sudeste;não;;26906.59;3108.9;8.7;20232.52;107.0;315;;0.0571;True;True;
EXTREMO;355030890000339;São Paulo;3550308;;Sudeste;não;;27113.2;3108.9;8.7;20232.52;105.0;280;0.0128;0.0714;True;True;
EXTREMO;530010805060461;Brasília;5300108;;Centro-Oeste;não;;30436.6;3518.5;8.7;22934.66;337.0;918;0.0115;0.2636;True;True;
EXTREMO;130260305110118;Manaus;1302603;Dom Pedro I;Norte;não;;15966.54;1852.55;8.6;6265.62;292.0;853;0.0057;0.449;True;True;
EXTREMO;211130005001139;São Luís;2111300;;Nordeste;não;;15032.16;1745.24;8.6;8425.68;273.0;779;0.0;0.3902;True;True;
EXTREMO;211130005001564;São Luís;2111300;;Nordeste;não;;15060.93;1745.24;8.6;8425.68;179.0;406;;0.4212;True;True;
EXTREMO;221100105070317;Teresina;2211001;Jóquei;Nordeste;não;;16470.4;1913.0;8.6;8229.75;126.0;370;0.0101;0.5027;True;True;
EXTREMO;230440005150218;Fortaleza;2304400;Aldeota;Nordeste;não;;14761.02;1708.86;8.6;7273.3;230.0;591;0.0078;0.2724;True;True;
EXTREMO;230440005150327;Fortaleza;2304400;Meireles;Nordeste;não;;14753.39;1708.86;8.6;7273.3;165.0;434;0.0;0.2972;True;True;
EXTREMO;230440005190061;Fortaleza;2304400;Cocó;Nordeste;não;;14658.81;1708.86;8.6;7273.3;225.0;641;;0.3729;True;True;
EXTREMO;230440005190198;Fortaleza;2304400;Guararapes;Nordeste;não;;14728.57;1708.86;8.6;7273.3;191.0;524;;0.4179;True;True;
EXTREMO;240810205070199;Natal;2408102;Lagoa Nova;Nordeste;não;;17534.81;2035.34;8.6;11639.32;151.0;484;0.0152;0.3574;True;True;
EXTREMO;261160605200138;Recife;2611606;Aflitos;Nordeste;não;;15241.97;1778.67;8.6;13138.88;244.0;738;0.0107;0.2466;True;True;
EXTREMO;261160605200233;Recife;2611606;Casa Forte;Nordeste;não;;15350.7;1778.67;8.6;13138.88;338.0;970;0.0095;0.2567;True;True;
EXTREMO;261160605200292;Recife;2611606;Tamarineira;Nordeste;não;;15301.49;1778.67;8.6;13138.88;220.0;671;;0.2921;True;True;
EXTREMO;261160605200537;Recife;2611606;Jaqueira;Nordeste;não;;15287.32;1778.67;8.6;13138.88;207.0;551;0.0062;0.2051;True;True;
EXTREMO;261160605230746;Recife;2611606;Boa Viagem;Nordeste;não;;15316.85;1778.67;8.6;13138.88;237.0;640;;0.2234;True;True;
EXTREMO;292740805060114;Salvador;2927408;Caminho das Árvores;Nordeste;não;;14166.61;1637.87;8.6;8339.92;105.0;278;;0.446;True;True;
EXTREMO;292740805060376;Salvador;2927408;Pituba;Nordeste;não;;14146.7;1637.87;8.6;8339.92;246.0;633;;0.3949;True;True;
EXTREMO;292740805060454;Salvador;2927408;Pituba;Nordeste;não;;14079.67;1637.87;8.6;8339.92;192.0;493;0.0117;0.357;False;True;
EXTREMO;292740805090353;Salvador;2927408;Patamares;Nordeste;não;;14043.72;1637.87;8.6;8339.92;387.0;774;0.0177;0.4186;False;True;
EXTREMO;330455705090559;Rio de Janeiro;3304557;Botafogo;Sudeste;não;;23258.22;2702.45;8.6;16100.61;55.0;157;0.0;0.051;True;True;
EXTREMO;330455705110338;Rio de Janeiro;3304557;Leblon;Sudeste;não;;23206.08;2702.45;8.6;16100.61;177.0;379;0.0142;0.124;True;True;
EXTREMO;355030832000421;São Paulo;3550308;;Sudeste;não;;26624.41;3108.9;8.6;20232.52;83.0;179;0.0;0.0726;True;True;
EXTREMO;355030835000297;São Paulo;3550308;;Sudeste;não;;26852.01;3108.9;8.6;20232.52;146.0;325;0.0;0.0615;True;True;
EXTREMO;355030845000390;São Paulo;3550308;;Sudeste;não;;26883.06;3108.9;8.6;20232.52;47.0;138;;0.0;True;True;
EXTREMO;355030888000075;São Paulo;3550308;;Sudeste;não;;26738.4;3108.9;8.6;20232.52;119.0;351;0.0;0.0883;True;True;
EXTREMO;130260305130074;Manaus;1302603;Ponta Negra;Norte;não;;15829.81;1852.55;8.5;6265.62;108.0;373;0.013;0.3834;True;True;
EXTREMO;130260305130186;Manaus;1302603;Ponta Negra;Norte;não;;15721.55;1852.55;8.5;6265.62;66.0;86;0.0;0.407;True;True;
EXTREMO;150140205000197;Belém;1501402;Umarizal;Norte;não;;15313.51;1802.79;8.5;8315.28;321.0;835;;0.4;True;True;
EXTREMO;211130005001945;São Luís;2111300;;Nordeste;não;;14822.08;1745.24;8.5;8425.68;313.0;805;;0.3615;True;True;
EXTREMO;230440005150281;Fortaleza;2304400;Mucuripe;Nordeste;não;;14538.23;1708.86;8.5;7273.3;91.0;211;;0.3128;True;True;
EXTREMO;261160605190370;Recife;2611606;Rosarinho;Nordeste;não;;15074.3;1778.67;8.5;13138.88;297.0;835;;0.2575;True;True;
EXTREMO;261160605200142;Recife;2611606;Espinheiro;Nordeste;não;;15080.63;1778.67;8.5;13138.88;259.0;730;0.0094;0.2753;True;True;
EXTREMO;261160605200434;Recife;2611606;Tamarineira;Nordeste;não;;15109.89;1778.67;8.5;13138.88;247.0;658;0.0052;0.2006;True;True;
EXTREMO;261160605230781;Recife;2611606;Boa Viagem;Nordeste;não;;15180.55;1778.67;8.5;13138.88;83.0;261;;0.1533;True;True;
EXTREMO;270430205060125;Maceió;2704302;Ponta Verde;Nordeste;não;;14710.15;1721.69;8.5;8099.28;208.0;521;0.0133;0.2975;True;True;
EXTREMO;270430205060164;Maceió;2704302;Ponta Verde;Nordeste;não;;14716.7;1721.69;8.5;8099.28;221.0;640;0.0147;0.3094;True;True;
EXTREMO;292740805060494;Salvador;2927408;Caminho das Árvores;Nordeste;não;;13969.26;1637.87;8.5;8339.92;356.0;835;0.006;0.3892;False;True;
EXTREMO;292740805270299;Salvador;2927408;Ondina;Nordeste;não;;13842.13;1637.87;8.5;8339.92;101.0;254;;0.2874;False;True;
EXTREMO;330455705110160;Rio de Janeiro;3304557;Leblon;Sudeste;não;;22930.68;2702.45;8.5;16100.61;260.0;571;0.0;0.0946;True;True;
EXTREMO;330455705110334;Rio de Janeiro;3304557;Ipanema;Sudeste;não;;22921.04;2702.45;8.5;16100.61;81.0;176;;0.0739;True;True;
EXTREMO;330455705290068;Rio de Janeiro;3304557;Barra da Tijuca;Sudeste;não;;22979.36;2702.45;8.5;16100.61;222.0;600;;0.0717;True;True;
EXTREMO;355030802000135;São Paulo;3550308;;Sudeste;não;;26458.88;3108.9;8.5;20232.52;147.0;341;0.0;0.1173;True;True;
EXTREMO;355030835000124;São Paulo;3550308;;Sudeste;não;;26522.94;3108.9;8.5;20232.52;135.0;354;;0.0424;True;True;
EXTREMO;355030835000301;São Paulo;3550308;;Sudeste;não;;26344.42;3108.9;8.5;20232.52;202.0;529;0.0;0.0227;True;True;
EXTREMO;355030835000332;São Paulo;3550308;;Sudeste;não;;26411.77;3108.9;8.5;20232.52;136.0;436;0.0;0.0757;True;True;
EXTREMO;355030854000088;São Paulo;3550308;;Sudeste;não;;26464.02;3108.9;8.5;20232.52;109.0;269;;0.0929;True;True;
EXTREMO;355030854000162;São Paulo;3550308;;Sudeste;não;;26389.88;3108.9;8.5;20232.52;88.0;266;0.0;0.0789;True;True;
EXTREMO;355030862000229;São Paulo;3550308;;Sudeste;não;;26300.13;3108.9;8.5;20232.52;61.0;146;;;True;True;
EXTREMO;355030890000337;São Paulo;3550308;;Sudeste;não;;26320.57;3108.9;8.5;20232.52;115.0;349;0.0113;0.0229;True;True;
EXTREMO;520870705290052;Goiânia;5208707;;Centro-Oeste;não;;26544.88;3112.75;8.5;13875.71;236.0;790;0.005;0.1772;True;True;
EXTREMO;130260305130073;Manaus;1302603;Ponta Negra;Norte;não;;15483.45;1852.55;8.4;6265.62;114.0;321;;0.4673;True;True;
EXTREMO;130260305130173;Manaus;1302603;Ponta Negra;Norte;não;;15532.01;1852.55;8.4;6265.62;435.0;1497;0.0052;0.5284;True;True;
EXTREMO;230440005150068;Fortaleza;2304400;Aldeota;Nordeste;não;;14385.65;1708.86;8.4;7273.3;328.0;881;;0.3746;True;True;
EXTREMO;230440005150081;Fortaleza;2304400;Aldeota;Nordeste;não;;14356.51;1708.86;8.4;7273.3;348.0;907;0.0051;0.3605;True;True;
EXTREMO;230440005150246;Fortaleza;2304400;Meireles;Nordeste;não;;14339.84;1708.86;8.4;7273.3;162.0;383;0.0111;0.2924;True;True;
EXTREMO;230440005150250;Fortaleza;2304400;Meireles;Nordeste;não;;14412.86;1708.86;8.4;7273.3;249.0;588;;0.3759;True;True;
EXTREMO;230440005200218;Fortaleza;2304400;Parque Iracema;Nordeste;não;;14400.0;1708.86;8.4;7273.3;167.0;556;0.0089;0.4406;True;True;
EXTREMO;261160605230504;Recife;2611606;Boa Viagem;Nordeste;não;;14990.9;1778.67;8.4;13138.88;204.0;536;0.0067;0.2705;True;True;
EXTREMO;261160605230512;Recife;2611606;Boa Viagem;Nordeste;não;;14952.68;1778.67;8.4;13138.88;171.0;424;0.0109;0.2358;True;True;
EXTREMO;270430205060133;Maceió;2704302;Ponta Verde;Nordeste;não;;14414.96;1721.69;8.4;8099.28;171.0;480;;0.2688;True;True;
EXTREMO;292740805060094;Salvador;2927408;Itaigara;Nordeste;não;;13742.03;1637.87;8.4;8339.92;165.0;472;0.0168;0.3581;False;True;
EXTREMO;292740805090072;Salvador;2927408;Piatã;Nordeste;não;;13782.13;1637.87;8.4;8339.92;335.0;935;0.0036;0.4535;False;True;
EXTREMO;292740805090228;Salvador;2927408;Stella Maris;Nordeste;não;;13705.18;1637.87;8.4;8339.92;412.0;1297;0.0036;0.5713;False;True;
EXTREMO;292740805090352;Salvador;2927408;Patamares;Nordeste;não;;13827.25;1637.87;8.4;8339.92;85.0;263;0.0;0.3802;False;True;
EXTREMO;330455705110090;Rio de Janeiro;3304557;Ipanema;Sudeste;não;;22624.83;2702.45;8.4;16100.61;227.0;460;0.0;0.0609;True;True;
EXTREMO;330455705110132;Rio de Janeiro;3304557;Ipanema;Sudeste;não;;22801.88;2702.45;8.4;16100.61;120.0;255;0.0;0.1137;True;True;
EXTREMO;330455705211073;Rio de Janeiro;3304557;Jacarepaguá;Sudeste;não;;22620.47;2702.45;8.4;16100.61;128.0;433;0.0093;0.2217;True;True;
EXTREMO;330455705291277;Rio de Janeiro;3304557;Barra da Tijuca;Sudeste;não;;22779.1;2702.45;8.4;16100.61;89.0;259;0.0;0.1467;True;True;
EXTREMO;354870805001302;São Bernardo do Campo;3548708;Nova Petrópolis;Sudeste;não;;28203.16;3371.95;8.4;14607.28;97.0;320;0.0;0.0594;True;True;
EXTREMO;355030816000143;São Paulo;3550308;;Sudeste;não;;26243.9;3108.9;8.4;20232.52;230.0;760;;0.0882;True;True;
EXTREMO;355030832000183;São Paulo;3550308;;Sudeste;não;;26210.48;3108.9;8.4;20232.52;141.0;385;;0.0494;True;True;
EXTREMO;355030832000217;São Paulo;3550308;;Sudeste;não;;26018.31;3108.9;8.4;20232.52;61.0;150;0.0;0.0867;True;True;
EXTREMO;355030832000271;São Paulo;3550308;;Sudeste;não;;25965.83;3108.9;8.4;20232.52;132.0;383;;0.0444;True;True;
EXTREMO;355030854000123;São Paulo;3550308;;Sudeste;não;;26124.55;3108.9;8.4;20232.52;97.0;205;;0.078;True;True;
EXTREMO;355030854000125;São Paulo;3550308;;Sudeste;não;;26238.12;3108.9;8.4;20232.52;80.0;200;;0.085;True;True;
EXTREMO;355030854000153;São Paulo;3550308;;Sudeste;não;;26093.76;3108.9;8.4;20232.52;97.0;237;0.0;0.0169;True;True;
EXTREMO;355030871000128;São Paulo;3550308;;Sudeste;não;;26006.1;3108.9;8.4;20232.52;138.0;400;0.0;0.0925;True;True;
EXTREMO;500270405070146;Campo Grande;5002704;Carandá;Centro-Oeste;não;;23085.45;2744.05;8.4;10591.42;204.0;570;0.0;0.1579;True;True;
EXTREMO;520870705280005;Goiânia;5208707;;Centro-Oeste;não;;26266.96;3112.75;8.4;13875.71;238.0;754;;0.1552;True;True;
EXTREMO;530010805060498;Brasília;5300108;;Centro-Oeste;não;;29502.33;3518.5;8.4;22934.66;262.0;771;0.0;0.1907;True;True;
EXTREMO;150140205000208;Belém;1501402;Umarizal;Norte;não;;14940.45;1802.79;8.3;8315.28;259.0;563;;0.5364;True;True;
EXTREMO;211130005000160;São Luís;2111300;;Nordeste;não;;14537.14;1745.24;8.3;8425.68;227.0;508;;0.3386;True;True;
EXTREMO;211130005001565;São Luís;2111300;;Nordeste;não;;14477.02;1745.24;8.3;8425.68;143.0;284;0.0;0.4049;True;True;
EXTREMO;211130005001566;São Luís;2111300;;Nordeste;não;;14453.52;1745.24;8.3;8425.68;210.0;474;;0.4599;True;True;
EXTREMO;221100105070313;Teresina;2211001;Jóquei;Nordeste;não;;15878.94;1913.0;8.3;8229.75;176.0;553;;0.3834;True;True;
EXTREMO;230440005150102;Fortaleza;2304400;Meireles;Nordeste;não;;14200.0;1708.86;8.3;7273.3;414.0;978;0.0084;0.729;True;True;
EXTREMO;230440005170323;Fortaleza;2304400;Fátima;Nordeste;não;;14251.69;1708.86;8.3;7273.3;188.0;532;;0.4398;True;True;
EXTREMO;230440005190243;Fortaleza;2304400;Sapiranga / Coité;Nordeste;não;;14202.05;1708.86;8.3;7273.3;21.0;62;0.0;0.4355;True;True;
EXTREMO;261160605200123;Recife;2611606;Graças;Nordeste;não;;14775.15;1778.67;8.3;13138.88;280.0;733;;0.2933;True;True;
EXTREMO;261160605200631;Recife;2611606;Graças;Nordeste;não;;14710.07;1778.67;8.3;13138.88;200.0;518;;0.2915;True;True;
EXTREMO;261160605230508;Recife;2611606;Boa Viagem;Nordeste;não;;14784.33;1778.67;8.3;13138.88;272.0;649;;0.2481;True;True;
EXTREMO;261160605230634;Recife;2611606;Boa Viagem;Nordeste;não;;14734.22;1778.67;8.3;13138.88;198.0;445;0.0074;0.2944;True;True;
EXTREMO;292740805090362;Salvador;2927408;Patamares;Nordeste;não;;13530.72;1637.87;8.3;8339.92;248.0;618;;0.4725;False;True;
EXTREMO;292740805270085;Salvador;2927408;Graça;Nordeste;não;;13643.55;1637.87;8.3;8339.92;218.0;536;0.0081;0.3246;False;True;
EXTREMO;292740805270372;Salvador;2927408;Vitória;Nordeste;não;;13670.32;1637.87;8.3;8339.92;126.0;213;0.0;0.4554;False;True;
EXTREMO;310620005620423;Belo Horizonte;3106200;Belvedere;Sudeste;não;;25270.47;3060.31;8.3;17598.99;168.0;452;;0.0819;True;True;
EXTREMO;330350005100350;Nova Iguaçu;3303500;Centro;Sudeste;não;;14680.12;1773.89;8.3;4578.21;284.0;864;;0.2917;True;True;
EXTREMO;330455705090178;Rio de Janeiro;3304557;Humaitá;Sudeste;não;;22519.25;2702.45;8.3;16100.61;180.0;373;;0.193;True;True;
EXTREMO;330455705110097;Rio de Janeiro;3304557;Lagoa;Sudeste;não;;22395.38;2702.45;8.3;16100.61;141.0;299;0.0;0.107;True;True;
EXTREMO;330455705110140;Rio de Janeiro;3304557;Leblon;Sudeste;não;;22497.8;2702.45;8.3;16100.61;125.0;281;0.0163;0.0996;True;True;
EXTREMO;330455705110212;Rio de Janeiro;3304557;Leblon;Sudeste;não;;22402.63;2702.45;8.3;16100.61;129.0;284;;0.0951;True;True;
EXTREMO;330455705290088;Rio de Janeiro;3304557;Barra da Tijuca;Sudeste;não;;22300.54;2702.45;8.3;16100.61;204.0;566;0.0;0.0406;True;True;
EXTREMO;330455705290607;Rio de Janeiro;3304557;Barra da Tijuca;Sudeste;não;;22455.42;2702.45;8.3;16100.61;127.0;395;0.0;0.1063;True;True;
EXTREMO;330455705291081;Rio de Janeiro;3304557;Barra da Tijuca;Sudeste;não;;22526.38;2702.45;8.3;16100.61;98.0;207;0.0;0.2174;True;True;
EXTREMO;355030802000169;São Paulo;3550308;;Sudeste;não;;25757.51;3108.9;8.3;20232.52;93.0;237;0.0;0.0169;True;True;
EXTREMO;355030815000158;São Paulo;3550308;;Sudeste;não;;25657.31;3108.9;8.3;20232.52;150.0;457;0.0173;0.081;True;True;
EXTREMO;355030815000238;São Paulo;3550308;;Sudeste;não;;25739.58;3108.9;8.3;20232.52;107.0;298;;0.0839;True;True;
EXTREMO;355030835000268;São Paulo;3550308;;Sudeste;não;;25686.53;3108.9;8.3;20232.52;91.0;208;0.0;0.0385;True;True;
EXTREMO;355030835000456;São Paulo;3550308;;Sudeste;não;;25935.3;3108.9;8.3;20232.52;162.0;364;;0.0302;True;True;
EXTREMO;355030845000315;São Paulo;3550308;;Sudeste;não;;25691.89;3108.9;8.3;20232.52;40.0;103;;0.1456;True;True;
EXTREMO;355030871000187;São Paulo;3550308;;Sudeste;não;;25831.01;3108.9;8.3;20232.52;100.0;302;;0.0662;True;True;
EXTREMO;355030888000048;São Paulo;3550308;;Sudeste;não;;25665.37;3108.9;8.3;20232.52;212.0;632;;0.0475;True;True;
EXTREMO;130260305110084;Manaus;1302603;Aleixo;Norte;não;;15121.14;1852.55;8.2;6265.62;140.0;374;;0.4439;True;True;
EXTREMO;150140205000050;Belém;1501402;Reduto;Norte;não;;14764.33;1802.79;8.2;8315.28;221.0;569;0.0059;0.3779;True;True;
EXTREMO;150140205000200;Belém;1501402;Umarizal;Norte;não;;14761.65;1802.79;8.2;8315.28;205.0;634;0.0091;0.4558;True;True;
EXTREMO;211130005000169;São Luís;2111300;;Nordeste;não;;14307.66;1745.24;8.2;8425.68;336.0;965;;0.3275;True;True;
EXTREMO;230440005150111;Fortaleza;2304400;Meireles;Nordeste;não;;14010.61;1708.86;8.2;7273.3;253.0;622;;0.3424;False;True;
EXTREMO;230440005150215;Fortaleza;2304400;De Lourdes;Nordeste;não;;13989.57;1708.86;8.2;7273.3;380.0;1072;0.0056;0.3759;False;True;
EXTREMO;230440005150220;Fortaleza;2304400;Aldeota;Nordeste;não;;14061.11;1708.86;8.2;7273.3;376.0;997;0.0081;0.339;False;True;
EXTREMO;230440005190023;Fortaleza;2304400;Cocó;Nordeste;não;;13943.47;1708.86;8.2;7273.3;232.0;608;0.0132;0.3947;False;True;
EXTREMO;230440005190058;Fortaleza;2304400;Cocó;Nordeste;não;;13979.26;1708.86;8.2;7273.3;301.0;868;0.0067;0.3399;False;True;
EXTREMO;261160605200538;Recife;2611606;Jaqueira;Nordeste;não;;14571.44;1778.67;8.2;13138.88;123.0;269;;0.2305;True;True;
EXTREMO;261160605210367;Recife;2611606;Madalena;Nordeste;não;;14525.72;1778.67;8.2;13138.88;170.0;465;0.0234;0.3226;True;True;
EXTREMO;261160605230485;Recife;2611606;Boa Viagem;Nordeste;não;;14572.73;1778.67;8.2;13138.88;142.0;395;0.0;0.2329;True;True;
EXTREMO;261160605230650;Recife;2611606;Boa Viagem;Nordeste;não;;14598.67;1778.67;8.2;13138.88;259.0;772;0.0;0.2008;True;True;
EXTREMO;261160605230654;Recife;2611606;Pina;Nordeste;não;;14563.16;1778.67;8.2;13138.88;262.0;626;0.0;0.2492;True;True;
EXTREMO;270430205060021;Maceió;2704302;Ponta Verde;Nordeste;não;;14106.09;1721.69;8.2;8099.28;224.0;606;0.0074;0.2261;True;True;
EXTREMO;270430205060136;Maceió;2704302;Jatiúca;Nordeste;não;;14048.69;1721.69;8.2;8099.28;275.0;741;0.0093;0.2901;False;True;
EXTREMO;292740805060271;Salvador;2927408;Pituba;Nordeste;não;;13362.34;1637.87;8.2;8339.92;229.0;556;;0.4119;False;True;
EXTREMO;292740805070321;Salvador;2927408;Horto Florestal;Nordeste;não;;13362.1;1637.87;8.2;8339.92;83.0;202;;0.3317;False;True;
EXTREMO;292740805070390;Salvador;2927408;Candeal;Nordeste;não;;13413.91;1637.87;8.2;8339.92;80.0;229;0.019;0.4498;False;True;
EXTREMO;292740805090097;Salvador;2927408;Piatã;Nordeste;não;;13422.62;1637.87;8.2;8339.92;353.0;1029;0.0065;0.4509;False;True;
EXTREMO;292740805090197;Salvador;2927408;Patamares;Nordeste;não;;13370.0;1637.87;8.2;8339.92;243.0;777;0.0049;0.4299;False;True;
EXTREMO;310620005620359;Belo Horizonte;3106200;Belvedere;Sudeste;não;;25206.01;3060.31;8.2;17598.99;184.0;513;;0.1111;True;True;
EXTREMO;310620005620525;Belo Horizonte;3106200;Belvedere;Sudeste;não;;24942.24;3060.31;8.2;17598.99;161.0;437;0.0;0.0938;True;True;
EXTREMO;330455705110175;Rio de Janeiro;3304557;Leblon;Sudeste;não;;22287.41;2702.45;8.2;16100.61;148.0;347;0.0;0.049;True;True;
EXTREMO;330455705110220;Rio de Janeiro;3304557;Leblon;Sudeste;não;;22157.14;2702.45;8.2;16100.61;130.0;255;;0.0824;True;True;
EXTREMO;330455705110323;Rio de Janeiro;3304557;São Conrado;Sudeste;não;;22136.61;2702.45;8.2;16100.61;181.0;470;0.0073;0.034;True;True;
EXTREMO;330455705110370;Rio de Janeiro;3304557;São Conrado;Sudeste;não;;22151.62;2702.45;8.2;16100.61;177.0;433;;0.0485;True;True;
EXTREMO;330455705130136;Rio de Janeiro;3304557;Tijuca;Sudeste;não;;22195.23;2702.45;8.2;16100.61;291.0;659;0.0051;0.1973;True;True;
EXTREMO;330455705211071;Rio de Janeiro;3304557;Jacarepaguá;Sudeste;não;;22174.06;2702.45;8.2;16100.61;128.0;439;0.0;0.1913;True;True;
EXTREMO;330455705290366;Rio de Janeiro;3304557;Barra da Tijuca;Sudeste;não;;22218.8;2702.45;8.2;16100.61;254.0;688;0.0;0.1148;True;True;
EXTREMO;330455705290373;Rio de Janeiro;3304557;Barra da Tijuca;Sudeste;não;;22102.87;2702.45;8.2;16100.61;142.0;426;;0.2887;True;True;
EXTREMO;330455705290602;Rio de Janeiro;3304557;Barra da Tijuca;Sudeste;não;;22139.32;2702.45;8.2;16100.61;229.0;725;0.0072;0.0869;True;True;
EXTREMO;330455705291138;Rio de Janeiro;3304557;Barra da Tijuca;Sudeste;não;;22053.53;2702.45;8.2;16100.61;285.0;780;;0.0731;True;True;
EXTREMO;330455705291226;Rio de Janeiro;3304557;Barra da Tijuca;Sudeste;não;;22080.65;2702.45;8.2;16100.61;31.0;92;;0.0652;True;True;
EXTREMO;330455705291275;Rio de Janeiro;3304557;Barra da Tijuca;Sudeste;não;;22055.32;2702.45;8.2;16100.61;76.0;205;;0.1659;True;True;
EXTREMO;330490405000743;São Gonçalo;3304904;Pedro Alcântara;Sudeste;não;;15224.5;1853.3;8.2;4772.51;159.0;498;0.0158;0.2972;True;True;
EXTREMO;355030815000240;São Paulo;3550308;;Sudeste;não;;25343.58;3108.9;8.2;20232.52;93.0;270;;0.0407;True;True;
EXTREMO;355030832000187;São Paulo;3550308;;Sudeste;não;;25591.6;3108.9;8.2;20232.52;133.0;351;;0.094;True;True;
EXTREMO;355030841000127;São Paulo;3550308;;Sudeste;não;;25636.62;3108.9;8.2;20232.52;214.0;683;;0.0996;True;True;
EXTREMO;355030845000026;São Paulo;3550308;;Sudeste;não;;25645.82;3108.9;8.2;20232.52;53.0;129;;0.2403;True;True;
EXTREMO;355030848000242;São Paulo;3550308;;Sudeste;não;;25601.7;3108.9;8.2;20232.52;121.0;347;;0.0893;True;True;
EXTREMO;355030854000132;São Paulo;3550308;;Sudeste;não;;25539.47;3108.9;8.2;20232.52;79.0;190;0.0;;True;True;
EXTREMO;355030869000383;São Paulo;3550308;;Sudeste;não;;25514.71;3108.9;8.2;20232.52;34.0;76;0.0;0.0;True;True;
EXTREMO;355030890000407;São Paulo;3550308;;Sudeste;não;;25537.25;3108.9;8.2;20232.52;82.0;232;;0.0388;True;True;
EXTREMO;355030890000416;São Paulo;3550308;;Sudeste;não;;25461.0;3108.9;8.2;20232.52;141.0;455;0.0;0.0571;True;True;
EXTREMO;410690205090273;Curitiba;4106902;Cidade Industrial de Curitiba;Sul;não;;33752.86;4115.5;8.2;17999.52;253.0;810;;0.0815;True;True;
EXTREMO;130260305110298;Manaus;1302603;Nossa Senhora das Graças;Norte;não;;15094.98;1852.55;8.1;6265.62;250.0;565;;0.4;True;True;
EXTREMO;130260305130075;Manaus;1302603;Ponta Negra;Norte;não;;14927.29;1852.55;8.1;6265.62;45.0;141;0.0;0.4752;True;True;
EXTREMO;211130005001567;São Luís;2111300;;Nordeste;não;;14078.91;1745.24;8.1;8425.68;196.0;404;0.0;0.3787;False;True;
EXTREMO;221100105090141;Teresina;2211001;Tancredo Neves;Nordeste;não;;15451.81;1913.0;8.1;8229.75;239.0;568;;0.7958;True;True;
EXTREMO;230440005150104;Fortaleza;2304400;Meireles;Nordeste;não;;13867.19;1708.86;8.1;7273.3;296.0;754;;0.321;False;True;
EXTREMO;230440005150232;Fortaleza;2304400;Aldeota;Nordeste;não;;13865.53;1708.86;8.1;7273.3;275.0;799;;0.3429;False;True;
EXTREMO;230440005190199;Fortaleza;2304400;Guararapes;Nordeste;não;;13913.25;1708.86;8.1;7273.3;258.0;797;0.0096;0.3814;False;True;
EXTREMO;230440005190220;Fortaleza;2304400;Guararapes;Nordeste;não;;13920.53;1708.86;8.1;7273.3;239.0;652;0.009;0.3788;False;True;
EXTREMO;230440005200430;Fortaleza;2304400;Cambeba;Nordeste;não;;13894.3;1708.86;8.1;7273.3;106.0;325;;0.3846;False;True;
EXTREMO;240810205080168;Natal;2408102;Ribeira;Nordeste;não;;16393.78;2035.34;8.1;11639.32;91.0;260;;0.2692;True;True;
EXTREMO;261160605200301;Recife;2611606;Graças;Nordeste;não;;14375.67;1778.67;8.1;13138.88;210.0;502;0.0;0.2869;True;True;
EXTREMO;261160605200448;Recife;2611606;Graças;Nordeste;não;;14426.17;1778.67;8.1;13138.88;206.0;560;;0.2571;True;True;
EXTREMO;261160605200558;Recife;2611606;Tamarineira;Nordeste;não;;14396.78;1778.67;8.1;13138.88;190.0;498;;0.2108;True;True;
EXTREMO;261160605210374;Recife;2611606;Madalena;Nordeste;não;;14392.86;1778.67;8.1;13138.88;161.0;437;0.0;0.3181;True;True;
EXTREMO;261160605230530;Recife;2611606;Boa Viagem;Nordeste;não;;14330.04;1778.67;8.1;13138.88;230.0;665;0.0;0.1895;True;True;
EXTREMO;270430205060011;Maceió;2704302;Ponta Verde;Nordeste;não;;13899.82;1721.69;8.1;8099.28;266.0;545;;0.4018;False;True;
EXTREMO;292740805060092;Salvador;2927408;Itaigara;Nordeste;não;;13224.56;1637.87;8.1;8339.92;221.0;545;;0.422;False;True;
EXTREMO;292740805060394;Salvador;2927408;Pituba;Nordeste;não;;13285.63;1637.87;8.1;8339.92;156.0;407;;0.4668;False;True;
EXTREMO;292740805060436;Salvador;2927408;Pituba;Nordeste;não;;13300.27;1637.87;8.1;8339.92;410.0;1113;;0.3944;False;True;
EXTREMO;292740805090251;Salvador;2927408;Patamares;Nordeste;não;;13216.04;1637.87;8.1;8339.92;353.0;1088;0.0034;0.398;False;True;
EXTREMO;292740805090342;Salvador;2927408;Patamares;Nordeste;não;;13299.63;1637.87;8.1;8339.92;366.0;1026;;0.5556;False;True;
EXTREMO;292740805270176;Salvador;2927408;Barra;Nordeste;não;;13347.2;1637.87;8.1;8339.92;211.0;486;0.0;0.3004;False;True;
EXTREMO;310620005620415;Belo Horizonte;3106200;Santo Agostinho;Sudeste;não;;24793.6;3060.31;8.1;17598.99;156.0;446;;0.1592;True;True;
EXTREMO;330455705110221;Rio de Janeiro;3304557;Leblon;Sudeste;não;;21820.95;2702.45;8.1;16100.61;153.0;350;;0.0257;True;True;
EXTREMO;330455705110341;Rio de Janeiro;3304557;Jardim Botânico;Sudeste;não;;22023.3;2702.45;8.1;16100.61;169.0;487;0.0071;0.1478;True;True;
EXTREMO;330455705290957;Rio de Janeiro;3304557;Barra da Tijuca;Sudeste;não;;22000.08;2702.45;8.1;16100.61;169.0;401;;0.0748;True;True;
EXTREMO;330455705291125;Rio de Janeiro;3304557;Barra da Tijuca;Sudeste;não;;22018.99;2702.45;8.1;16100.61;82.0;246;0.0;0.1341;True;True;
EXTREMO;351880005001502;Guarulhos;3518800;Picanço;Sudeste;não;;19085.07;2361.56;8.1;9209.94;88.0;264;;0.2538;True;True;
EXTREMO;355030806000117;São Paulo;3550308;;Sudeste;não;;25203.68;3108.9;8.1;20232.52;95.0;290;;0.0552;True;True;
EXTREMO;355030815000196;São Paulo;3550308;;Sudeste;não;;25066.8;3108.9;8.1;20232.52;107.0;322;;0.0466;True;True;
EXTREMO;355030826000149;São Paulo;3550308;;Sudeste;não;;25148.02;3108.9;8.1;20232.52;115.0;315;0.0;0.1238;True;True;
EXTREMO;355030832000320;São Paulo;3550308;;Sudeste;não;;25089.25;3108.9;8.1;20232.52;64.0;153;0.0;0.1111;True;True;
EXTREMO;355030832000417;São Paulo;3550308;;Sudeste;não;;25325.32;3108.9;8.1;20232.52;117.0;263;;0.0722;True;True;
EXTREMO;355030835000269;São Paulo;3550308;;Sudeste;não;;25213.67;3108.9;8.1;20232.52;121.0;296;0.0;0.0135;True;True;
EXTREMO;355030835000380;São Paulo;3550308;;Sudeste;não;;25051.17;3108.9;8.1;20232.52;212.0;615;0.0;0.0569;True;True;
EXTREMO;355030845000067;São Paulo;3550308;;Sudeste;não;;25324.76;3108.9;8.1;20232.52;21.0;59;;0.0678;True;True;
EXTREMO;355030860000308;São Paulo;3550308;;Sudeste;não;;25273.07;3108.9;8.1;20232.52;135.0;325;;0.08;True;True;
EXTREMO;355030862000112;São Paulo;3550308;;Sudeste;não;;25131.34;3108.9;8.1;20232.52;125.0;342;0.0169;0.1813;True;True;
EXTREMO;355030883000059;São Paulo;3550308;;Sudeste;não;;25049.27;3108.9;8.1;20232.52;68.0;178;;0.0787;True;True;
EXTREMO;355030890000601;São Paulo;3550308;;Sudeste;não;;25299.23;3108.9;8.1;20232.52;133.0;375;0.0;0.0773;True;True;
EXTREMO;355030890000667;São Paulo;3550308;;Sudeste;não;;25315.61;3108.9;8.1;20232.52;64.0;143;0.0;0.0979;True;True;
EXTREMO;520870705290050;Goiânia;5208707;;Centro-Oeste;não;;25083.38;3112.75;8.1;13875.71;311.0;1028;;0.2597;True;True;
EXTREMO;530010805230013;Brasília;5300108;;Centro-Oeste;não;;28372.44;3518.5;8.1;22934.66;121.0;338;0.0;0.1657;True;True;
EXTREMO;130260305110022;Manaus;1302603;Aleixo;Norte;não;;14753.19;1852.55;8.0;6265.62;70.0;217;;0.4793;True;True;
EXTREMO;130260305130066;Manaus;1302603;Ponta Negra;Norte;não;;14799.83;1852.55;8.0;6265.62;110.0;321;;0.5265;True;True;
EXTREMO;150140245000248;Belém;1501402;Tapanã;Norte;não;;14506.19;1802.79;8.0;8315.28;204.0;699;0.0053;0.5107;True;True;
EXTREMO;150140250000132;Belém;1501402;Marambaia;Norte;não;;14492.68;1802.79;8.0;8315.28;230.0;693;0.0;0.6017;True;True;
EXTREMO;211130005000820;São Luís;2111300;;Nordeste;não;;13954.98;1745.24;8.0;8425.68;66.0;193;;0.3523;False;True;
EXTREMO;211130005001035;São Luís;2111300;;Nordeste;não;;13981.43;1745.24;8.0;8425.68;201.0;570;0.0;0.3474;False;True;
EXTREMO;230440005150258;Fortaleza;2304400;Meireles;Nordeste;não;;13636.01;1708.86;8.0;7273.3;342.0;714;;0.3277;False;True;
EXTREMO;230440005150325;Fortaleza;2304400;Meireles;Nordeste;não;;13613.53;1708.86;8.0;7273.3;207.0;567;;0.2469;False;True;
EXTREMO;230440005190164;Fortaleza;2304400;Guararapes;Nordeste;não;;13739.24;1708.86;8.0;7273.3;369.0;952;0.0113;0.3666;False;True;
EXTREMO;261160605190369;Recife;2611606;Rosarinho;Nordeste;não;;14290.29;1778.67;8.0;13138.88;263.0;649;0.0058;0.2912;True;True;
EXTREMO;261160605200444;Recife;2611606;Casa Amarela;Nordeste;não;;14278.0;1778.67;8.0;13138.88;208.0;576;0.0;0.2552;True;True;
EXTREMO;261160605200617;Recife;2611606;Casa Amarela;Nordeste;não;;14288.9;1778.67;8.0;13138.88;200.0;515;0.0158;0.2524;True;True;
EXTREMO;261160605230420;Recife;2611606;Boa Viagem;Nordeste;não;;14182.42;1778.67;8.0;13138.88;321.0;917;;0.253;True;True;
EXTREMO;292740805060117;Salvador;2927408;Caminho das Árvores;Nordeste;não;;13046.11;1637.87;8.0;8339.92;146.0;418;;0.4354;False;True;
EXTREMO;292740805060211;Salvador;2927408;Caminho das Árvores;Nordeste;não;;13058.51;1637.87;8.0;8339.92;182.0;484;0.0;0.4525;False;True;
EXTREMO;292740805060272;Salvador;2927408;Pituba;Nordeste;não;;13087.53;1637.87;8.0;8339.92;179.0;384;;0.4427;False;True;
EXTREMO;292740805060386;Salvador;2927408;Pituba;Nordeste;não;;13035.06;1637.87;8.0;8339.92;304.0;537;0.0105;0.3482;False;True;
EXTREMO;292740805060387;Salvador;2927408;Pituba;Nordeste;não;;13134.45;1637.87;8.0;8339.92;244.0;652;0.0185;0.3926;False;True;
EXTREMO;292740805060393;Salvador;2927408;Pituba;Nordeste;não;;13046.6;1637.87;8.0;8339.92;360.0;925;0.0065;0.3946;False;True;
EXTREMO;292740805070115;Salvador;2927408;Candeal;Nordeste;não;;13061.95;1637.87;8.0;8339.92;329.0;844;;0.4633;False;True;
EXTREMO;310620005620421;Belo Horizonte;3106200;Belvedere;Sudeste;não;;24630.59;3060.31;8.0;17598.99;197.0;482;0.0;0.0643;True;True;
EXTREMO;330455705090182;Rio de Janeiro;3304557;Flamengo;Sudeste;não;;21653.32;2702.45;8.0;16100.61;230.0;578;0.008;0.1211;True;True;
EXTREMO;330455705110416;Rio de Janeiro;3304557;Lagoa;Sudeste;não;;21539.26;2702.45;8.0;16100.61;106.0;238;0.0;0.0588;True;True;
EXTREMO;330455705290067;Rio de Janeiro;3304557;Barra da Tijuca;Sudeste;não;;21540.54;2702.45;8.0;16100.61;148.0;420;0.0;0.0476;True;True;
EXTREMO;330455705290095;Rio de Janeiro;3304557;Barra da Tijuca;Sudeste;não;;21704.88;2702.45;8.0;16100.61;186.0;517;0.0066;0.0774;True;True;
EXTREMO;330455705290956;Rio de Janeiro;3304557;Barra da Tijuca;Sudeste;não;;21658.22;2702.45;8.0;16100.61;225.0;581;;0.0723;True;True;
EXTREMO;350950205002417;Campinas;3509502;;Sudeste;não;;27295.92;3391.86;8.0;16181.01;49.0;190;0.0;0.0;True;True;
EXTREMO;355030802000119;São Paulo;3550308;;Sudeste;não;;24770.22;3108.9;8.0;20232.52;113.0;303;0.0;0.0924;True;True;
EXTREMO;355030815000239;São Paulo;3550308;;Sudeste;não;;24810.23;3108.9;8.0;20232.52;104.0;300;0.0;0.0433;True;True;
EXTREMO;355030832000313;São Paulo;3550308;;Sudeste;não;;24840.5;3108.9;8.0;20232.52;122.0;322;0.0;0.0311;True;True;
EXTREMO;355030832000413;São Paulo;3550308;;Sudeste;não;;24724.09;3108.9;8.0;20232.52;55.0;143;0.0;0.0699;True;True;
EXTREMO;355030835000193;São Paulo;3550308;;Sudeste;não;;24993.83;3108.9;8.0;20232.52;211.0;312;0.0;0.0673;True;True;
EXTREMO;355030835000237;São Paulo;3550308;;Sudeste;não;;24790.81;3108.9;8.0;20232.52;56.0;140;0.0;0.1071;True;True;
EXTREMO;355030854000063;São Paulo;3550308;;Sudeste;não;;24957.45;3108.9;8.0;20232.52;118.0;268;0.0;0.1978;True;True;
EXTREMO;520870705280006;Goiânia;5208707;;Centro-Oeste;não;;25016.45;3112.75;8.0;13875.71;250.0;827;0.0;0.2007;True;True;
EXTREMO;520870705610005;Goiânia;5208707;;Centro-Oeste;não;;24823.31;3112.75;8.0;13875.71;99.0;306;0.0;0.2614;True;True;
EXTREMO;530010805360169;Brasília;5300108;;Centro-Oeste;não;;28001.47;3518.5;8.0;22934.66;287.0;998;0.0;0.2315;True;True;
EXTREMO;130260305080232;Manaus;1302603;Lírio do Vale;Norte;não;;14638.67;1852.55;7.9;6265.62;21.0;95;0.0;0.5158;True;True;
EXTREMO;130260305110203;Manaus;1302603;Flores;Norte;não;;14554.59;1852.55;7.9;6265.62;248.0;737;;0.445;True;True;
EXTREMO;130260305110211;Manaus;1302603;Flores;Norte;não;;14661.12;1852.55;7.9;6265.62;86.0;324;;0.4167;True;True;
EXTREMO;130260305110288;Manaus;1302603;Aleixo;Norte;não;;14582.88;1852.55;7.9;6265.62;197.0;645;0.0;0.4434;True;True;
EXTREMO;221100105090182;Teresina;2211001;;Nordeste;não;;15065.19;1913.0;7.9;8229.75;271.0;1041;0.0091;0.4342;True;True;
EXTREMO;230440005150056;Fortaleza;2304400;Aldeota;Nordeste;não;;13534.48;1708.86;7.9;7273.3;206.0;567;0.0084;0.3739;False;True;
EXTREMO;230440005150227;Fortaleza;2304400;Aldeota;Nordeste;não;;13559.81;1708.86;7.9;7273.3;328.0;962;0.0061;0.3181;False;True;
EXTREMO;230440005150239;Fortaleza;2304400;Meireles;Nordeste;não;;13532.28;1708.86;7.9;7273.3;251.0;487;0.0067;0.3901;False;True;
EXTREMO;230440005150249;Fortaleza;2304400;Meireles;Nordeste;não;;13472.35;1708.86;7.9;7273.3;224.0;551;0.0061;0.3194;False;True;
EXTREMO;230440005190103;Fortaleza;2304400;Cocó;Nordeste;não;;13428.52;1708.86;7.9;7273.3;448.0;1176;0.003;0.3393;False;True;
EXTREMO;261160605200302;Recife;2611606;Graças;Nordeste;não;;13978.54;1778.67;7.9;13138.88;271.0;732;;0.2172;False;True;
EXTREMO;261160605230190;Recife;2611606;Boa Viagem;Nordeste;não;;14108.94;1778.67;7.9;13138.88;307.0;788;0.0126;0.2437;True;True;
EXTREMO;292740805060113;Salvador;2927408;Caminho das Árvores;Nordeste;não;;12912.76;1637.87;7.9;8339.92;117.0;241;0.0;0.361;False;True;
EXTREMO;292740805060395;Salvador;2927408;Pituba;Nordeste;não;;12951.43;1637.87;7.9;8339.92;234.0;701;;0.4522;False;True;
EXTREMO;292740805090015;Salvador;2927408;Piatã;Nordeste;não;;13002.67;1637.87;7.9;8339.92;90.0;279;;0.6022;False;True;
EXTREMO;292740805270073;Salvador;2927408;Barra;Nordeste;não;;12934.19;1637.87;7.9;8339.92;127.0;309;0.0311;0.2816;False;True;
EXTREMO;292740805270362;Salvador;2927408;Barra;Nordeste;não;;13011.13;1637.87;7.9;8339.92;163.0;372;;0.3199;False;True;
EXTREMO;330455705110066;Rio de Janeiro;3304557;Ipanema;Sudeste;não;;21296.5;2702.45;7.9;16100.61;114.0;266;;0.0677;True;True;
EXTREMO;330455705110340;Rio de Janeiro;3304557;Leblon;Sudeste;não;;21435.41;2702.45;7.9;16100.61;162.0;412;;0.0728;True;True;
EXTREMO;330455705290201;Rio de Janeiro;3304557;Barra da Tijuca;Sudeste;não;;21430.43;2702.45;7.9;16100.61;139.0;465;0.0122;0.2043;True;True;
EXTREMO;330455705290354;Rio de Janeiro;3304557;Barra da Tijuca;Sudeste;não;;21358.05;2702.45;7.9;16100.61;212.0;601;;0.0982;True;True;
EXTREMO;330455705290568;Rio de Janeiro;3304557;Barra da Tijuca;Sudeste;não;;21430.28;2702.45;7.9;16100.61;166.0;401;;0.1047;True;True;
EXTREMO;330455705291130;Rio de Janeiro;3304557;Barra da Tijuca;Sudeste;não;;21229.88;2702.45;7.9;16100.61;155.0;482;0.0;0.1058;True;True;
EXTREMO;330455705291247;Rio de Janeiro;3304557;Barra da Tijuca;Sudeste;não;;21431.61;2702.45;7.9;16100.61;38.0;99;0.0;0.2121;True;True;
EXTREMO;330490405000470;São Gonçalo;3304904;Vila Yara;Sudeste;não;;14583.1;1853.3;7.9;4772.51;40.0;78;0.0;0.5897;True;True;
EXTREMO;351880005001504;Guarulhos;3518800;Picanço;Sudeste;não;;18594.61;2361.56;7.9;9209.94;74.0;237;;0.1857;True;True;
EXTREMO;355030832000199;São Paulo;3550308;;Sudeste;não;;24434.68;3108.9;7.9;20232.52;122.0;309;0.0;0.0388;True;True;
EXTREMO;355030883000275;São Paulo;3550308;;Sudeste;não;;24477.72;3108.9;7.9;20232.52;174.0;293;0.0;0.1741;True;True;
EXTREMO;355030888000078;São Paulo;3550308;;Sudeste;não;;24443.44;3108.9;7.9;20232.52;153.0;457;;0.046;True;True;
EXTREMO;355030890000411;São Paulo;3550308;;Sudeste;não;;24500.16;3108.9;7.9;20232.52;39.0;108;;0.0278;True;True;
EXTREMO;355030890000682;São Paulo;3550308;;Sudeste;não;;24715.37;3108.9;7.9;20232.52;141.0;446;0.0;0.0179;True;True;
EXTREMO;355030890000711;São Paulo;3550308;;Sudeste;não;;24698.14;3108.9;7.9;20232.52;104.0;286;;0.0315;True;True;
EXTREMO;500270405120262;Campo Grande;5002704;Maria Aparecida Pedrossian;Centro-Oeste;não;;21644.46;2744.05;7.9;10591.42;180.0;594;0.0;0.1616;True;True;
EXTREMO;530010805160255;Brasília;5300108;;Centro-Oeste;não;;27639.66;3518.5;7.9;22934.66;300.0;932;0.0;0.2543;True;True;
EXTREMO;530010805230015;Brasília;5300108;;Centro-Oeste;não;;27926.5;3518.5;7.9;22934.66;123.0;388;0.0;0.1649;True;True;
EXTREMO;130260305110198;Manaus;1302603;Chapada;Norte;não;;14434.09;1852.55;7.8;6265.62;197.0;589;0.0063;0.3022;True;True;
EXTREMO;130260305110251;Manaus;1302603;São Geraldo;Norte;não;;14518.37;1852.55;7.8;6265.62;249.0;738;0.0049;0.5027;True;True;
EXTREMO;130260305110294;Manaus;1302603;Aleixo;Norte;não;;14449.74;1852.55;7.8;6265.62;152.0;337;;0.4154;True;True;
EXTREMO;130260305130079;Manaus;1302603;Ponta Negra;Norte;não;;14402.88;1852.55;7.8;6265.62;233.0;620;;0.45;True;True;
EXTREMO;211130005001485;São Luís;2111300;;Nordeste;não;;13574.12;1745.24;7.8;8425.68;259.0;743;;0.4105;False;True;
EXTREMO;211130005001653;São Luís;2111300;;Nordeste;não;;13614.55;1745.24;7.8;8425.68;279.0;609;0.0;0.3498;False;True;
EXTREMO;211130005001946;São Luís;2111300;;Nordeste;não;;13646.69;1745.24;7.8;8425.68;167.0;484;;0.2769;False;True;
EXTREMO;230440005150064;Fortaleza;2304400;Aldeota;Nordeste;não;;13353.21;1708.86;7.8;7273.3;302.0;745;0.0045;0.353;False;True;
EXTREMO;230440005150067;Fortaleza;2304400;Aldeota;Nordeste;não;;13265.66;1708.86;7.8;7273.3;373.0;949;0.0188;0.4521;False;True;
EXTREMO;230440005150114;Fortaleza;2304400;Meireles;Nordeste;não;;13289.12;1708.86;7.8;7273.3;299.0;740;0.0072;0.5081;False;True;
EXTREMO;230440005150237;Fortaleza;2304400;Meireles;Nordeste;não;;13318.96;1708.86;7.8;7273.3;243.0;619;0.0078;0.3263;False;True;
EXTREMO;230440005150251;Fortaleza;2304400;Meireles;Nordeste;não;;13276.37;1708.86;7.8;7273.3;187.0;512;0.0112;0.3633;False;True;
EXTREMO;261160605200154;Recife;2611606;Parnamirim;Nordeste;não;;13811.06;1778.67;7.8;13138.88;165.0;468;;0.2735;False;True;
EXTREMO;261160605200630;Recife;2611606;Casa Forte;Nordeste;não;;13824.88;1778.67;7.8;13138.88;147.0;417;;0.3141;False;True;
EXTREMO;261160605210478;Recife;2611606;Ilha do Retiro;Nordeste;não;;13806.58;1778.67;7.8;13138.88;95.0;282;;0.2766;False;True;
EXTREMO;261160605230467;Recife;2611606;Boa Viagem;Nordeste;não;;13794.54;1778.67;7.8;13138.88;332.0;944;0.018;0.2542;False;True;
EXTREMO;261160605230681;Recife;2611606;Boa Viagem;Nordeste;não;;13844.24;1778.67;7.8;13138.88;128.0;319;;0.1661;False;True;
EXTREMO;270430205060128;Maceió;2704302;Ponta Verde;Nordeste;não;;13479.54;1721.69;7.8;8099.28;218.0;579;;0.3351;False;True;
EXTREMO;292740805060119;Salvador;2927408;Pituba;Nordeste;não;;12764.62;1637.87;7.8;8339.92;200.0;483;;0.3706;False;True;
EXTREMO;292740805090250;Salvador;2927408;Patamares;Nordeste;não;;12805.11;1637.87;7.8;8339.92;343.0;1066;;0.4765;False;True;
EXTREMO;292740805270183;Salvador;2927408;Graça;Nordeste;não;;12829.04;1637.87;7.8;8339.92;178.0;434;0.0079;0.4355;False;True;
EXTREMO;292740805270373;Salvador;2927408;Vitória;Nordeste;não;;12701.18;1637.87;7.8;8339.92;111.0;276;;0.4022;False;True;
EXTREMO;330455705110076;Rio de Janeiro;3304557;Ipanema;Sudeste;não;;21111.22;2702.45;7.8;16100.61;141.0;331;0.0;0.1541;True;True;
EXTREMO;330455705110084;Rio de Janeiro;3304557;Ipanema;Sudeste;não;;21058.3;2702.45;7.8;16100.61;135.0;295;0.0;0.0305;True;True;
EXTREMO;330455705110093;Rio de Janeiro;3304557;Ipanema;Sudeste;não;;21148.37;2702.45;7.8;16100.61;265.0;590;;0.1441;True;True;
EXTREMO;330455705110207;Rio de Janeiro;3304557;Leblon;Sudeste;não;;20985.44;2702.45;7.8;16100.61;120.0;296;;0.0845;True;True;
EXTREMO;330455705290806;Rio de Janeiro;3304557;Barra da Tijuca;Sudeste;não;;21212.54;2702.45;7.8;16100.61;81.0;257;;0.1245;True;True;
EXTREMO;330455705290807;Rio de Janeiro;3304557;Barra da Tijuca;Sudeste;não;;21196.57;2702.45;7.8;16100.61;175.0;527;0.0;0.1632;True;True;
EXTREMO;330455705290989;Rio de Janeiro;3304557;Barra da Tijuca;Sudeste;não;;21182.19;2702.45;7.8;16100.61;74.0;222;0.0;0.1577;True;True;
EXTREMO;330455705291131;Rio de Janeiro;3304557;Barra da Tijuca;Sudeste;não;;20946.43;2702.45;7.8;16100.61;184.0;594;0.0;0.0774;True;True;
EXTREMO;354870805001453;São Bernardo do Campo;3548708;Centro;Sudeste;não;;26312.27;3371.95;7.8;14607.28;107.0;359;0.0;0.0557;True;True;
EXTREMO;354870805001476;São Bernardo do Campo;3548708;Centro;Sudeste;não;;26144.47;3371.95;7.8;14607.28;151.0;379;;0.1794;True;True;
EXTREMO;355030802000118;São Paulo;3550308;;Sudeste;não;;24250.03;3108.9;7.8;20232.52;36.0;85;0.0;0.1176;True;True;
EXTREMO;355030807000318;São Paulo;3550308;;Sudeste;não;;24130.1;3108.9;7.8;20232.52;104.0;322;0.0;0.0373;True;True;
EXTREMO;355030832000227;São Paulo;3550308;;Sudeste;não;;24336.13;3108.9;7.8;20232.52;78.0;210;0.0;0.0286;True;True;
EXTREMO;355030832000349;São Paulo;3550308;;Sudeste;não;;24363.91;3108.9;7.8;20232.52;120.0;357;0.0;0.0616;True;True;
EXTREMO;355030832000351;São Paulo;3550308;;Sudeste;não;;24360.82;3108.9;7.8;20232.52;102.0;262;;0.1069;True;True;
EXTREMO;355030832000407;São Paulo;3550308;;Sudeste;não;;24221.17;3108.9;7.8;20232.52;147.0;198;;0.1364;True;True;
EXTREMO;355030835000231;São Paulo;3550308;;Sudeste;não;;24265.85;3108.9;7.8;20232.52;124.0;212;0.0;0.0755;True;True;
EXTREMO;355030835000267;São Paulo;3550308;;Sudeste;não;;24095.04;3108.9;7.8;20232.52;97.0;225;;0.0711;True;True;
EXTREMO;355030838000532;São Paulo;3550308;;Sudeste;não;;24337.66;3108.9;7.8;20232.52;77.0;236;0.0;0.0763;True;True;
EXTREMO;355030845000231;São Paulo;3550308;;Sudeste;não;;24300.96;3108.9;7.8;20232.52;99.0;234;0.0;0.094;True;True;
EXTREMO;355030854000128;São Paulo;3550308;;Sudeste;não;;24302.81;3108.9;7.8;20232.52;87.0;153;0.0;0.0327;True;True;
EXTREMO;355030854000129;São Paulo;3550308;;Sudeste;não;;24384.49;3108.9;7.8;20232.52;75.0;204;;0.1176;True;True;
EXTREMO;355030883000426;São Paulo;3550308;;Sudeste;não;;24194.58;3108.9;7.8;20232.52;224.0;625;;0.0832;True;True;
EXTREMO;355030890000349;São Paulo;3550308;;Sudeste;não;;24219.73;3108.9;7.8;20232.52;64.0;153;;0.0523;True;True;
EXTREMO;355030890000747;São Paulo;3550308;;Sudeste;não;;24214.87;3108.9;7.8;20232.52;120.0;338;0.0;0.0385;True;True;
EXTREMO;355030890000749;São Paulo;3550308;;Sudeste;não;;24285.68;3108.9;7.8;20232.52;71.0;175;;0.1257;True;True;
EXTREMO;130260305110300;Manaus;1302603;Adrianópolis;Norte;não;;14267.14;1852.55;7.7;6265.62;184.0;434;;0.3687;True;True;
EXTREMO;150080005000076;Ananindeua;1500800;;Norte;não;;13650.23;1772.53;7.7;6318.54;150.0;499;;0.481;False;True;
EXTREMO;150140245000074;Belém;1501402;Parque Verde;Norte;não;;13809.76;1802.79;7.7;8315.28;273.0;1005;0.0049;0.5134;False;True;
EXTREMO;211130005001269;São Luís;2111300;;Nordeste;não;;13433.42;1745.24;7.7;8425.68;185.0;598;;0.3177;False;True;
EXTREMO;211130005001656;São Luís;2111300;;Nordeste;não;;13437.2;1745.24;7.7;8425.68;191.0;559;;0.3703;False;True;
EXTREMO;230440005150082;Fortaleza;2304400;Aldeota;Nordeste;não;;13217.65;1708.86;7.7;7273.3;260.0;703;0.0063;0.3186;False;True;
EXTREMO;230440005150162;Fortaleza;2304400;Mucuripe;Nordeste;não;;13211.57;1708.86;7.7;7273.3;263.0;678;0.007;0.4204;False;True;
EXTREMO;230440005150270;Fortaleza;2304400;Varjota;Nordeste;não;;13120.27;1708.86;7.7;7273.3;218.0;576;0.006;0.3021;False;True;
EXTREMO;230440005190025;Fortaleza;2304400;Cocó;Nordeste;não;;13128.22;1708.86;7.7;7273.3;240.0;631;;0.336;False;True;
EXTREMO;230440005190030;Fortaleza;2304400;Cocó;Nordeste;não;;13227.08;1708.86;7.7;7273.3;318.0;852;0.0042;0.3052;False;True;
EXTREMO;230440005190056;Fortaleza;2304400;Cocó;Nordeste;não;;13242.85;1708.86;7.7;7273.3;445.0;1197;0.0072;0.3592;False;True;
EXTREMO;230440005190062;Fortaleza;2304400;Cocó;Nordeste;não;;13098.2;1708.86;7.7;7273.3;285.0;733;0.0047;0.3656;False;True;
EXTREMO;230440005190094;Fortaleza;2304400;Manuel Dias Branco;Nordeste;não;;13225.17;1708.86;7.7;7273.3;208.0;575;;0.3583;False;True;
EXTREMO;261160605200288;Recife;2611606;Tamarineira;Nordeste;não;;13753.18;1778.67;7.7;13138.88;219.0;522;0.0088;0.3142;False;True;
EXTREMO;261160605230458;Recife;2611606;Boa Viagem;Nordeste;não;;13713.08;1778.67;7.7;13138.88;203.0;559;;0.1485;False;True;
EXTREMO;261160605230484;Recife;2611606;Boa Viagem;Nordeste;não;;13711.33;1778.67;7.7;13138.88;222.0;522;0.0;0.2222;False;True;
EXTREMO;270430205060019;Maceió;2704302;Ponta Verde;Nordeste;não;;13235.76;1721.69;7.7;8099.28;189.0;456;;0.2939;False;True;
EXTREMO;270430205130045;Maceió;2704302;Cruz das Almas;Nordeste;não;;13200.33;1721.69;7.7;8099.28;345.0;964;0.014;0.4108;False;True;
EXTREMO;292740805060079;Salvador;2927408;Pituba;Nordeste;não;;12679.83;1637.87;7.7;8339.92;120.0;275;0.016;0.4436;False;True;
EXTREMO;292740805060404;Salvador;2927408;Caminho das Árvores;Nordeste;não;;12640.94;1637.87;7.7;8339.92;210.0;498;;0.3896;False;True;
EXTREMO;292740805060453;Salvador;2927408;Pituba;Nordeste;não;;12652.31;1637.87;7.7;8339.92;182.0;508;0.0109;0.4449;False;True;
EXTREMO;292740805060490;Salvador;2927408;Rio Vermelho;Nordeste;não;;12581.42;1637.87;7.7;8339.92;222.0;584;0.0114;0.3579;False;True;
EXTREMO;292740805270265;Salvador;2927408;Barra;Nordeste;não;;12531.49;1637.87;7.7;8339.92;68.0;124;;0.2742;False;True;
EXTREMO;312230605000418;Divinópolis;3122306;;Sudeste;não;;18628.57;2407.86;7.7;7127.51;36.0;130;0.0;0.2154;True;True;
EXTREMO;330455705110001;Rio de Janeiro;3304557;Ipanema;Sudeste;não;;20725.0;2702.45;7.7;16100.61;67.0;148;;0.1284;True;True;
EXTREMO;330455705110053;Rio de Janeiro;3304557;Lagoa;Sudeste;não;;20709.58;2702.45;7.7;16100.61;173.0;395;;0.1165;True;True;
EXTREMO;330455705110067;Rio de Janeiro;3304557;Ipanema;Sudeste;não;;20839.55;2702.45;7.7;16100.61;111.0;262;;0.1794;True;True;
EXTREMO;330455705110252;Rio de Janeiro;3304557;Jardim Botânico;Sudeste;não;;20711.19;2702.45;7.7;16100.61;67.0;180;;0.0778;True;True;
EXTREMO;330455705110369;Rio de Janeiro;3304557;São Conrado;Sudeste;não;;20923.18;2702.45;7.7;16100.61;124.0;277;;0.0253;True;True;
EXTREMO;330455705291244;Rio de Janeiro;3304557;Barra da Tijuca;Sudeste;não;;20724.53;2702.45;7.7;16100.61;107.0;322;;0.1056;True;True;
EXTREMO;330455705291280;Rio de Janeiro;3304557;Barra da Tijuca;Sudeste;não;;20918.83;2702.45;7.7;16100.61;152.0;420;;0.1595;True;True;
EXTREMO;330455705291303;Rio de Janeiro;3304557;Camorim;Sudeste;não;;20729.31;2702.45;7.7;16100.61;58.0;199;;0.2261;True;True;
EXTREMO;350950205001907;Campinas;3509502;;Sudeste;não;;26154.73;3391.86;7.7;16181.01;222.0;694;0.0092;0.0605;True;True;
EXTREMO;351870105000494;Guarujá;3518701;Enseada;Sudeste;não;;19984.99;2593.08;7.7;12458.12;166.0;435;0.0112;0.4989;True;True;
EXTREMO;355030815000249;São Paulo;3550308;;Sudeste;não;;23978.26;3108.9;7.7;20232.52;128.0;348;;0.0546;True;True;
EXTREMO;355030832000273;São Paulo;3550308;;Sudeste;não;;24050.65;3108.9;7.7;20232.52;85.0;210;0.0;0.0143;True;True;
EXTREMO;355030832000348;São Paulo;3550308;;Sudeste;não;;23849.41;3108.9;7.7;20232.52;83.0;214;;0.1262;True;True;
EXTREMO;355030834000293;São Paulo;3550308;;Sudeste;não;;23843.28;3108.9;7.7;20232.52;283.0;381;0.0;0.1575;True;True;
EXTREMO;355030845000311;São Paulo;3550308;;Sudeste;não;;23992.73;3108.9;7.7;20232.52;59.0;155;0.0;0.0452;True;True;
EXTREMO;355030883000191;São Paulo;3550308;;Sudeste;não;;23830.74;3108.9;7.7;20232.52;109.0;270;;0.0519;True;True;
EXTREMO;355030883000454;São Paulo;3550308;;Sudeste;não;;23967.79;3108.9;7.7;20232.52;95.0;289;0.0;0.0484;True;True;
EXTREMO;355030890000342;São Paulo;3550308;;Sudeste;não;;23802.01;3108.9;7.7;20232.52;150.0;367;0.0;0.0572;True;True;
EXTREMO;355030890000343;São Paulo;3550308;;Sudeste;não;;23873.73;3108.9;7.7;20232.52;78.0;202;0.0162;0.0248;True;True;
EXTREMO;355030890000600;São Paulo;3550308;;Sudeste;não;;23939.6;3108.9;7.7;20232.52;85.0;215;;0.0419;True;True;
EXTREMO;500270405070138;Campo Grande;5002704;Santa Fé;Centro-Oeste;não;;21081.38;2744.05;7.7;10591.42;218.0;578;;0.1522;True;True;
EXTREMO;520870705030017;Goiânia;5208707;;Centro-Oeste;não;;24047.98;3112.75;7.7;13875.71;357.0;1005;0.0039;0.2259;True;True;
EXTREMO;520870705280004;Goiânia;5208707;;Centro-Oeste;não;;24060.9;3112.75;7.7;13875.71;294.0;929;0.0062;0.1733;True;True;
EXTREMO;530010805060375;Brasília;5300108;;Centro-Oeste;não;;27103.97;3518.5;7.7;22934.66;212.0;405;;0.3432;True;True;
EXTREMO;130260305130142;Manaus;1302603;Ponta Negra;Norte;não;;14163.92;1852.55;7.6;6265.62;218.0;740;0.0055;0.5257;True;True;
EXTREMO;130260305130189;Manaus;1302603;Ponta Negra;Norte;não;;13987.84;1852.55;7.6;6265.62;37.0;125;;0.552;False;True;
EXTREMO;150140205000092;Belém;1501402;São Brás;Norte;não;;13725.65;1802.79;7.6;8315.28;302.0;765;0.0;0.4314;False;True;
EXTREMO;150140205000252;Belém;1501402;Umarizal;Norte;não;;13761.61;1802.79;7.6;8315.28;203.0;627;0.0093;0.3525;False;True;
EXTREMO;230440005150083;Fortaleza;2304400;Aldeota;Nordeste;não;;12944.02;1708.86;7.6;7273.3;141.0;383;0.0118;0.3394;False;True;
EXTREMO;230440005150118;Fortaleza;2304400;Meireles;Nordeste;não;;12904.02;1708.86;7.6;7273.3;108.0;224;;0.183;False;True;
EXTREMO;230440005150233;Fortaleza;2304400;Aldeota;Nordeste;não;;12916.31;1708.86;7.6;7273.3;291.0;803;0.0166;0.3425;False;True;
EXTREMO;230440005200150;Fortaleza;2304400;Parque Iracema;Nordeste;não;;13034.38;1708.86;7.6;7273.3;162.0;509;0.0;0.4735;False;True;
EXTREMO;261160605190301;Recife;2611606;Rosarinho;Nordeste;não;;13478.97;1778.67;7.6;13138.88;290.0;722;;0.2756;False;True;
EXTREMO;261160605190326;Recife;2611606;Rosarinho;Nordeste;não;;13474.96;1778.67;7.6;13138.88;300.0;856;0.0046;0.3084;False;True;
EXTREMO;261160605200218;Recife;2611606;Tamarineira;Nordeste;não;;13516.4;1778.67;7.6;13138.88;187.0;491;0.0095;0.2566;False;True;
EXTREMO;261160605200601;Recife;2611606;Graças;Nordeste;não;;13494.9;1778.67;7.6;13138.88;151.0;339;0.0;0.2389;False;True;
EXTREMO;261160605210686;Recife;2611606;Madalena;Nordeste;não;;13508.2;1778.67;7.6;13138.88;291.0;844;0.0;0.3164;False;True;
EXTREMO;261160605230320;Recife;2611606;Boa Viagem;Nordeste;não;;13593.8;1778.67;7.6;13138.88;303.0;727;;0.2517;False;True;
EXTREMO;261160605230486;Recife;2611606;Boa Viagem;Nordeste;não;;13512.44;1778.67;7.6;13138.88;247.0;537;0.0064;0.2365;False;True;
EXTREMO;261160605230658;Recife;2611606;Boa Viagem;Nordeste;não;;13501.99;1778.67;7.6;13138.88;104.0;337;;0.2641;False;True;
EXTREMO;261160605230736;Recife;2611606;Boa Viagem;Nordeste;não;;13549.37;1778.67;7.6;13138.88;264.0;603;;0.3449;False;True;
EXTREMO;270430205060115;Maceió;2704302;Ponta Verde;Nordeste;não;;13117.81;1721.69;7.6;8099.28;250.0;622;;0.3585;False;True;
EXTREMO;292740805060087;Salvador;2927408;Pituba;Nordeste;não;;12399.65;1637.87;7.6;8339.92;292.0;680;0.0066;0.4265;False;True;
EXTREMO;292740805060095;Salvador;2927408;Itaigara;Nordeste;não;;12524.06;1637.87;7.6;8339.92;196.0;485;0.0;0.3567;False;True;
EXTREMO;292740805060111;Salvador;2927408;Pituba;Nordeste;não;;12441.13;1637.87;7.6;8339.92;104.0;302;0.0;0.3874;False;True;
EXTREMO;292740805060400;Salvador;2927408;Pituba;Nordeste;não;;12495.08;1637.87;7.6;8339.92;238.0;588;;0.4473;False;True;
EXTREMO;292740805270164;Salvador;2927408;Graça;Nordeste;não;;12381.61;1637.87;7.6;8339.92;208.0;530;0.0084;0.2981;False;True;
EXTREMO;292740805270295;Salvador;2927408;Ondina;Nordeste;não;;12386.68;1637.87;7.6;8339.92;39.0;84;;0.3095;False;True;
EXTREMO;292740805270296;Salvador;2927408;Ondina;Nordeste;não;;12428.57;1637.87;7.6;8339.92;128.0;208;;0.3269;False;True;
EXTREMO;330455705090183;Rio de Janeiro;3304557;Flamengo;Sudeste;não;;20621.05;2702.45;7.6;16100.61;185.0;488;0.012;0.1619;True;True;
EXTREMO;330455705110054;Rio de Janeiro;3304557;Lagoa;Sudeste;não;;20498.31;2702.45;7.6;16100.61;208.0;495;0.012;0.1657;True;True;
EXTREMO;330455705110086;Rio de Janeiro;3304557;Ipanema;Sudeste;não;;20491.61;2702.45;7.6;16100.61;130.0;307;0.0;0.0782;True;True;
EXTREMO;330455705291157;Rio de Janeiro;3304557;Barra da Tijuca;Sudeste;não;;20432.79;2702.45;7.6;16100.61;119.0;325;;0.1477;True;True;
EXTREMO;330455705291232;Rio de Janeiro;3304557;Barra da Tijuca;Sudeste;não;;20604.21;2702.45;7.6;16100.61;48.0;147;0.0;0.1837;True;True;
EXTREMO;355030802000042;São Paulo;3550308;;Sudeste;não;;23528.0;3108.9;7.6;20232.52;213.0;527;;0.0569;True;True;
EXTREMO;355030806000115;São Paulo;3550308;;Sudeste;não;;23608.99;3108.9;7.6;20232.52;96.0;284;;0.0528;True;True;
EXTREMO;355030832000162;São Paulo;3550308;;Sudeste;não;;23586.63;3108.9;7.6;20232.52;143.0;313;;0.099;True;True;
EXTREMO;355030832000244;São Paulo;3550308;;Sudeste;não;;23750.1;3108.9;7.6;20232.52;130.0;370;0.0;0.073;True;True;
EXTREMO;355030832000247;São Paulo;3550308;;Sudeste;não;;23722.94;3108.9;7.6;20232.52;135.0;403;0.0;0.0645;True;True;
EXTREMO;355030832000419;São Paulo;3550308;;Sudeste;não;;23507.06;3108.9;7.6;20232.52;105.0;217;0.0;0.0922;True;True;
EXTREMO;355030835000102;São Paulo;3550308;;Sudeste;não;;23518.4;3108.9;7.6;20232.52;109.0;268;0.0;0.0485;True;True;
EXTREMO;355030835000298;São Paulo;3550308;;Sudeste;não;;23757.05;3108.9;7.6;20232.52;160.0;309;;0.0712;True;True;
EXTREMO;355030835000327;São Paulo;3550308;;Sudeste;não;;23652.2;3108.9;7.6;20232.52;147.0;427;;0.0984;True;True;
EXTREMO;355030835000330;São Paulo;3550308;;Sudeste;não;;23677.57;3108.9;7.6;20232.52;137.0;340;0.0;0.0441;True;True;
EXTREMO;355030835000331;São Paulo;3550308;;Sudeste;não;;23755.84;3108.9;7.6;20232.52;65.0;219;0.0;0.032;True;True;
EXTREMO;355030835000367;São Paulo;3550308;;Sudeste;não;;23556.25;3108.9;7.6;20232.52;156.0;278;;0.3058;True;True;
EXTREMO;355030835000379;São Paulo;3550308;;Sudeste;não;;23545.92;3108.9;7.6;20232.52;86.0;126;0.0;0.0794;True;True;
EXTREMO;355030838000540;São Paulo;3550308;;Sudeste;não;;23563.28;3108.9;7.6;20232.52;181.0;568;0.0;0.0792;True;True;
EXTREMO;355030845000160;São Paulo;3550308;;Sudeste;não;;23479.08;3108.9;7.6;20232.52;207.0;420;;0.0762;True;True;
EXTREMO;355030845000340;São Paulo;3550308;;Sudeste;não;;23701.72;3108.9;7.6;20232.52;119.0;295;0.0116;0.0644;True;True;
EXTREMO;355030845000449;São Paulo;3550308;;Sudeste;não;;23673.98;3108.9;7.6;20232.52;115.0;294;0.0;0.0646;True;True;
EXTREMO;355030848000133;São Paulo;3550308;;Sudeste;não;;23554.2;3108.9;7.6;20232.52;202.0;558;;0.0502;True;True;
EXTREMO;355030854000117;São Paulo;3550308;;Sudeste;não;;23781.71;3108.9;7.6;20232.52;99.0;213;0.015;0.0892;True;True;
EXTREMO;355030854000149;São Paulo;3550308;;Sudeste;não;;23500.09;3108.9;7.6;20232.52;59.0;164;0.0;0.0854;True;True;
EXTREMO;355030862000252;São Paulo;3550308;;Sudeste;não;;23779.01;3108.9;7.6;20232.52;191.0;420;0.0;0.05;True;True;
EXTREMO;355030883000167;São Paulo;3550308;;Sudeste;não;;23700.98;3108.9;7.6;20232.52;105.0;293;;0.0444;True;True;
EXTREMO;355030894000343;São Paulo;3550308;;Sudeste;não;;23740.29;3108.9;7.6;20232.52;80.0;233;0.0152;0.0987;True;True;
EXTREMO;500270405120162;Campo Grande;5002704;Maria Aparecida Pedrossian;Centro-Oeste;não;;20971.54;2744.05;7.6;10591.42;113.0;360;0.0;0.0861;True;True;
EXTREMO;500270405120263;Campo Grande;5002704;Maria Aparecida Pedrossian;Centro-Oeste;não;;20722.49;2744.05;7.6;10591.42;169.0;580;0.0;0.0862;True;True;
EXTREMO;520870705610004;Goiânia;5208707;;Centro-Oeste;não;;23562.26;3112.75;7.6;13875.71;144.0;447;;0.2148;True;True;
EXTREMO;520870705630137;Goiânia;5208707;;Centro-Oeste;não;;23514.71;3112.75;7.6;13875.71;102.0;355;0.0;0.3662;True;True;
EXTREMO;130260305110205;Manaus;1302603;Aleixo;Norte;não;;13929.65;1852.55;7.5;6265.62;199.0;579;;0.399;False;True;
EXTREMO;130260305110335;Manaus;1302603;Adrianópolis;Norte;não;;13985.54;1852.55;7.5;6265.62;183.0;501;;0.3333;False;True;
EXTREMO;150080005000678;Ananindeua;1500800;;Norte;não;;13373.45;1772.53;7.5;6318.54;174.0;591;;0.5787;False;True;
EXTREMO;150140205000193;Belém;1501402;Nazaré;Norte;não;;13460.7;1802.79;7.5;8315.28;212.0;570;0.0078;0.4123;False;True;
EXTREMO;150140245000091;Belém;1501402;Parque Verde;Norte;não;;13593.47;1802.79;7.5;8315.28;131.0;487;0.0;0.4723;False;True;
EXTREMO;150140245000326;Belém;1501402;Parque Verde;Norte;não;;13499.67;1802.79;7.5;8315.28;155.0;549;0.009;0.4554;False;True;
EXTREMO;211130005001154;São Luís;2111300;;Nordeste;não;;13134.62;1745.24;7.5;8425.68;132.0;393;0.0;0.4529;False;True;
EXTREMO;221100105070184;Teresina;2211001;Jóquei;Nordeste;não;;14436.66;1913.0;7.5;8229.75;218.0;570;0.008;0.3947;True;True;
EXTREMO;230440005150436;Fortaleza;2304400;Dionísio Torres;Nordeste;não;;12787.73;1708.86;7.5;7273.3;199.0;546;0.0085;0.3755;False;True;
EXTREMO;230440005190036;Fortaleza;2304400;Cocó;Nordeste;não;;12864.71;1708.86;7.5;7273.3;646.0;1733;0.0035;0.3572;False;True;
EXTREMO;230440005190055;Fortaleza;2304400;Cocó;Nordeste;não;;12856.0;1708.86;7.5;7273.3;200.0;539;;0.3803;False;True;
EXTREMO;240810205080144;Natal;2408102;Tirol;Nordeste;não;;15189.21;2035.34;7.5;11639.32;384.0;1137;;0.2287;True;True;
EXTREMO;261160605190294;Recife;2611606;Encruzilhada;Nordeste;não;;13343.0;1778.67;7.5;13138.88;185.0;529;0.0091;0.3233;False;True;
EXTREMO;261160605200319;Recife;2611606;Parnamirim;Nordeste;não;;13426.92;1778.67;7.5;13138.88;224.0;545;;0.2862;False;True;
EXTREMO;261160605200629;Recife;2611606;Casa Forte;Nordeste;não;;13287.25;1778.67;7.5;13138.88;294.0;801;0.0087;0.2597;False;True;
EXTREMO;261160605210258;Recife;2611606;Madalena;Nordeste;não;;13313.21;1778.67;7.5;13138.88;268.0;661;;0.3495;False;True;
EXTREMO;261160605230489;Recife;2611606;Boa Viagem;Nordeste;não;;13419.85;1778.67;7.5;13138.88;149.0;382;0.0119;0.1832;False;True;
EXTREMO;261160605230517;Recife;2611606;Boa Viagem;Nordeste;não;;13306.4;1778.67;7.5;13138.88;357.0;948;0.0042;0.2743;False;True;
EXTREMO;261160605230649;Recife;2611606;Pina;Nordeste;não;;13362.55;1778.67;7.5;13138.88;168.0;320;0.0;0.3062;False;True;
EXTREMO;270430205060111;Maceió;2704302;Ponta Verde;Nordeste;não;;12928.27;1721.69;7.5;8099.28;264.0;672;;0.2649;False;True;
EXTREMO;270430205060181;Maceió;2704302;Jatiúca;Nordeste;não;;12841.26;1721.69;7.5;8099.28;225.0;500;0.0113;0.392;False;True;
EXTREMO;270430205100239;Maceió;2704302;Serraria;Nordeste;não;;12900.02;1721.69;7.5;8099.28;279.0;1000;0.0249;0.37;False;True;
EXTREMO;270470805000087;Marechal Deodoro;2704708;;Nordeste;não;;14648.79;1963.78;7.5;7087.91;177.0;650;0.0338;0.38;True;True;
EXTREMO;292740805060077;Salvador;2927408;Pituba;Nordeste;não;;12258.35;1637.87;7.5;8339.92;210.0;490;;0.4245;False;True;
EXTREMO;292740805060099;Salvador;2927408;Itaigara;Nordeste;não;;12363.19;1637.87;7.5;8339.92;172.0;445;;0.2787;False;True;
EXTREMO;292740805060214;Salvador;2927408;Pituba;Nordeste;não;;12330.39;1637.87;7.5;8339.92;182.0;518;;0.4865;False;True;
EXTREMO;292740805060236;Salvador;2927408;Pituba;Nordeste;não;;12332.82;1637.87;7.5;8339.92;258.0;643;;0.4728;False;True;
EXTREMO;292740805270068;Salvador;2927408;Ondina;Nordeste;não;;12227.66;1637.87;7.5;8339.92;246.0;591;;0.4416;False;True;
EXTREMO;292740805270081;Salvador;2927408;Graça;Nordeste;não;;12303.37;1637.87;7.5;8339.92;228.0;561;0.0097;0.3512;False;True;
EXTREMO;292740805270087;Salvador;2927408;Canela;Nordeste;não;;12241.03;1637.87;7.5;8339.92;118.0;280;;0.3571;False;True;
EXTREMO;292740805270301;Salvador;2927408;Graça;Nordeste;não;;12284.18;1637.87;7.5;8339.92;221.0;492;;0.3333;False;True;
EXTREMO;310620005620002;Belo Horizonte;3106200;Funcionários;Sudeste;não;;22980.25;3060.31;7.5;17598.99;158.0;448;0.0;0.1384;True;True;
EXTREMO;330455705090187;Rio de Janeiro;3304557;Flamengo;Sudeste;não;;20293.82;2702.45;7.5;16100.61;233.0;494;;0.1457;True;True;
EXTREMO;330455705110138;Rio de Janeiro;3304557;Ipanema;Sudeste;não;;20214.51;2702.45;7.5;16100.61;245.0;539;0.0065;0.1095;True;True;
EXTREMO;330455705110184;Rio de Janeiro;3304557;Leblon;Sudeste;não;;20358.45;2702.45;7.5;16100.61;203.0;429;;0.1026;True;True;
EXTREMO;330455705110224;Rio de Janeiro;3304557;Leblon;Sudeste;não;;20261.56;2702.45;7.5;16100.61;294.0;670;0.0;0.1;True;True;
EXTREMO;330455705290604;Rio de Janeiro;3304557;Barra da Tijuca;Sudeste;não;;20222.31;2702.45;7.5;16100.61;176.0;391;0.0145;0.0128;True;True;
EXTREMO;330455705290746;Rio de Janeiro;3304557;Barra da Tijuca;Sudeste;não;;20401.24;2702.45;7.5;16100.61;327.0;745;0.0;0.1329;True;True;
EXTREMO;330455705291088;Rio de Janeiro;3304557;Barra da Tijuca;Sudeste;não;;20203.7;2702.45;7.5;16100.61;54.0;151;0.0;0.1258;True;True;
EXTREMO;330455705291114;Rio de Janeiro;3304557;Barra da Tijuca;Sudeste;não;;20261.74;2702.45;7.5;16100.61;135.0;447;0.0105;0.1588;True;True;
EXTREMO;330455705291225;Rio de Janeiro;3304557;Barra da Tijuca;Sudeste;não;;20140.06;2702.45;7.5;16100.61;67.0;218;;0.2385;True;True;
EXTREMO;330455705291245;Rio de Janeiro;3304557;Barra da Tijuca;Sudeste;não;;20163.67;2702.45;7.5;16100.61;35.0;81;0.0;0.0864;True;True;
EXTREMO;355030802000016;São Paulo;3550308;;Sudeste;não;;23360.42;3108.9;7.5;20232.52;105.0;292;0.0;0.0753;True;True;
EXTREMO;355030814000156;São Paulo;3550308;;Sudeste;não;;23256.06;3108.9;7.5;20232.52;71.0;193;0.0181;0.2591;True;True;
EXTREMO;355030816000239;São Paulo;3550308;;Sudeste;não;;23468.55;3108.9;7.5;20232.52;158.0;528;;0.0909;True;True;
EXTREMO;355030826000044;São Paulo;3550308;;Sudeste;não;;23219.5;3108.9;7.5;20232.52;162.0;382;0.0089;0.1021;True;True;
EXTREMO;355030832000228;São Paulo;3550308;;Sudeste;não;;23424.6;3108.9;7.5;20232.52;84.0;236;;0.0975;True;True;
EXTREMO;355030835000232;São Paulo;3550308;;Sudeste;não;;23215.01;3108.9;7.5;20232.52;131.0;314;0.0;0.0541;True;True;
EXTREMO;355030835000240;São Paulo;3550308;;Sudeste;não;;23398.04;3108.9;7.5;20232.52;115.0;198;;0.0606;True;True;
EXTREMO;355030835000309;São Paulo;3550308;;Sudeste;não;;23325.45;3108.9;7.5;20232.52;104.0;234;0.0;0.0641;True;True;
EXTREMO;355030848000212;São Paulo;3550308;;Sudeste;não;;23314.05;3108.9;7.5;20232.52;204.0;517;0.0;0.0561;True;True;
EXTREMO;355030854000130;São Paulo;3550308;;Sudeste;não;;23186.05;3108.9;7.5;20232.52;80.0;174;;0.0632;True;True;
EXTREMO;355030862000077;São Paulo;3550308;;Sudeste;não;;23204.44;3108.9;7.5;20232.52;203.0;532;0.0;0.047;True;True;
EXTREMO;355030866000269;São Paulo;3550308;;Sudeste;não;;23317.68;3108.9;7.5;20232.52;34.0;65;0.0;0.0769;True;True;
EXTREMO;355030871000040;São Paulo;3550308;;Sudeste;não;;23468.64;3108.9;7.5;20232.52;279.0;792;0.0061;0.0518;True;True;
EXTREMO;355030883000181;São Paulo;3550308;;Sudeste;não;;23164.63;3108.9;7.5;20232.52;128.0;319;0.0;0.0878;True;True;
EXTREMO;355030883000276;São Paulo;3550308;;Sudeste;não;;23338.27;3108.9;7.5;20232.52;340.0;702;0.0051;0.1481;True;True;
EXTREMO;355030883000286;São Paulo;3550308;;Sudeste;não;;23394.42;3108.9;7.5;20232.52;72.0;237;0.0;0.038;True;True;
EXTREMO;355030883000414;São Paulo;3550308;;Sudeste;não;;23306.02;3108.9;7.5;20232.52;60.0;209;0.0;0.0574;True;True;
EXTREMO;355030890000671;São Paulo;3550308;;Sudeste;não;;23200.14;3108.9;7.5;20232.52;98.0;246;0.0;0.0488;True;True;
EXTREMO;355030890000686;São Paulo;3550308;;Sudeste;não;;23304.3;3108.9;7.5;20232.52;72.0;165;;0.0182;True;True;
EXTREMO;355030890000704;São Paulo;3550308;;Sudeste;não;;23365.46;3108.9;7.5;20232.52;96.0;216;0.0;0.0417;True;True;
EXTREMO;355030890000781;São Paulo;3550308;;Sudeste;não;;23258.74;3108.9;7.5;20232.52;77.0;234;;0.1239;True;True;
EXTREMO;410690205010178;Curitiba;4106902;Batel;Sul;não;;30864.04;4115.5;7.5;17999.52;291.0;689;0.0064;0.0305;True;True;
EXTREMO;500270405070140;Campo Grande;5002704;Santa Fé;Centro-Oeste;não;;20697.94;2744.05;7.5;10591.42;188.0;507;0.0;0.1164;True;True;
EXTREMO;520870705610003;Goiânia;5208707;;Centro-Oeste;não;;23455.6;3112.75;7.5;13875.71;91.0;311;0.0;0.328;True;True;
EXTREMO;130260305110098;Manaus;1302603;Adrianópolis;Norte;não;;13661.58;1852.55;7.4;6265.62;205.0;552;;0.4656;False;True;
EXTREMO;130260305130080;Manaus;1302603;Ponta Negra;Norte;não;;13778.0;1852.55;7.4;6265.62;59.0;211;;0.3934;False;True;
EXTREMO;130260305130176;Manaus;1302603;Ponta Negra;Norte;não;;13737.07;1852.55;7.4;6265.62;374.0;1056;;0.4669;False;True;
EXTREMO;150080005000811;Ananindeua;1500800;;Norte;não;;13179.19;1772.53;7.4;6318.54;202.0;751;0.0051;0.5193;False;True;
EXTREMO;150140205000160;Belém;1501402;Umarizal;Norte;não;;13274.95;1802.79;7.4;8315.28;216.0;569;0.0065;0.4394;False;True;
EXTREMO;150140205000254;Belém;1501402;Umarizal;Norte;não;;13369.73;1802.79;7.4;8315.28;202.0;609;;0.4187;False;True;
EXTREMO;211130005001484;São Luís;2111300;;Nordeste;não;;12998.78;1745.24;7.4;8425.68;87.0;229;;0.2926;False;True;
EXTREMO;221100105070361;Teresina;2211001;Uruguai;Nordeste;não;;14195.66;1913.0;7.4;8229.75;205.0;636;0.0228;0.4717;True;True;
EXTREMO;230440005150238;Fortaleza;2304400;Meireles;Nordeste;não;;12682.98;1708.86;7.4;7273.3;187.0;433;;0.3441;False;True;
EXTREMO;230440005150260;Fortaleza;2304400;Meireles;Nordeste;não;;12685.81;1708.86;7.4;7273.3;240.0;584;0.0079;0.3733;False;True;
EXTREMO;230440005190254;Fortaleza;2304400;Engenheiro Luciano Cavalcante;Nordeste;não;;12710.13;1708.86;7.4;7273.3;81.0;271;0.0317;0.4465;False;True;
EXTREMO;240810205080184;Natal;2408102;Tirol;Nordeste;não;;15065.97;2035.34;7.4;11639.32;332.0;965;0.005;0.2798;True;True;
EXTREMO;261160605200152;Recife;2611606;Parnamirim;Nordeste;não;;13249.64;1778.67;7.4;13138.88;225.0;629;;0.2512;False;True;
EXTREMO;261160605230331;Recife;2611606;Boa Viagem;Nordeste;não;;13242.28;1778.67;7.4;13138.88;140.0;422;0.0115;0.1967;False;True;
EXTREMO;270430205080001;Maceió;2704302;Gruta de Lourdes;Nordeste;não;;12735.27;1721.69;7.4;8099.28;212.0;677;0.0098;0.3796;False;True;
EXTREMO;291080005110183;Feira de Santana;2910800;Sim;Nordeste;não;;12943.05;1753.99;7.4;6770.95;195.0;617;0.0064;0.517;False;True;
EXTREMO;292740805060098;Salvador;2927408;Itaigara;Nordeste;não;;12134.89;1637.87;7.4;8339.92;283.0;736;;0.3546;False;True;
EXTREMO;292740805060102;Salvador;2927408;Caminho das Árvores;Nordeste;não;;12107.28;1637.87;7.4;8339.92;330.0;693;0.0;0.3737;False;True;
EXTREMO;292740805060321;Salvador;2927408;Itaigara;Nordeste;não;;12192.75;1637.87;7.4;8339.92;152.0;377;;0.3979;False;True;
EXTREMO;292740805060403;Salvador;2927408;Caminho das Árvores;Nordeste;não;;12162.29;1637.87;7.4;8339.92;351.0;830;0.0059;0.453;False;True;
EXTREMO;292740805060421;Salvador;2927408;Pituba;Nordeste;não;;12060.26;1637.87;7.4;8339.92;418.0;880;;0.4534;False;True;
EXTREMO;292740805090349;Salvador;2927408;Patamares;Nordeste;não;;12187.82;1637.87;7.4;8339.92;205.0;383;0.0;0.5144;False;True;
EXTREMO;330455705090109;Rio de Janeiro;3304557;Botafogo;Sudeste;não;;19979.01;2702.45;7.4;16100.61;184.0;437;;0.103;True;True;
EXTREMO;330455705110136;Rio de Janeiro;3304557;Ipanema;Sudeste;não;;20110.56;2702.45;7.4;16100.61;147.0;329;0.0;0.0699;True;True;
EXTREMO;330455705110150;Rio de Janeiro;3304557;Leblon;Sudeste;não;;19940.24;2702.45;7.4;16100.61;144.0;325;;0.0708;True;True;
EXTREMO;330455705110176;Rio de Janeiro;3304557;Leblon;Sudeste;não;;20002.56;2702.45;7.4;16100.61;178.0;331;0.0;0.1118;True;True;
EXTREMO;330455705110417;Rio de Janeiro;3304557;Lagoa;Sudeste;não;;20063.07;2702.45;7.4;16100.61;187.0;445;;0.0449;True;True;
EXTREMO;330455705290519;Rio de Janeiro;3304557;Barra da Tijuca;Sudeste;não;;20098.62;2702.45;7.4;16100.61;76.0;238;;0.1975;True;True;
EXTREMO;330455705290597;Rio de Janeiro;3304557;Barra da Tijuca;Sudeste;não;;19943.29;2702.45;7.4;16100.61;206.0;570;0.0;0.0789;True;True;
EXTREMO;330455705290615;Rio de Janeiro;3304557;Barra da Tijuca;Sudeste;não;;19933.89;2702.45;7.4;16100.61;185.0;439;;0.1253;True;True;
EXTREMO;330455705290714;Rio de Janeiro;3304557;Barra da Tijuca;Sudeste;não;;19877.27;2702.45;7.4;16100.61;94.0;300;0.0;0.22;True;True;
EXTREMO;330455705290942;Rio de Janeiro;3304557;Barra da Tijuca;Sudeste;não;;20092.45;2702.45;7.4;16100.61;159.0;454;0.0;0.13;True;True;
EXTREMO;330455705291278;Rio de Janeiro;3304557;Barra da Tijuca;Sudeste;não;;20013.8;2702.45;7.4;16100.61;180.0;508;;0.1339;True;True;
EXTREMO;354870805001454;São Bernardo do Campo;3548708;Centro;Sudeste;não;;24976.42;3371.95;7.4;14607.28;106.0;365;;0.1096;True;True;
EXTREMO;355030807000319;São Paulo;3550308;;Sudeste;não;;23069.23;3108.9;7.4;20232.52;87.0;224;0.0;0.0402;True;True;
EXTREMO;355030815000070;São Paulo;3550308;;Sudeste;não;;22933.93;3108.9;7.4;20232.52;121.0;301;;0.0764;True;True;
EXTREMO;355030815000161;São Paulo;3550308;;Sudeste;não;;23152.56;3108.9;7.4;20232.52;101.0;257;;0.0467;True;True;
EXTREMO;355030832000200;São Paulo;3550308;;Sudeste;não;;23036.16;3108.9;7.4;20232.52;84.0;201;0.0;0.0498;True;True;
EXTREMO;355030832000201;São Paulo;3550308;;Sudeste;não;;22935.27;3108.9;7.4;20232.52;99.0;240;;0.0875;True;True;
EXTREMO;355030835000132;São Paulo;3550308;;Sudeste;não;;22920.37;3108.9;7.4;20232.52;242.0;379;0.0;0.0792;True;True;
EXTREMO;355030835000278;São Paulo;3550308;;Sudeste;não;;23021.58;3108.9;7.4;20232.52;146.0;371;0.0094;0.1078;True;True;
EXTREMO;355030845000258;São Paulo;3550308;;Sudeste;não;;22933.03;3108.9;7.4;20232.52;117.0;298;;0.0436;True;True;
EXTREMO;355030854000002;São Paulo;3550308;;Sudeste;não;;22974.36;3108.9;7.4;20232.52;154.0;250;0.0;0.0;True;True;
EXTREMO;355030862000242;São Paulo;3550308;;Sudeste;não;;23125.89;3108.9;7.4;20232.52;158.0;297;0.0;0.0875;True;True;
EXTREMO;355030888000057;São Paulo;3550308;;Sudeste;não;;23129.7;3108.9;7.4;20232.52;167.0;480;;0.075;True;True;
EXTREMO;530010805060477;Brasília;5300108;;Centro-Oeste;não;;25897.72;3518.5;7.4;22934.66;414.0;928;0.0067;0.2188;True;True;
EXTREMO;530010805230064;Brasília;5300108;;Centro-Oeste;não;;25930.63;3518.5;7.4;22934.66;50.0;183;0.0;0.1913;True;True;
EXTREMO;130260305110027;Manaus;1302603;Parque 10 de Novembro;Norte;não;;13613.05;1852.55;7.3;6265.62;218.0;619;0.0056;0.4233;False;True;
EXTREMO;130260305110107;Manaus;1302603;Nossa Senhora das Graças;Norte;não;;13439.94;1852.55;7.3;6265.62;291.0;729;0.0128;0.4733;False;True;
EXTREMO;150080005000132;Ananindeua;1500800;;Norte;não;;12877.36;1772.53;7.3;6318.54;130.0;417;0.0;0.5683;False;True;
EXTREMO;150140205000054;Belém;1501402;Nazaré;Norte;não;;13191.27;1802.79;7.3;8315.28;274.0;792;0.0;0.3977;False;True;
EXTREMO;150140205000174;Belém;1501402;Umarizal;Norte;não;;13247.35;1802.79;7.3;8315.28;333.0;941;;0.4644;False;True;
EXTREMO;150140205000243;Belém;1501402;Nazaré;Norte;não;;13141.04;1802.79;7.3;8315.28;285.0;807;;0.4102;False;True;
EXTREMO;150140245000325;Belém;1501402;Parque Verde;Norte;não;;13158.83;1802.79;7.3;8315.28;124.0;444;;0.5023;False;True;
EXTREMO;230440005150054;Fortaleza;2304400;Aldeota;Nordeste;não;;12516.25;1708.86;7.3;7273.3;225.0;635;0.0;0.348;False;True;
EXTREMO;230440005150431;Fortaleza;2304400;Dionísio Torres;Nordeste;não;;12395.86;1708.86;7.3;7273.3;128.0;363;0.0091;0.3691;False;True;
EXTREMO;230440005150472;Fortaleza;2304400;Dionísio Torres;Nordeste;não;;12474.79;1708.86;7.3;7273.3;202.0;576;0.0063;0.3698;False;True;
EXTREMO;230440005190063;Fortaleza;2304400;Cocó;Nordeste;não;;12483.18;1708.86;7.3;7273.3;284.0;773;;0.379;False;True;
EXTREMO;240810205070279;Natal;2408102;Lagoa Nova;Nordeste;não;;14811.42;2035.34;7.3;11639.32;276.0;818;;0.2971;True;True;
EXTREMO;240810205080070;Natal;2408102;Tirol;Nordeste;não;;14827.82;2035.34;7.3;11639.32;395.0;1073;0.0054;0.2367;True;True;
EXTREMO;240810205080147;Natal;2408102;Tirol;Nordeste;não;;14767.53;2035.34;7.3;11639.32;180.0;482;0.0163;0.2365;True;True;
EXTREMO;270430205060023;Maceió;2704302;Ponta Verde;Nordeste;não;;12516.02;1721.69;7.3;8099.28;233.0;644;0.0093;0.3463;False;True;
EXTREMO;270430205060121;Maceió;2704302;Jatiúca;Nordeste;não;;12510.46;1721.69;7.3;8099.28;350.0;934;0.0063;0.3812;False;True;
EXTREMO;292740805060097;Salvador;2927408;Itaigara;Nordeste;não;;12037.05;1637.87;7.3;8339.92;144.0;463;;0.3434;False;True;
EXTREMO;292740805060396;Salvador;2927408;Pituba;Nordeste;não;;12037.29;1637.87;7.3;8339.92;298.0;702;0.0;0.3946;False;True;
EXTREMO;292740805090266;Salvador;2927408;Pituaçu;Nordeste;não;;11887.51;1637.87;7.3;8339.92;181.0;487;;0.5852;False;True;
EXTREMO;292740805220689;Salvador;2927408;Pernambués;Nordeste;não;;11961.5;1637.87;7.3;8339.92;350.0;1119;0.0121;0.5979;False;True;
EXTREMO;292740805220692;Salvador;2927408;Caminho das Árvores;Nordeste;não;;12029.41;1637.87;7.3;8339.92;263.0;439;0.0096;0.5103;False;True;
EXTREMO;292740805270154;Salvador;2927408;Vitória;Nordeste;não;;12031.06;1637.87;7.3;8339.92;232.0;459;;0.3464;False;True;
EXTREMO;292740805270266;Salvador;2927408;Barra;Nordeste;não;;12024.5;1637.87;7.3;8339.92;58.0;74;0.0;0.527;False;True;
EXTREMO;310620005670673;Belo Horizonte;3106200;Gutierrez;Sudeste;não;;22398.11;3060.31;7.3;17598.99;209.0;621;;0.1143;True;True;
EXTREMO;330455705100033;Rio de Janeiro;3304557;Leme;Sudeste;não;;19763.9;2702.45;7.3;16100.61;78.0;165;0.0;0.1152;True;True;
EXTREMO;330455705110031;Rio de Janeiro;3304557;Lagoa;Sudeste;não;;19824.34;2702.45;7.3;16100.61;238.0;531;;0.0772;True;True;
EXTREMO;330455705110230;Rio de Janeiro;3304557;Leblon;Sudeste;não;;19819.26;2702.45;7.3;16100.61;223.0;540;;0.0648;True;True;
EXTREMO;330455705110378;Rio de Janeiro;3304557;Lagoa;Sudeste;não;;19807.78;2702.45;7.3;16100.61;91.0;249;0.0;0.0321;True;True;
EXTREMO;330455705110419;Rio de Janeiro;3304557;Ipanema;Sudeste;não;;19645.84;2702.45;7.3;16100.61;136.0;279;;0.0896;True;True;
EXTREMO;330455705130353;Rio de Janeiro;3304557;Tijuca;Sudeste;não;;19808.3;2702.45;7.3;16100.61;263.0;741;;0.1471;True;True;
EXTREMO;330455705291212;Rio de Janeiro;3304557;Barra da Tijuca;Sudeste;não;;19663.32;2702.45;7.3;16100.61;151.0;335;;0.2567;True;True;
EXTREMO;355030802000096;São Paulo;3550308;;Sudeste;não;;22633.39;3108.9;7.3;20232.52;103.0;300;0.0151;0.06;True;True;
EXTREMO;355030807000320;São Paulo;3550308;;Sudeste;não;;22695.04;3108.9;7.3;20232.52;81.0;214;;0.0374;True;True;
EXTREMO;355030815000176;São Paulo;3550308;;Sudeste;não;;22711.14;3108.9;7.3;20232.52;201.0;639;;0.0454;True;True;
EXTREMO;355030816000125;São Paulo;3550308;;Sudeste;não;;22584.36;3108.9;7.3;20232.52;193.0;507;0.0;0.0828;True;True;
EXTREMO;355030820000173;São Paulo;3550308;;Sudeste;não;;22599.23;3108.9;7.3;20232.52;261.0;891;;0.0976;True;True;
EXTREMO;355030826000161;São Paulo;3550308;;Sudeste;não;;22714.72;3108.9;7.3;20232.52;113.0;263;;0.0798;True;True;
EXTREMO;355030827000291;São Paulo;3550308;;Sudeste;não;;22614.04;3108.9;7.3;20232.52;122.0;331;0.0;0.0;True;True;
EXTREMO;355030832000276;São Paulo;3550308;;Sudeste;não;;22756.33;3108.9;7.3;20232.52;67.0;174;0.0;0.1264;True;True;
EXTREMO;355030834000240;São Paulo;3550308;;Sudeste;não;;22724.79;3108.9;7.3;20232.52;135.0;486;0.0;0.0412;True;True;
EXTREMO;355030834000328;São Paulo;3550308;;Sudeste;não;;22769.24;3108.9;7.3;20232.52;105.0;316;;0.1171;True;True;
EXTREMO;355030835000294;São Paulo;3550308;;Sudeste;não;;22767.22;3108.9;7.3;20232.52;65.0;173;0.0;0.0462;True;True;
EXTREMO;355030835000302;São Paulo;3550308;;Sudeste;não;;22685.11;3108.9;7.3;20232.52;73.0;147;0.0;0.0204;True;True;
EXTREMO;355030842000490;São Paulo;3550308;;Sudeste;não;;22779.57;3108.9;7.3;20232.52;52.0;166;;0.5482;True;True;
EXTREMO;355030845000310;São Paulo;3550308;;Sudeste;não;;22772.73;3108.9;7.3;20232.52;12.0;35;0.0;0.0857;True;True;
EXTREMO;355030848000225;São Paulo;3550308;;Sudeste;não;;22594.41;3108.9;7.3;20232.52;360.0;1082;0.0127;0.1701;True;True;
EXTREMO;355030848000258;São Paulo;3550308;;Sudeste;não;;22645.56;3108.9;7.3;20232.52;217.0;661;;0.1014;True;True;
EXTREMO;355030854000156;São Paulo;3550308;;Sudeste;não;;22632.68;3108.9;7.3;20232.52;250.0;635;;0.1039;True;True;
EXTREMO;355030877000448;São Paulo;3550308;;Sudeste;não;;22688.21;3108.9;7.3;20232.52;59.0;165;0.0;0.0667;True;True;
EXTREMO;355030883000180;São Paulo;3550308;;Sudeste;não;;22717.19;3108.9;7.3;20232.52;71.0;197;0.0;0.0457;True;True;
EXTREMO;355030888000079;São Paulo;3550308;;Sudeste;não;;22660.87;3108.9;7.3;20232.52;163.0;532;;0.109;True;True;
EXTREMO;355030890000308;São Paulo;3550308;;Sudeste;não;;22673.98;3108.9;7.3;20232.52;115.0;180;;0.1;True;True;
EXTREMO;530010805060523;Brasília;5300108;;Centro-Oeste;não;;25698.27;3518.5;7.3;22934.66;293.0;880;;0.2216;True;True;
EXTREMO;530010805230019;Brasília;5300108;;Centro-Oeste;não;;25533.6;3518.5;7.3;22934.66;185.0;597;;0.1658;True;True;
EXTREMO;530010805350109;Brasília;5300108;;Centro-Oeste;não;;25838.15;3518.5;7.3;22934.66;171.0;488;0.0;0.1721;True;True;
EXTREMO;130260305110283;Manaus;1302603;Parque 10 de Novembro;Norte;não;;13349.23;1852.55;7.2;6265.62;151.0;489;;0.4867;False;True;
EXTREMO;130260305110345;Manaus;1302603;Flores;Norte;não;;13256.16;1852.55;7.2;6265.62;232.0;637;0.006;0.6358;False;True;
EXTREMO;130260305130007;Manaus;1302603;Tarumã;Norte;não;;13427.95;1852.55;7.2;6265.62;249.0;890;0.0057;0.5562;False;True;
EXTREMO;130260305130072;Manaus;1302603;Ponta Negra;Norte;não;;13274.18;1852.55;7.2;6265.62;112.0;317;0.0;0.4227;False;True;
EXTREMO;130260305130138;Manaus;1302603;Ponta Negra;Norte;não;;13354.05;1852.55;7.2;6265.62;227.0;607;;0.542;False;True;
EXTREMO;130260305130174;Manaus;1302603;Ponta Negra;Norte;não;;13269.9;1852.55;7.2;6265.62;130.0;434;;0.5276;False;True;
EXTREMO;150140205000260;Belém;1501402;Jurunas;Norte;não;;12933.84;1802.79;7.2;8315.28;247.0;760;0.0113;0.4724;False;True;
EXTREMO;150140245000243;Belém;1501402;Tapanã;Norte;não;;13024.45;1802.79;7.2;8315.28;236.0;859;;0.5949;False;True;
EXTREMO;211130005001140;São Luís;2111300;;Nordeste;não;;12502.08;1745.24;7.2;8425.68;96.0;269;;0.4387;False;True;
EXTREMO;221100105070188;Teresina;2211001;Horto;Nordeste;não;;13715.55;1913.0;7.2;8229.75;311.0;845;0.0;0.3373;False;True;
EXTREMO;230440005150051;Fortaleza;2304400;Aldeota;Nordeste;não;;12263.65;1708.86;7.2;7273.3;295.0;865;0.0104;0.3572;False;True;
EXTREMO;230440005150100;Fortaleza;2304400;Meireles;Nordeste;não;;12281.93;1708.86;7.2;7273.3;275.0;705;;0.3546;False;True;
EXTREMO;230440005150129;Fortaleza;2304400;Varjota;Nordeste;não;;12316.82;1708.86;7.2;7273.3;166.0;506;;0.3281;False;True;
EXTREMO;230440005190163;Fortaleza;2304400;Guararapes;Nordeste;não;;12338.87;1708.86;7.2;7273.3;139.0;406;;0.4212;False;True;
EXTREMO;230440005190174;Fortaleza;2304400;Engenheiro Luciano Cavalcante;Nordeste;não;;12322.63;1708.86;7.2;7273.3;314.0;757;;0.3844;False;True;
EXTREMO;240810205070143;Natal;2408102;Candelária;Nordeste;não;;14579.89;2035.34;7.2;11639.32;344.0;947;0.0061;0.2946;True;True;
EXTREMO;270430205060012;Maceió;2704302;Ponta Verde;Nordeste;não;;12311.55;1721.69;7.2;8099.28;162.0;443;;0.3318;False;True;
EXTREMO;270430205060014;Maceió;2704302;Ponta Verde;Nordeste;não;;12413.7;1721.69;7.2;8099.28;277.0;661;;0.2496;False;True;
EXTREMO;270430205080098;Maceió;2704302;Farol;Nordeste;não;;12349.73;1721.69;7.2;8099.28;512.0;1478;0.0073;0.3681;False;True;
EXTREMO;292740805060091;Salvador;2927408;Pituba;Nordeste;não;;11864.89;1637.87;7.2;8339.92;284.0;621;0.0162;0.3833;False;True;
EXTREMO;292740805060122;Salvador;2927408;Pituba;Nordeste;não;;11733.1;1637.87;7.2;8339.92;480.0;1195;0.0039;0.4569;False;True;
EXTREMO;292740805060278;Salvador;2927408;Pituba;Nordeste;não;;11717.16;1637.87;7.2;8339.92;320.0;788;;0.3693;False;True;
EXTREMO;292740805070388;Salvador;2927408;Candeal;Nordeste;não;;11856.11;1637.87;7.2;8339.92;165.0;411;0.0084;0.4988;False;True;
EXTREMO;292740805270036;Salvador;2927408;Graça;Nordeste;não;;11723.1;1637.87;7.2;8339.92;369.0;777;;0.3127;False;True;
EXTREMO;292740805270169;Salvador;2927408;Graça;Nordeste;não;;11774.61;1637.87;7.2;8339.92;128.0;305;;0.3049;False;True;
EXTREMO;292740805270185;Salvador;2927408;Ondina;Nordeste;não;;11746.92;1637.87;7.2;8339.92;250.0;527;;0.3169;False;True;
EXTREMO;292740805270371;Salvador;2927408;Vitória;Nordeste;não;;11726.84;1637.87;7.2;8339.92;157.0;338;;0.3876;False;True;
EXTREMO;292740805270387;Salvador;2927408;Calabar;Nordeste;não;;11830.04;1637.87;7.2;8339.92;113.0;259;0.0;0.4363;False;True;
EXTREMO;330350005100349;Nova Iguaçu;3303500;Centro;Sudeste;não;;12769.71;1773.89;7.2;4578.21;256.0;685;;0.2044;False;True;
EXTREMO;330455705100280;Rio de Janeiro;3304557;Copacabana;Sudeste;não;;19430.9;2702.45;7.2;16100.61;139.0;336;0.0097;0.0952;True;True;
EXTREMO;330455705110079;Rio de Janeiro;3304557;Ipanema;Sudeste;não;;19471.08;2702.45;7.2;16100.61;258.0;552;0.0;0.1268;True;True;
EXTREMO;330455705110107;Rio de Janeiro;3304557;Lagoa;Sudeste;não;;19332.59;2702.45;7.2;16100.61;166.0;402;;0.1368;True;True;
EXTREMO;330455705110174;Rio de Janeiro;3304557;Leblon;Sudeste;não;;19353.05;2702.45;7.2;16100.61;193.0;402;0.014;0.0846;True;True;
EXTREMO;330455705110231;Rio de Janeiro;3304557;Leblon;Sudeste;não;;19467.34;2702.45;7.2;16100.61;198.0;476;;0.0777;True;True;
EXTREMO;330455705110363;Rio de Janeiro;3304557;Jardim Botânico;Sudeste;não;;19429.61;2702.45;7.2;16100.61;253.0;535;;0.1533;True;True;
EXTREMO;330455705290608;Rio de Janeiro;3304557;Barra da Tijuca;Sudeste;não;;19396.54;2702.45;7.2;16100.61;180.0;489;0.0;0.1554;True;True;
EXTREMO;330455705291224;Rio de Janeiro;3304557;Barra da Tijuca;Sudeste;não;;19427.02;2702.45;7.2;16100.61;68.0;195;0.0;0.1949;True;True;
EXTREMO;330455705291271;Rio de Janeiro;3304557;Barra da Tijuca;Sudeste;não;;19492.24;2702.45;7.2;16100.61;108.0;318;0.0;0.1384;True;True;
EXTREMO;330455705291306;Rio de Janeiro;3304557;Barra da Tijuca;Sudeste;não;;19361.49;2702.45;7.2;16100.61;178.0;465;;0.1935;True;True;
EXTREMO;350950205001934;Campinas;3509502;;Sudeste;não;;24509.63;3391.86;7.2;16181.01;104.0;342;;0.1082;True;True;
EXTREMO;351880005001651;Guarulhos;3518800;Centro;Sudeste;não;;17120.09;2361.56;7.2;9209.94;108.0;334;0.0;0.1317;True;True;
EXTREMO;354870805001116;São Bernardo do Campo;3548708;Taboão;Sudeste;não;;24249.23;3371.95;7.2;14607.28;106.0;326;0.0;0.1656;True;True;
EXTREMO;355030802000094;São Paulo;3550308;;Sudeste;não;;22500.2;3108.9;7.2;20232.52;105.0;265;0.013;0.1283;True;True;
EXTREMO;355030802000160;São Paulo;3550308;;Sudeste;não;;22398.86;3108.9;7.2;20232.52;154.0;402;0.0;0.0448;True;True;
EXTREMO;355030802000168;São Paulo;3550308;;Sudeste;não;;22415.91;3108.9;7.2;20232.52;117.0;303;;0.0099;True;True;
EXTREMO;355030826000254;São Paulo;3550308;;Sudeste;não;;22418.99;3108.9;7.2;20232.52;90.0;269;;0.0595;True;True;
EXTREMO;355030832000219;São Paulo;3550308;;Sudeste;não;;22309.09;3108.9;7.2;20232.52;66.0;167;0.0;0.0299;True;True;
EXTREMO;355030832000279;São Paulo;3550308;;Sudeste;não;;22426.07;3108.9;7.2;20232.52;83.0;231;;0.0649;True;True;
EXTREMO;355030832000316;São Paulo;3550308;;Sudeste;não;;22249.34;3108.9;7.2;20232.52;74.0;180;0.0;0.05;True;True;
EXTREMO;355030834000263;São Paulo;3550308;;Sudeste;não;;22357.25;3108.9;7.2;20232.52;85.0;259;0.0;0.0656;True;True;
EXTREMO;355030835000104;São Paulo;3550308;;Sudeste;não;;22401.19;3108.9;7.2;20232.52;85.0;203;;0.0542;True;True;
EXTREMO;355030845000261;São Paulo;3550308;;Sudeste;não;;22395.55;3108.9;7.2;20232.52;82.0;270;;0.0741;True;True;
EXTREMO;355030845000442;São Paulo;3550308;;Sudeste;não;;22520.95;3108.9;7.2;20232.52;89.0;180;0.0;0.1;True;True;
EXTREMO;355030854000007;São Paulo;3550308;;Sudeste;não;;22270.51;3108.9;7.2;20232.52;112.0;183;;0.0219;True;True;
EXTREMO;355030854000039;São Paulo;3550308;;Sudeste;não;;22290.0;3108.9;7.2;20232.52;79.0;225;;0.0844;True;True;
EXTREMO;355030854000099;São Paulo;3550308;;Sudeste;não;;22498.46;3108.9;7.2;20232.52;138.0;218;;0.3349;True;True;
EXTREMO;355030867000139;São Paulo;3550308;;Sudeste;não;;22251.16;3108.9;7.2;20232.52;91.0;247;0.0;0.081;True;True;
EXTREMO;355030871000266;São Paulo;3550308;;Sudeste;não;;22390.84;3108.9;7.2;20232.52;194.0;505;0.0;0.0713;True;True;
EXTREMO;355030880000012;São Paulo;3550308;;Sudeste;não;;22244.5;3108.9;7.2;20232.52;146.0;358;0.0152;0.1676;True;True;
EXTREMO;355030890000412;São Paulo;3550308;;Sudeste;não;;22409.89;3108.9;7.2;20232.52;62.0;173;0.0;0.0289;True;True;
EXTREMO;355030890000631;São Paulo;3550308;;Sudeste;não;;22232.92;3108.9;7.2;20232.52;109.0;268;0.0;0.0672;True;True;
EXTREMO;520870705090033;Goiânia;5208707;;Centro-Oeste;não;;22327.67;3112.75;7.2;13875.71;151.0;306;;0.2908;True;True;
EXTREMO;520870715000009;Goiânia;5208707;;Centro-Oeste;não;;22515.38;3112.75;7.2;13875.71;39.0;103;0.0;0.4757;True;True;
EXTREMO;530010805060440;Brasília;5300108;;Centro-Oeste;não;;25264.0;3518.5;7.2;22934.66;176.0;454;;0.2247;True;True;
EXTREMO;130260305110158;Manaus;1302603;Adrianópolis;Norte;não;;13198.45;1852.55;7.1;6265.62;123.0;412;;0.4005;False;True;
EXTREMO;130260305110165;Manaus;1302603;Flores;Norte;não;;13241.95;1852.55;7.1;6265.62;315.0;1079;0.0036;0.5097;False;True;
EXTREMO;130260305110213;Manaus;1302603;Flores;Norte;não;;13177.69;1852.55;7.1;6265.62;304.0;1083;;0.4792;False;True;
EXTREMO;150140205000085;Belém;1501402;São Brás;Norte;não;;12738.43;1802.79;7.1;8315.28;315.0;874;0.0063;0.4005;False;True;
EXTREMO;150140205000110;Belém;1501402;Umarizal;Norte;não;;12815.56;1802.79;7.1;8315.28;333.0;973;0.0;0.4861;False;True;
EXTREMO;150140205000222;Belém;1501402;Marco;Norte;não;;12833.73;1802.79;7.1;8315.28;235.0;746;;0.492;False;True;
EXTREMO;211130005001948;São Luís;2111300;;Nordeste;não;;12386.77;1745.24;7.1;8425.68;214.0;562;;0.3826;False;True;
EXTREMO;221100105000170;Teresina;2211001;;Nordeste;não;;13530.0;1913.0;7.1;8229.75;155.0;433;0.0275;0.5612;False;True;
EXTREMO;221100105070218;Teresina;2211001;Zoobotânico;Nordeste;não;;13548.22;1913.0;7.1;8229.75;93.0;321;;0.4299;False;True;
EXTREMO;221100105070235;Teresina;2211001;Jóquei;Nordeste;não;;13530.08;1913.0;7.1;8229.75;324.0;694;;0.4395;False;True;
EXTREMO;230440005150105;Fortaleza;2304400;Meireles;Nordeste;não;;12089.79;1708.86;7.1;7273.3;158.0;415;;0.2819;False;True;
EXTREMO;230440005150113;Fortaleza;2304400;Meireles;Nordeste;não;;12124.22;1708.86;7.1;7273.3;278.0;637;0.0086;0.2653;False;True;
EXTREMO;230440005150119;Fortaleza;2304400;Meireles;Nordeste;não;;12094.84;1708.86;7.1;7273.3;288.0;641;0.0124;0.312;False;True;
EXTREMO;230440005150121;Fortaleza;2304400;Meireles;Nordeste;não;;12151.46;1708.86;7.1;7273.3;321.0;798;0.0055;0.3058;False;True;
EXTREMO;230440005150225;Fortaleza;2304400;Aldeota;Nordeste;não;;12154.8;1708.86;7.1;7273.3;325.0;770;0.0044;0.3662;False;True;
EXTREMO;230440005150259;Fortaleza;2304400;Meireles;Nordeste;não;;12062.21;1708.86;7.1;7273.3;257.0;608;0.0076;0.426;False;True;
EXTREMO;230440005150330;Fortaleza;2304400;Aldeota;Nordeste;não;;12103.43;1708.86;7.1;7273.3;214.0;659;0.0089;0.3263;False;True;
EXTREMO;230440005150469;Fortaleza;2304400;São João do Tauape;Nordeste;não;;12067.57;1708.86;7.1;7273.3;323.0;962;0.0147;0.3597;False;True;
EXTREMO;230440005190161;Fortaleza;2304400;Salinas;Nordeste;não;;12185.7;1708.86;7.1;7273.3;279.0;817;0.0109;0.3635;False;True;
EXTREMO;240810205080049;Natal;2408102;Petrópolis;Nordeste;não;;14372.73;2035.34;7.1;11639.32;274.0;784;0.0061;0.2334;True;True;
EXTREMO;270430205060076;Maceió;2704302;Jatiúca;Nordeste;não;;12228.19;1721.69;7.1;8099.28;552.0;1439;0.0099;0.3669;False;True;
EXTREMO;270430205130060;Maceió;2704302;Guaxuma;Nordeste;não;;12298.74;1721.69;7.1;8099.28;145.0;401;0.022;0.3516;False;True;
EXTREMO;291080005110225;Feira de Santana;2910800;Registro;Nordeste;não;;12507.0;1753.99;7.1;6770.95;70.0;222;0.027;0.5721;False;True;
EXTREMO;292740805060379;Salvador;2927408;Pituba;Nordeste;não;;11597.12;1637.87;7.1;8339.92;175.0;463;;0.3564;False;True;
EXTREMO;292740805090246;Salvador;2927408;Stella Maris;Nordeste;não;;11673.79;1637.87;7.1;8339.92;147.0;485;0.0077;0.6454;False;True;
EXTREMO;292740805270184;Salvador;2927408;Graça;Nordeste;não;;11667.51;1637.87;7.1;8339.92;176.0;317;;0.2997;False;True;
EXTREMO;292740805270331;Salvador;2927408;Centro;Nordeste;não;;11687.03;1637.87;7.1;8339.92;193.0;499;0.0111;0.3928;False;True;
EXTREMO;310620005620358;Belo Horizonte;3106200;Belvedere;Sudeste;não;;21782.78;3060.31;7.1;17598.99;181.0;480;0.0;0.1042;True;True;
EXTREMO;310620005620405;Belo Horizonte;3106200;Lourdes;Sudeste;não;;21785.2;3060.31;7.1;17598.99;177.0;423;;0.1087;True;True;
EXTREMO;310620005620435;Belo Horizonte;3106200;Santa Lúcia;Sudeste;não;;21835.93;3060.31;7.1;17598.99;144.0;404;;0.1683;True;True;
EXTREMO;310620005620484;Belo Horizonte;3106200;Mangabeiras;Sudeste;não;;21816.32;3060.31;7.1;17598.99;61.0;179;;0.1173;True;True;
EXTREMO;310620005620705;Belo Horizonte;3106200;Lourdes;Sudeste;não;;21761.18;3060.31;7.1;17598.99;191.0;475;0.0;0.1179;True;True;
EXTREMO;310620005620783;Belo Horizonte;3106200;Lourdes;Sudeste;não;;21740.61;3060.31;7.1;17598.99;122.0;317;0.0;0.0473;True;True;
EXTREMO;330455705110099;Rio de Janeiro;3304557;Lagoa;Sudeste;não;;19290.48;2702.45;7.1;16100.61;275.0;647;0.0;0.0927;True;True;
EXTREMO;330455705110171;Rio de Janeiro;3304557;Leblon;Sudeste;não;;19214.0;2702.45;7.1;16100.61;100.0;214;0.0;0.0841;True;True;
EXTREMO;330455705110229;Rio de Janeiro;3304557;Leblon;Sudeste;não;;19105.55;2702.45;7.1;16100.61;191.0;414;0.0083;0.0507;True;True;
EXTREMO;330455705110271;Rio de Janeiro;3304557;Gávea;Sudeste;não;;19114.84;2702.45;7.1;16100.61;178.0;435;0.0;0.0782;True;True;
EXTREMO;330455705260016;Rio de Janeiro;3304557;Paquetá;Sudeste;não;;19109.41;2702.45;7.1;16100.61;81.0;169;0.0;0.4852;True;True;
EXTREMO;330455705290173;Rio de Janeiro;3304557;Barra da Tijuca;Sudeste;não;;19085.67;2702.45;7.1;16100.61;163.0;529;;0.1399;True;True;
EXTREMO;330455705290696;Rio de Janeiro;3304557;Barra da Tijuca;Sudeste;não;;19321.61;2702.45;7.1;16100.61;239.0;611;;0.1686;True;True;
EXTREMO;330455705291347;Rio de Janeiro;3304557;Recreio dos Bandeirantes;Sudeste;não;;19077.9;2702.45;7.1;16100.61;196.0;624;0.0062;0.1907;True;True;
EXTREMO;350950205001933;Campinas;3509502;;Sudeste;não;;24089.32;3391.86;7.1;16181.01;134.0;407;0.0;0.1057;True;True;
EXTREMO;355030801000182;São Paulo;3550308;;Sudeste;não;;22147.86;3108.9;7.1;20232.52;206.0;571;0.0;0.0701;True;True;
EXTREMO;355030802000045;São Paulo;3550308;;Sudeste;não;;22182.54;3108.9;7.1;20232.52;200.0;603;0.0;0.0663;True;True;
EXTREMO;355030802000099;São Paulo;3550308;;Sudeste;não;;22074.83;3108.9;7.1;20232.52;140.0;380;0.0;0.0868;True;True;
EXTREMO;355030802000143;São Paulo;3550308;;Sudeste;não;;22113.07;3108.9;7.1;20232.52;73.0;197;0.0;0.0711;True;True;
EXTREMO;355030806000095;São Paulo;3550308;;Sudeste;não;;22000.0;3108.9;7.1;20232.52;5.0;15;0.0;0.0;True;True;
EXTREMO;355030832000144;São Paulo;3550308;;Sudeste;não;;22203.59;3108.9;7.1;20232.52;87.0;227;0.0;0.0705;True;True;
EXTREMO;355030832000420;São Paulo;3550308;;Sudeste;não;;21970.2;3108.9;7.1;20232.52;93.0;256;;0.0703;True;True;
EXTREMO;355030835000077;São Paulo;3550308;;Sudeste;não;;22214.1;3108.9;7.1;20232.52;191.0;444;0.0;0.0968;True;True;
EXTREMO;355030835000208;São Paulo;3550308;;Sudeste;não;;22040.19;3108.9;7.1;20232.52;113.0;265;;0.0717;True;True;
EXTREMO;355030835000216;São Paulo;3550308;;Sudeste;não;;22191.88;3108.9;7.1;20232.52;99.0;170;0.0;0.1235;True;True;
EXTREMO;355030835000246;São Paulo;3550308;;Sudeste;não;;22100.05;3108.9;7.1;20232.52;183.0;452;0.0;0.0398;True;True;
EXTREMO;355030835000281;São Paulo;3550308;;Sudeste;não;;22054.56;3108.9;7.1;20232.52;57.0;149;0.0;0.0604;True;True;
EXTREMO;355030835000418;São Paulo;3550308;;Sudeste;não;;22222.14;3108.9;7.1;20232.52;125.0;247;0.0;0.1053;True;True;
EXTREMO;355030845000447;São Paulo;3550308;;Sudeste;não;;21953.05;3108.9;7.1;20232.52;111.0;252;;0.0556;True;True;
EXTREMO;355030862000119;São Paulo;3550308;;Sudeste;não;;22172.53;3108.9;7.1;20232.52;266.0;625;;0.0304;True;True;
EXTREMO;355030871000132;São Paulo;3550308;;Sudeste;não;;22089.24;3108.9;7.1;20232.52;224.0;630;;0.0746;True;True;
EXTREMO;355030871000196;São Paulo;3550308;;Sudeste;não;;22132.56;3108.9;7.1;20232.52;153.0;470;0.0157;0.1426;True;True;
EXTREMO;355030871000287;São Paulo;3550308;;Sudeste;não;;21926.67;3108.9;7.1;20232.52;128.0;325;0.0;0.0985;True;True;
EXTREMO;355030880000273;São Paulo;3550308;;Sudeste;não;;22217.14;3108.9;7.1;20232.52;92.0;258;0.0;0.1744;True;True;
EXTREMO;355030888000076;São Paulo;3550308;;Sudeste;não;;22052.71;3108.9;7.1;20232.52;107.0;299;0.0;0.0468;True;True;
EXTREMO;355030890000461;São Paulo;3550308;;Sudeste;não;;22220.0;3108.9;7.1;20232.52;96.0;200;0.0;0.09;True;True;
EXTREMO;355030890000588;São Paulo;3550308;;Sudeste;não;;22026.11;3108.9;7.1;20232.52;161.0;417;;0.0911;True;True;
EXTREMO;355030890000611;São Paulo;3550308;;Sudeste;não;;22190.11;3108.9;7.1;20232.52;102.0;281;0.0;0.0498;True;True;
EXTREMO;355030890000629;São Paulo;3550308;;Sudeste;não;;22040.28;3108.9;7.1;20232.52;97.0;252;0.0;0.0437;True;True;
EXTREMO;431490205002479;Porto Alegre;4314902;Jardim do Salso;Sul;não;;28192.61;3986.89;7.1;20311.57;352.0;981;0.0;0.0336;True;True;
EXTREMO;520870705280010;Goiânia;5208707;;Centro-Oeste;não;;22255.87;3112.75;7.1;13875.71;462.0;1472;;0.2201;True;True;
EXTREMO;530010805230068;Brasília;5300108;;Centro-Oeste;não;;24956.83;3518.5;7.1;22934.66;94.0;302;0.0;0.1755;True;True;
EXTREMO;530010805350026;Brasília;5300108;;Centro-Oeste;não;;24891.63;3518.5;7.1;22934.66;208.0;495;;0.2606;True;True;
EXTREMO;130260305130180;Manaus;1302603;Ponta Negra;Norte;não;;13001.3;1852.55;7.0;6265.62;283.0;923;0.0042;0.506;False;True;
EXTREMO;150140250000178;Belém;1501402;Souza;Norte;não;;12622.76;1802.79;7.0;8315.28;157.0;497;0.0;0.4527;False;True;
EXTREMO;150140250000204;Belém;1501402;Marambaia;Norte;não;;12613.84;1802.79;7.0;8315.28;296.0;817;;0.6365;False;True;
EXTREMO;150140275000245;Belém;1501402;Telégrafo;Norte;não;;12644.32;1802.79;7.0;8315.28;209.0;587;0.0063;0.5009;False;True;
EXTREMO;211130005000167;São Luís;2111300;;Nordeste;não;;12185.5;1745.24;7.0;8425.68;212.0;484;;0.3905;False;True;
EXTREMO;211130005001183;São Luís;2111300;;Nordeste;não;;12144.39;1745.24;7.0;8425.68;303.0;892;;0.4484;False;True;
EXTREMO;221100105070140;Teresina;2211001;Jóquei;Nordeste;não;;13434.4;1913.0;7.0;8229.75;366.0;1066;0.0044;0.4653;False;True;
EXTREMO;221100105090181;Teresina;2211001;Gurupi;Nordeste;não;;13309.31;1913.0;7.0;8229.75;210.0;595;0.0106;0.6286;False;True;
EXTREMO;230440005150106;Fortaleza;2304400;Meireles;Nordeste;não;;11885.61;1708.86;7.0;7273.3;159.0;417;0.019;0.3405;False;True;
EXTREMO;230440005150224;Fortaleza;2304400;Aldeota;Nordeste;não;;11907.82;1708.86;7.0;7273.3;278.0;613;0.0123;0.3605;False;True;
EXTREMO;230440005150261;Fortaleza;2304400;Meireles;Nordeste;não;;11920.9;1708.86;7.0;7273.3;286.0;658;0.005;0.2918;False;True;
EXTREMO;230440005190032;Fortaleza;2304400;Cocó;Nordeste;não;;11950.87;1708.86;7.0;7273.3;345.0;968;0.0061;0.3006;False;True;
EXTREMO;230440005190166;Fortaleza;2304400;Engenheiro Luciano Cavalcante;Nordeste;não;;11899.83;1708.86;7.0;7273.3;189.0;578;0.0319;0.4671;False;True;
EXTREMO;230440005190244;Fortaleza;2304400;Sapiranga / Coité;Nordeste;não;;11889.0;1708.86;7.0;7273.3;40.0;141;;0.3191;False;True;
EXTREMO;240810205080057;Natal;2408102;Tirol;Nordeste;não;;14256.75;2035.34;7.0;11639.32;550.0;1430;0.01;0.3895;True;True;
EXTREMO;240810205080142;Natal;2408102;Petrópolis;Nordeste;não;;14220.7;2035.34;7.0;11639.32;170.0;359;0.0151;0.2897;True;True;
EXTREMO;240810205080171;Natal;2408102;Tirol;Nordeste;não;;14278.29;2035.34;7.0;11639.32;196.0;556;0.0103;0.3147;True;True;
EXTREMO;240810205080185;Natal;2408102;Tirol;Nordeste;não;;14273.63;2035.34;7.0;11639.32;383.0;934;;0.2762;True;True;
EXTREMO;292740805060423;Salvador;2927408;Jardim Armação;Nordeste;não;;11524.78;1637.87;7.0;8339.92;411.0;892;0.0052;0.5247;False;True;
EXTREMO;292740805070120;Salvador;2927408;Horto Florestal;Nordeste;não;;11405.65;1637.87;7.0;8339.92;102.0;291;;0.3608;False;True;
EXTREMO;292740805090286;Salvador;2927408;Piatã;Nordeste;não;;11498.89;1637.87;7.0;8339.92;92.0;267;0.0;0.5506;False;True;
EXTREMO;292740805090333;Salvador;2927408;Patamares;Nordeste;não;;11446.9;1637.87;7.0;8339.92;502.0;948;0.0082;0.5274;False;True;
EXTREMO;292740805180437;Salvador;2927408;Canabrava;Nordeste;não;;11509.84;1637.87;7.0;8339.92;142.0;312;;0.6442;False;True;
EXTREMO;292740805270255;Salvador;2927408;Barra;Nordeste;não;;11531.34;1637.87;7.0;8339.92;122.0;286;0.0;0.3881;False;True;
EXTREMO;292740805270290;Salvador;2927408;Federação;Nordeste;não;;11451.2;1637.87;7.0;8339.92;145.0;311;;0.3923;False;True;
EXTREMO;310620005620527;Belo Horizonte;3106200;Belvedere;Sudeste;não;;21443.57;3060.31;7.0;17598.99;185.0;405;;0.1111;True;True;
EXTREMO;310620005620601;Belo Horizonte;3106200;Santo Agostinho;Sudeste;não;;21560.01;3060.31;7.0;17598.99;194.0;515;;0.1476;True;True;
EXTREMO;330350005100131;Nova Iguaçu;3303500;Caonze;Sudeste;não;;12383.21;1773.89;7.0;4578.21;136.0;343;0.0134;0.4431;False;True;
EXTREMO;330455705090594;Rio de Janeiro;3304557;Botafogo;Sudeste;não;;18969.68;2702.45;7.0;16100.61;139.0;362;;0.1215;True;True;
EXTREMO;330455705110087;Rio de Janeiro;3304557;Ipanema;Sudeste;não;;19021.66;2702.45;7.0;16100.61;178.0;396;0.0;0.1237;True;True;
EXTREMO;330455705110106;Rio de Janeiro;3304557;Lagoa;Sudeste;não;;19028.47;2702.45;7.0;16100.61;138.0;315;;0.0698;True;True;
EXTREMO;330455705110151;Rio de Janeiro;3304557;Leblon;Sudeste;não;;18865.53;2702.45;7.0;16100.61;156.0;335;0.0;0.1134;True;True;
EXTREMO;330455705110154;Rio de Janeiro;3304557;Leblon;Sudeste;não;;18806.31;2702.45;7.0;16100.61;226.0;508;0.0;0.0689;True;True;
EXTREMO;330455705110234;Rio de Janeiro;3304557;Lagoa;Sudeste;não;;19013.62;2702.45;7.0;16100.61;214.0;485;;0.0495;True;True;
EXTREMO;330455705110253;Rio de Janeiro;3304557;Jardim Botânico;Sudeste;não;;18786.31;2702.45;7.0;16100.61;307.0;803;;0.1196;True;True;
EXTREMO;330455705290117;Rio de Janeiro;3304557;Barra da Tijuca;Sudeste;não;;18916.5;2702.45;7.0;16100.61;251.0;746;0.0048;0.1796;True;True;
EXTREMO;330455705290152;Rio de Janeiro;3304557;Barra da Tijuca;Sudeste;não;;18863.42;2702.45;7.0;16100.61;233.0;622;0.0;0.0932;True;True;
EXTREMO;330455705291080;Rio de Janeiro;3304557;Barra da Tijuca;Sudeste;não;;18837.87;2702.45;7.0;16100.61;283.0;852;0.0062;0.1138;True;True;
EXTREMO;330455705291156;Rio de Janeiro;3304557;Barra da Tijuca;Sudeste;não;;18939.27;2702.45;7.0;16100.61;125.0;361;;0.0748;True;True;
EXTREMO;355030802000161;São Paulo;3550308;;Sudeste;não;;21701.43;3108.9;7.0;20232.52;73.0;172;0.0;0.0756;True;True;
EXTREMO;355030816000130;São Paulo;3550308;;Sudeste;não;;21732.02;3108.9;7.0;20232.52;246.0;718;;0.0557;True;True;
EXTREMO;355030826000277;São Paulo;3550308;;Sudeste;não;;21718.89;3108.9;7.0;20232.52;101.0;299;0.0172;0.0602;True;True;
EXTREMO;355030832000198;São Paulo;3550308;;Sudeste;não;;21694.95;3108.9;7.0;20232.52;116.0;279;0.0;0.086;True;True;
EXTREMO;355030832000229;São Paulo;3550308;;Sudeste;não;;21882.59;3108.9;7.0;20232.52;105.0;276;;0.0616;True;True;
EXTREMO;355030832000321;São Paulo;3550308;;Sudeste;não;;21888.58;3108.9;7.0;20232.52;114.0;265;;0.1094;True;True;
EXTREMO;355030832000327;São Paulo;3550308;;Sudeste;não;;21670.21;3108.9;7.0;20232.52;50.0;106;0.0;0.0472;True;True;
EXTREMO;355030835000249;São Paulo;3550308;;Sudeste;não;;21874.82;3108.9;7.0;20232.52;201.0;457;0.0;0.0591;True;True;
EXTREMO;355030835000361;São Paulo;3550308;;Sudeste;não;;21914.75;3108.9;7.0;20232.52;106.0;193;0.0;0.0622;True;True;
EXTREMO;355030835000455;São Paulo;3550308;;Sudeste;não;;21813.86;3108.9;7.0;20232.52;84.0;227;0.0;0.022;True;True;
EXTREMO;355030835000458;São Paulo;3550308;;Sudeste;não;;21910.98;3108.9;7.0;20232.52;117.0;212;0.0;0.0802;True;True;
EXTREMO;355030848000108;São Paulo;3550308;;Sudeste;não;;21916.41;3108.9;7.0;20232.52;193.0;586;;0.0444;True;True;
EXTREMO;355030849000126;São Paulo;3550308;;Sudeste;não;;21886.38;3108.9;7.0;20232.52;137.0;401;0.0;0.1097;True;True;
EXTREMO;355030849000134;São Paulo;3550308;;Sudeste;não;;21681.82;3108.9;7.0;20232.52;94.0;308;0.0;0.0617;True;True;
EXTREMO;355030854000121;São Paulo;3550308;;Sudeste;não;;21619.41;3108.9;7.0;20232.52;66.0;131;0.0;0.0458;True;True;
EXTREMO;355030860000294;São Paulo;3550308;;Sudeste;não;;21890.22;3108.9;7.0;20232.52;150.0;412;;0.0825;True;True;
EXTREMO;355030862000034;São Paulo;3550308;;Sudeste;não;;21653.58;3108.9;7.0;20232.52;198.0;528;;0.0455;True;True;
EXTREMO;355030890000270;São Paulo;3550308;;Sudeste;não;;21791.14;3108.9;7.0;20232.52;155.0;497;0.0;0.0181;True;True;
EXTREMO;355030890000340;São Paulo;3550308;;Sudeste;não;;21692.57;3108.9;7.0;20232.52;69.0;176;;0.0568;True;True;
EXTREMO;431490205000851;Porto Alegre;4314902;Teresópolis;Sul;não;;27885.54;3986.89;7.0;20311.57;160.0;415;;0.1108;True;True;
EXTREMO;431490205001137;Porto Alegre;4314902;Cavalhada;Sul;não;;27919.23;3986.89;7.0;20311.57;105.0;295;0.0;0.0271;True;True;
EXTREMO;520870705280019;Goiânia;5208707;;Centro-Oeste;não;;21746.63;3112.75;7.0;13875.71;143.0;504;0.0;0.1687;True;True;
EXTREMO;520870705480007;Goiânia;5208707;;Centro-Oeste;não;;21687.02;3112.75;7.0;13875.71;200.0;602;0.0111;0.4037;True;True;
EXTREMO;520870705610006;Goiânia;5208707;;Centro-Oeste;não;;21911.56;3112.75;7.0;13875.71;138.0;450;;0.2622;True;True;
EXTREMO;530010805060147;Brasília;5300108;;Centro-Oeste;não;;24518.94;3518.5;7.0;22934.66;132.0;389;;0.2057;True;True;
EXTREMO;130260305110115;Manaus;1302603;Chapada;Norte;não;;12782.75;1852.55;6.9;6265.62;147.0;337;0.0137;0.5994;False;True;
EXTREMO;130260305110202;Manaus;1302603;Flores;Norte;não;;12777.54;1852.55;6.9;6265.62;169.0;530;;0.4698;False;True;
EXTREMO;130260305110295;Manaus;1302603;Aleixo;Norte;não;;12852.82;1852.55;6.9;6265.62;214.0;618;0.0098;0.4207;False;True;
EXTREMO;150140205000017;Belém;1501402;Batista Campos;Norte;não;;12480.11;1802.79;6.9;8315.28;328.0;927;0.0087;0.4315;False;True;
EXTREMO;150140205000187;Belém;1501402;Batista Campos;Norte;não;;12372.72;1802.79;6.9;8315.28;191.0;616;;0.4675;False;True;
EXTREMO;211130005001034;São Luís;2111300;;Nordeste;não;;12029.94;1745.24;6.9;8425.68;174.0;536;0.0089;0.5765;False;True;
EXTREMO;221100105070202;Teresina;2211001;São Cristóvão;Nordeste;não;;13195.18;1913.0;6.9;8229.75;171.0;517;;0.4391;False;True;
EXTREMO;230440005150112;Fortaleza;2304400;Meireles;Nordeste;não;;11794.08;1708.86;6.9;7273.3;230.0;559;;0.3345;False;True;
EXTREMO;230440005150257;Fortaleza;2304400;Meireles;Nordeste;não;;11781.96;1708.86;6.9;7273.3;210.0;460;;0.3174;False;True;
EXTREMO;230440005150474;Fortaleza;2304400;Dionísio Torres;Nordeste;não;;11799.57;1708.86;6.9;7273.3;264.0;767;0.0144;0.3638;False;True;
EXTREMO;230440005190099;Fortaleza;2304400;Cocó;Nordeste;não;;11777.73;1708.86;6.9;7273.3;267.0;719;0.0;0.3602;False;True;
EXTREMO;230440005190222;Fortaleza;2304400;Guararapes;Nordeste;não;;11844.82;1708.86;6.9;7273.3;309.0;750;;0.4333;False;True;
EXTREMO;240810205080071;Natal;2408102;Tirol;Nordeste;não;;14073.39;2035.34;6.9;11639.32;378.0;970;;0.267;False;True;
EXTREMO;270430205060001;Maceió;2704302;Ponta Verde;Nordeste;não;;11887.63;1721.69;6.9;8099.28;457.0;1172;0.0059;0.3302;False;True;
EXTREMO;270430205060007;Maceió;2704302;Ponta Verde;Nordeste;não;;11869.32;1721.69;6.9;8099.28;397.0;995;0.0047;0.3417;False;True;
EXTREMO;270430205060114;Maceió;2704302;Ponta Verde;Nordeste;não;;11803.75;1721.69;6.9;8099.28;260.0;620;0.0;0.3548;False;True;
EXTREMO;270430205060163;Maceió;2704302;Jatiúca;Nordeste;não;;11867.09;1721.69;6.9;8099.28;255.0;637;0.0;0.2496;False;True;
EXTREMO;292740805060126;Salvador;2927408;Pituba;Nordeste;não;;11219.61;1637.87;6.9;8339.92;181.0;411;0.0;0.3844;False;True;
EXTREMO;292740805060238;Salvador;2927408;Rio Vermelho;Nordeste;não;;11237.67;1637.87;6.9;8339.92;138.0;353;0.0;0.3881;False;True;
EXTREMO;292740805060252;Salvador;2927408;Pituba;Nordeste;não;;11306.64;1637.87;6.9;8339.92;152.0;385;;0.3792;False;True;
EXTREMO;292740805060263;Salvador;2927408;Itaigara;Nordeste;não;;11372.93;1637.87;6.9;8339.92;307.0;872;0.0109;0.4048;False;True;
EXTREMO;292740805090108;Salvador;2927408;Itapuã;Nordeste;não;;11368.08;1637.87;6.9;8339.92;234.0;641;0.0054;0.5164;False;True;
EXTREMO;292740805090190;Salvador;2927408;Stella Maris;Nordeste;não;;11224.58;1637.87;6.9;8339.92;312.0;902;0.0039;0.6231;False;True;
EXTREMO;292740805270243;Salvador;2927408;Centro;Nordeste;não;;11286.55;1637.87;6.9;8339.92;95.0;278;;0.4748;False;True;
EXTREMO;292740805270405;Salvador;2927408;Ondina;Nordeste;não;;11291.78;1637.87;6.9;8339.92;97.0;213;;0.3568;False;True;
EXTREMO;310620005620706;Belo Horizonte;3106200;Lourdes;Sudeste;não;;21201.64;3060.31;6.9;17598.99;124.0;340;0.0;0.0706;True;True;
EXTREMO;330350005100043;Nova Iguaçu;3303500;Centro;Sudeste;não;;12277.45;1773.89;6.9;4578.21;125.0;373;0.0;0.4933;False;True;
EXTREMO;330350005100112;Nova Iguaçu;3303500;Vila Nova;Sudeste;não;;12165.73;1773.89;6.9;4578.21;201.0;460;0.0122;0.4804;False;True;
EXTREMO;330350005100326;Nova Iguaçu;3303500;Centro;Sudeste;não;;12264.48;1773.89;6.9;4578.21;213.0;630;;0.2619;False;True;
EXTREMO;330455705090180;Rio de Janeiro;3304557;Flamengo;Sudeste;não;;18636.05;2702.45;6.9;16100.61;187.0;436;;0.0849;True;True;
EXTREMO;330455705110040;Rio de Janeiro;3304557;Ipanema;Sudeste;não;;18628.64;2702.45;6.9;16100.61;117.0;285;0.0;0.1053;True;True;
EXTREMO;330455705110078;Rio de Janeiro;3304557;Ipanema;Sudeste;não;;18543.65;2702.45;6.9;16100.61;165.0;369;;0.0678;True;True;
EXTREMO;330455705110120;Rio de Janeiro;3304557;Ipanema;Sudeste;não;;18567.26;2702.45;6.9;16100.61;134.0;340;;0.1353;True;True;
EXTREMO;330455705110127;Rio de Janeiro;3304557;Ipanema;Sudeste;não;;18651.16;2702.45;6.9;16100.61;161.0;305;0.0;0.1377;True;True;
EXTREMO;330455705110190;Rio de Janeiro;3304557;Leblon;Sudeste;não;;18731.46;2702.45;6.9;16100.61;138.0;290;0.0;0.0897;True;True;
EXTREMO;330455705110199;Rio de Janeiro;3304557;Leblon;Sudeste;não;;18688.43;2702.45;6.9;16100.61;155.0;325;0.0103;0.1508;True;True;
EXTREMO;330455705110404;Rio de Janeiro;3304557;Lagoa;Sudeste;não;;18729.03;2702.45;6.9;16100.61;121.0;295;0.0;0.0915;True;True;
EXTREMO;330455705110411;Rio de Janeiro;3304557;Leblon;Sudeste;não;;18526.63;2702.45;6.9;16100.61;164.0;433;0.0;0.0947;True;True;
EXTREMO;330455705200658;Rio de Janeiro;3304557;Rocha Miranda;Sudeste;não;;18532.98;2702.45;6.9;16100.61;199.0;566;;0.5954;True;True;
EXTREMO;330455705290605;Rio de Janeiro;3304557;Barra da Tijuca;Sudeste;não;;18517.54;2702.45;6.9;16100.61;190.0;615;0.0076;0.1382;True;True;
EXTREMO;330455705291018;Rio de Janeiro;3304557;Camorim;Sudeste;não;;18612.93;2702.45;6.9;16100.61;103.0;306;;0.281;True;True;
EXTREMO;350950205001400;Campinas;3509502;;Sudeste;não;;23336.2;3391.86;6.9;16181.01;279.0;895;;0.0402;True;True;
EXTREMO;350950210000066;Campinas;3509502;;Sudeste;não;;23325.0;3391.86;6.9;16181.01;21.0;65;0.0;0.0;True;True;
EXTREMO;355030802000098;São Paulo;3550308;;Sudeste;não;;21576.81;3108.9;6.9;20232.52;112.0;335;;0.0358;True;True;
EXTREMO;355030815000167;São Paulo;3550308;;Sudeste;não;;21310.53;3108.9;6.9;20232.52;105.0;281;0.0;0.0498;True;True;
EXTREMO;355030815000257;São Paulo;3550308;;Sudeste;não;;21540.79;3108.9;6.9;20232.52;73.0;201;0.0;0.1343;True;True;
EXTREMO;355030826000120;São Paulo;3550308;;Sudeste;não;;21528.41;3108.9;6.9;20232.52;117.0;290;0.0;0.069;True;True;
EXTREMO;355030826000192;São Paulo;3550308;;Sudeste;não;;21388.34;3108.9;6.9;20232.52;120.0;270;0.0;0.0741;True;True;
EXTREMO;355030827000358;São Paulo;3550308;;Sudeste;não;;21598.0;3108.9;6.9;20232.52;184.0;515;0.0;0.0505;True;True;
EXTREMO;355030834000201;São Paulo;3550308;;Sudeste;não;;21365.93;3108.9;6.9;20232.52;202.0;580;0.0111;0.0534;True;True;
EXTREMO;355030835000329;São Paulo;3550308;;Sudeste;não;;21374.06;3108.9;6.9;20232.52;126.0;276;;0.0181;True;True;
EXTREMO;355030835000374;São Paulo;3550308;;Sudeste;não;;21322.79;3108.9;6.9;20232.52;96.0;238;0.0;0.0546;True;True;
EXTREMO;355030835000465;São Paulo;3550308;;Sudeste;não;;21589.36;3108.9;6.9;20232.52;62.0;159;;0.1761;True;True;
EXTREMO;355030845000278;São Paulo;3550308;;Sudeste;não;;21470.21;3108.9;6.9;20232.52;120.0;305;;0.2426;True;True;
EXTREMO;355030854000010;São Paulo;3550308;;Sudeste;não;;21515.09;3108.9;6.9;20232.52;72.0;198;0.0175;0.2273;True;True;
EXTREMO;355030854000062;São Paulo;3550308;;Sudeste;não;;21499.24;3108.9;6.9;20232.52;75.0;219;;0.1553;True;True;
EXTREMO;355030854000118;São Paulo;3550308;;Sudeste;não;;21397.63;3108.9;6.9;20232.52;71.0;191;0.0;0.0;True;True;
EXTREMO;355030854000124;São Paulo;3550308;;Sudeste;não;;21536.71;3108.9;6.9;20232.52;60.0;152;0.0;0.0197;True;True;
EXTREMO;355030862000238;São Paulo;3550308;;Sudeste;não;;21544.76;3108.9;6.9;20232.52;52.0;119;;0.0924;True;True;
EXTREMO;355030862000243;São Paulo;3550308;;Sudeste;não;;21564.97;3108.9;6.9;20232.52;86.0;193;0.0;0.0415;True;True;
EXTREMO;355030871000133;São Paulo;3550308;;Sudeste;não;;21530.96;3108.9;6.9;20232.52;202.0;562;;0.0801;True;True;
EXTREMO;355030890000344;São Paulo;3550308;;Sudeste;não;;21535.77;3108.9;6.9;20232.52;68.0;175;;0.0286;True;True;
EXTREMO;355030890000414;São Paulo;3550308;;Sudeste;não;;21580.44;3108.9;6.9;20232.52;81.0;234;0.0158;0.0513;True;True;
EXTREMO;355030890000433;São Paulo;3550308;;Sudeste;não;;21584.29;3108.9;6.9;20232.52;76.0;193;0.0;0.114;True;True;
EXTREMO;355030890000435;São Paulo;3550308;;Sudeste;não;;21504.14;3108.9;6.9;20232.52;79.0;172;0.0;0.0291;True;True;
EXTREMO;355030894000245;São Paulo;3550308;;Sudeste;não;;21510.6;3108.9;6.9;20232.52;116.0;312;0.0;0.0417;True;True;
EXTREMO;355030894000291;São Paulo;3550308;;Sudeste;não;;21492.27;3108.9;6.9;20232.52;231.0;766;0.0051;0.1175;True;True;
EXTREMO;431490205001721;Porto Alegre;4314902;Vila Ipiranga;Sul;não;;27630.91;3986.89;6.9;20311.57;174.0;417;;0.1583;True;True;
EXTREMO;500270405070028;Campo Grande;5002704;Chácara Cachoeira;Centro-Oeste;não;;18835.99;2744.05;6.9;10591.42;188.0;565;;0.1221;True;True;
EXTREMO;520870705030018;Goiânia;5208707;;Centro-Oeste;não;;21357.8;3112.75;6.9;13875.71;351.0;929;0.008;0.2982;True;True;
EXTREMO;520870705100034;Goiânia;5208707;;Centro-Oeste;não;;21414.89;3112.75;6.9;13875.71;186.0;474;0.0;0.3312;True;True;
EXTREMO;530010805060225;Brasília;5300108;;Centro-Oeste;não;;24179.98;3518.5;6.9;22934.66;254.0;637;0.0106;0.1868;True;True;
EXTREMO;530010805060475;Brasília;5300108;;Centro-Oeste;não;;24234.43;3518.5;6.9;22934.66;490.0;1303;;0.2187;True;True;
EXTREMO;530010805060520;Brasília;5300108;;Centro-Oeste;não;;24121.11;3518.5;6.9;22934.66;241.0;640;0.0;0.2094;True;True;
EXTREMO;530010805060521;Brasília;5300108;;Centro-Oeste;não;;24330.43;3518.5;6.9;22934.66;181.0;512;0.0;0.1758;True;True;
EXTREMO;530010805230071;Brasília;5300108;;Centro-Oeste;não;;24309.08;3518.5;6.9;22934.66;205.0;632;;0.2089;True;True;
EXTREMO;530010805320042;Brasília;5300108;;Centro-Oeste;não;;24352.06;3518.5;6.9;22934.66;234.0;798;0.0117;0.5063;True;True;
EXTREMO;130260305080252;Manaus;1302603;Ponta Negra;Norte;não;;12635.57;1852.55;6.8;6265.62;333.0;914;0.0041;0.5109;False;True;
EXTREMO;130260305110313;Manaus;1302603;Adrianópolis;Norte;não;;12561.41;1852.55;6.8;6265.62;218.0;668;0.0085;0.3249;False;True;
EXTREMO;150140205000016;Belém;1501402;Batista Campos;Norte;não;;12191.64;1802.79;6.8;8315.28;347.0;858;0.0066;0.4569;False;True;
EXTREMO;150140205000051;Belém;1501402;Reduto;Norte;não;;12240.8;1802.79;6.8;8315.28;265.0;760;0.0058;0.3947;False;True;
EXTREMO;150140205000068;Belém;1501402;Nazaré;Norte;não;;12288.66;1802.79;6.8;8315.28;172.0;482;0.0;0.4357;False;True;
EXTREMO;150140205000088;Belém;1501402;São Brás;Norte;não;;12199.87;1802.79;6.8;8315.28;353.0;1028;0.0225;0.4309;False;True;
EXTREMO;150140205000199;Belém;1501402;Umarizal;Norte;não;;12184.98;1802.79;6.8;8315.28;275.0;806;0.0045;0.4727;False;True;
EXTREMO;211130005000170;São Luís;2111300;;Nordeste;não;;11806.25;1745.24;6.8;8425.68;122.0;397;;0.3149;False;True;
EXTREMO;211130005001333;São Luís;2111300;;Nordeste;não;;11812.95;1745.24;6.8;8425.68;179.0;514;0.0071;0.5117;False;True;
EXTREMO;211130005001695;São Luís;2111300;;Nordeste;não;;11835.59;1745.24;6.8;8425.68;102.0;276;;0.337;False;True;
EXTREMO;211130005001943;São Luís;2111300;;Nordeste;não;;11876.89;1745.24;6.8;8425.68;131.0;333;0.0;0.4444;False;True;
EXTREMO;211130005001949;São Luís;2111300;;Nordeste;não;;11796.89;1745.24;6.8;8425.68;151.0;420;0.0;0.2786;False;True;
EXTREMO;221100105070168;Teresina;2211001;São Cristóvão;Nordeste;não;;13006.0;1913.0;6.8;8229.75;233.0;625;0.0219;0.4496;False;True;
EXTREMO;221100105070182;Teresina;2211001;Noivos;Nordeste;não;;12985.0;1913.0;6.8;8229.75;228.0;657;;0.4201;False;True;
EXTREMO;230440005150069;Fortaleza;2304400;Aldeota;Nordeste;não;;11657.33;1708.86;6.8;7273.3;238.0;639;0.0087;0.3678;False;True;
EXTREMO;230440005150317;Fortaleza;2304400;Mucuripe;Nordeste;não;;11536.64;1708.86;6.8;7273.3;254.0;708;;0.3715;False;True;
EXTREMO;230440005150426;Fortaleza;2304400;Dionísio Torres;Nordeste;não;;11666.85;1708.86;6.8;7273.3;334.0;930;0.005;0.3581;False;True;
EXTREMO;230440005190197;Fortaleza;2304400;Guararapes;Nordeste;não;;11622.61;1708.86;6.8;7273.3;203.0;544;0.0063;0.3327;False;True;
EXTREMO;270430205060020;Maceió;2704302;Ponta Verde;Nordeste;não;;11715.29;1721.69;6.8;8099.28;166.0;444;;0.3761;False;True;
EXTREMO;270430205060095;Maceió;2704302;Jatiúca;Nordeste;não;;11744.28;1721.69;6.8;8099.28;182.0;517;;0.352;False;True;
EXTREMO;292740805090205;Salvador;2927408;Stella Maris;Nordeste;não;;11125.38;1637.87;6.8;8339.92;186.0;379;0.0;0.496;False;True;
EXTREMO;292740805270181;Salvador;2927408;Graça;Nordeste;não;;11217.34;1637.87;6.8;8339.92;268.0;598;;0.3763;False;True;
EXTREMO;292740805270230;Salvador;2927408;Graça;Nordeste;não;;11202.65;1637.87;6.8;8339.92;113.0;275;0.0;0.3382;False;True;
EXTREMO;292740805270240;Salvador;2927408;Ondina;Nordeste;não;;11074.28;1637.87;6.8;8339.92;338.0;730;;0.3438;False;True;
EXTREMO;292740805270241;Salvador;2927408;Graça;Nordeste;não;;11215.55;1637.87;6.8;8339.92;232.0;521;;0.3436;False;True;
EXTREMO;292740805270307;Salvador;2927408;Canela;Nordeste;não;;11202.91;1637.87;6.8;8339.92;174.0;410;0.0108;0.4415;False;True;
EXTREMO;310620005620524;Belo Horizonte;3106200;Belvedere;Sudeste;não;;20761.29;3060.31;6.8;17598.99;155.0;401;0.0084;0.0723;True;True;
EXTREMO;310620005620796;Belo Horizonte;3106200;Mangabeiras;Sudeste;não;;20826.03;3060.31;6.8;17598.99;73.0;198;;0.1364;True;True;
EXTREMO;312230605000128;Divinópolis;3122306;;Sudeste;não;;16369.64;2407.86;6.8;7127.51;108.0;356;;0.1742;True;True;
EXTREMO;330170210000606;Duque de Caxias;3301702;Jardim Primavera;Sudeste;não;;12545.96;1832.16;6.8;4394.04;183.0;523;0.0072;0.6233;False;True;
EXTREMO;330350005100354;Nova Iguaçu;3303500;da Luz;Sudeste;não;;12058.46;1773.89;6.8;4578.21;190.0;534;;0.2865;False;True;
EXTREMO;330455705100274;Rio de Janeiro;3304557;Copacabana;Sudeste;não;;18433.17;2702.45;6.8;16100.61;95.0;224;;0.0714;True;True;
EXTREMO;330455705110002;Rio de Janeiro;3304557;Ipanema;Sudeste;não;;18331.44;2702.45;6.8;16100.61;16.0;44;0.0;0.0682;True;True;
EXTREMO;330455705110030;Rio de Janeiro;3304557;Lagoa;Sudeste;não;;18458.46;2702.45;6.8;16100.61;178.0;450;0.0;0.0889;True;True;
EXTREMO;330455705110110;Rio de Janeiro;3304557;Lagoa;Sudeste;não;;18275.46;2702.45;6.8;16100.61;206.0;463;0.0172;0.1015;True;True;
EXTREMO;330455705110169;Rio de Janeiro;3304557;Leblon;Sudeste;não;;18414.01;2702.45;6.8;16100.61;169.0;383;0.009;0.0966;True;True;
EXTREMO;330455705110242;Rio de Janeiro;3304557;Jardim Botânico;Sudeste;não;;18485.94;2702.45;6.8;16100.61;160.0;381;;0.1207;True;True;
EXTREMO;330455705110319;Rio de Janeiro;3304557;Lagoa;Sudeste;não;;18354.41;2702.45;6.8;16100.61;223.0;530;0.0;0.0755;True;True;
EXTREMO;330455705110366;Rio de Janeiro;3304557;Ipanema;Sudeste;não;;18385.01;2702.45;6.8;16100.61;197.0;431;0.0078;0.1578;True;True;
EXTREMO;330455705110393;Rio de Janeiro;3304557;São Conrado;Sudeste;não;;18487.31;2702.45;6.8;16100.61;188.0;505;0.0;0.0792;True;True;
EXTREMO;330455705210652;Rio de Janeiro;3304557;Jacarepaguá;Sudeste;não;;18489.1;2702.45;6.8;16100.61;238.0;792;0.0049;0.2109;True;True;
EXTREMO;330455705290065;Rio de Janeiro;3304557;Barra da Tijuca;Sudeste;não;;18444.27;2702.45;6.8;16100.61;192.0;485;0.0142;0.1505;True;True;
EXTREMO;330455705290074;Rio de Janeiro;3304557;Barra da Tijuca;Sudeste;não;;18340.34;2702.45;6.8;16100.61;120.0;339;;0.174;True;True;
EXTREMO;330455705291270;Rio de Janeiro;3304557;Barra da Tijuca;Sudeste;não;;18322.24;2702.45;6.8;16100.61;111.0;335;0.0;0.1194;True;True;
EXTREMO;350950205002418;Campinas;3509502;;Sudeste;não;;23071.01;3391.86;6.8;16181.01;77.0;216;0.0;0.037;True;True;
EXTREMO;350950225000030;Campinas;3509502;;Sudeste;não;;23056.86;3391.86;6.8;16181.01;113.0;325;0.0;0.1169;True;True;
EXTREMO;354520905000023;Salto;3545209;;Sudeste;não;;20776.59;3039.58;6.8;7442.96;186.0;506;0.0184;0.2391;True;True;
EXTREMO;355030806000080;São Paulo;3550308;;Sudeste;não;;21178.02;3108.9;6.8;20232.52;92.0;237;0.0;0.0633;True;True;
EXTREMO;355030815000166;São Paulo;3550308;;Sudeste;não;;21257.48;3108.9;6.8;20232.52;106.0;302;;0.1424;True;True;
EXTREMO;355030815000266;São Paulo;3550308;;Sudeste;não;;21059.28;3108.9;6.8;20232.52;81.0;200;;0.14;True;True;
EXTREMO;355030826000148;São Paulo;3550308;;Sudeste;não;;21229.47;3108.9;6.8;20232.52;113.0;261;0.0;0.0805;True;True;
EXTREMO;355030827000338;São Paulo;3550308;;Sudeste;não;;21165.91;3108.9;6.8;20232.52;136.0;330;0.0;0.1818;True;True;
EXTREMO;355030832000072;São Paulo;3550308;;Sudeste;não;;21163.39;3108.9;6.8;20232.52;167.0;394;;0.0812;True;True;
EXTREMO;355030835000265;São Paulo;3550308;;Sudeste;não;;21004.05;3108.9;6.8;20232.52;86.0;203;;0.0739;True;True;
EXTREMO;355030836000250;São Paulo;3550308;;Sudeste;não;;21101.29;3108.9;6.8;20232.52;268.0;693;0.0212;0.5786;True;True;
EXTREMO;355030845000284;São Paulo;3550308;;Sudeste;não;;21256.54;3108.9;6.8;20232.52;91.0;226;0.0;0.0708;True;True;
EXTREMO;355030845000305;São Paulo;3550308;;Sudeste;não;;21229.23;3108.9;6.8;20232.52;90.0;225;;0.0222;True;True;
EXTREMO;355030845000334;São Paulo;3550308;;Sudeste;não;;21157.88;3108.9;6.8;20232.52;119.0;305;;0.0787;True;True;
EXTREMO;355030845000439;São Paulo;3550308;;Sudeste;não;;21024.26;3108.9;6.8;20232.52;94.0;253;0.0;0.0751;True;True;
EXTREMO;355030848000079;São Paulo;3550308;;Sudeste;não;;20997.55;3108.9;6.8;20232.52;112.0;287;;0.0557;True;True;
EXTREMO;355030848000271;São Paulo;3550308;;Sudeste;não;;21174.69;3108.9;6.8;20232.52;62.0;165;0.0;0.0606;True;True;
EXTREMO;355030848000279;São Paulo;3550308;;Sudeste;não;;21081.98;3108.9;6.8;20232.52;56.0;145;0.0;0.0828;True;True;
EXTREMO;355030849000238;São Paulo;3550308;;Sudeste;não;;21186.33;3108.9;6.8;20232.52;154.0;340;0.0167;0.0706;True;True;
EXTREMO;355030853000149;São Paulo;3550308;;Sudeste;não;;21081.88;3108.9;6.8;20232.52;139.0;419;0.0;0.0883;True;True;
EXTREMO;355030860000236;São Paulo;3550308;;Sudeste;não;;21274.19;3108.9;6.8;20232.52;160.0;460;0.0;0.0522;True;True;
EXTREMO;355030860000333;São Paulo;3550308;;Sudeste;não;;21144.16;3108.9;6.8;20232.52;81.0;239;0.0;0.0795;True;True;
EXTREMO;355030862000257;São Paulo;3550308;;Sudeste;não;;21011.38;3108.9;6.8;20232.52;86.0;148;0.0;0.1351;True;True;
EXTREMO;355030871000114;São Paulo;3550308;;Sudeste;não;;21262.66;3108.9;6.8;20232.52;226.0;710;0.0115;0.1507;True;True;
EXTREMO;355030871000195;São Paulo;3550308;;Sudeste;não;;21167.96;3108.9;6.8;20232.52;165.0;530;0.0068;0.0849;True;True;
EXTREMO;355030871000262;São Paulo;3550308;;Sudeste;não;;21291.91;3108.9;6.8;20232.52;145.0;428;0.0;0.0701;True;True;
EXTREMO;355030883000013;São Paulo;3550308;;Sudeste;não;;21149.77;3108.9;6.8;20232.52;47.0;104;0.0;0.0962;True;True;
EXTREMO;355030883000165;São Paulo;3550308;;Sudeste;não;;21205.91;3108.9;6.8;20232.52;68.0;173;0.0;0.104;True;True;
EXTREMO;355030883000279;São Paulo;3550308;;Sudeste;não;;21264.65;3108.9;6.8;20232.52;100.0;272;0.0173;0.1029;True;True;
EXTREMO;355030890000273;São Paulo;3550308;;Sudeste;não;;21286.84;3108.9;6.8;20232.52;93.0;266;;0.0301;True;True;
EXTREMO;355030890000742;São Paulo;3550308;;Sudeste;não;;21288.04;3108.9;6.8;20232.52;78.0;198;0.0;0.0909;True;True;
EXTREMO;355030894000278;São Paulo;3550308;;Sudeste;não;;21168.4;3108.9;6.8;20232.52;282.0;872;;0.1502;True;True;
EXTREMO;355030894000280;São Paulo;3550308;;Sudeste;não;;21230.77;3108.9;6.8;20232.52;213.0;648;;0.0818;True;True;
EXTREMO;431490205001528;Porto Alegre;4314902;Moinhos de Vento;Sul;não;;27171.05;3986.89;6.8;20311.57;259.0;563;;0.0586;True;True;
EXTREMO;520870705090046;Goiânia;5208707;;Centro-Oeste;não;;21194.74;3112.75;6.8;13875.71;110.0;336;;0.2292;True;True;
EXTREMO;520870705130063;Goiânia;5208707;;Centro-Oeste;não;;21071.03;3112.75;6.8;13875.71;123.0;308;0.0;0.1396;True;True;
EXTREMO;520870705130086;Goiânia;5208707;;Centro-Oeste;não;;21081.44;3112.75;6.8;13875.71;401.0;1295;;0.2649;True;True;
EXTREMO;530010805230010;Brasília;5300108;;Centro-Oeste;não;;24051.74;3518.5;6.8;22934.66;113.0;397;0.0;0.1763;True;True;
EXTREMO;530010805350102;Brasília;5300108;;Centro-Oeste;não;;23862.04;3518.5;6.8;22934.66;177.0;505;;0.1564;True;True;
EXTREMO;130260305060030;Manaus;1302603;Nossa Senhora Aparecida;Norte;não;;12334.78;1852.55;6.7;6265.62;107.0;294;0.0;0.5408;False;True;
EXTREMO;130260305110127;Manaus;1302603;Nossa Senhora das Graças;Norte;não;;12419.78;1852.55;6.7;6265.62;296.0;622;;0.381;False;True;
EXTREMO;130260305110221;Manaus;1302603;Nossa Senhora das Graças;Norte;não;;12374.25;1852.55;6.7;6265.62;125.0;351;;0.4558;False;True;
EXTREMO;130260305110223;Manaus;1302603;Nossa Senhora das Graças;Norte;não;;12369.02;1852.55;6.7;6265.62;63.0;192;0.0;0.5156;False;True;
EXTREMO;130260305130137;Manaus;1302603;Ponta Negra;Norte;não;;12386.78;1852.55;6.7;6265.62;364.0;930;0.0;0.5194;False;True;
EXTREMO;150140205000104;Belém;1501402;Umarizal;Norte;não;;11992.04;1802.79;6.7;8315.28;351.0;990;0.0074;0.4687;False;True;
EXTREMO;150140205000176;Belém;1501402;Umarizal;Norte;não;;12038.54;1802.79;6.7;8315.28;247.0;647;0.0106;0.3802;False;True;
EXTREMO;150140205000256;Belém;1501402;Batista Campos;Norte;não;;12126.82;1802.79;6.7;8315.28;274.0;773;0.0079;0.5265;False;True;
EXTREMO;150140245000244;Belém;1501402;Tapanã;Norte;não;;12096.01;1802.79;6.7;8315.28;234.0;826;0.0064;0.5993;False;True;
EXTREMO;211130005001138;São Luís;2111300;;Nordeste;não;;11630.97;1745.24;6.7;8425.68;217.0;579;;0.3903;False;True;
EXTREMO;230440005150058;Fortaleza;2304400;Aldeota;Nordeste;não;;11478.74;1708.86;6.7;7273.3;211.0;593;0.0112;0.3659;False;True;
EXTREMO;230440005150063;Fortaleza;2304400;Aldeota;Nordeste;não;;11439.93;1708.86;6.7;7273.3;298.0;746;;0.4062;False;True;
EXTREMO;230440005150110;Fortaleza;2304400;Meireles;Nordeste;não;;11425.8;1708.86;6.7;7273.3;133.0;336;0.0094;0.3125;False;True;
EXTREMO;230440005150217;Fortaleza;2304400;Aldeota;Nordeste;não;;11496.09;1708.86;6.7;7273.3;321.0;858;0.0223;0.4079;False;True;
EXTREMO;230440005150221;Fortaleza;2304400;Aldeota;Nordeste;não;;11450.34;1708.86;6.7;7273.3;185.0;453;0.0069;0.362;False;True;
EXTREMO;230440005150262;Fortaleza;2304400;Meireles;Nordeste;não;;11438.44;1708.86;6.7;7273.3;217.0;496;0.0089;0.3649;False;True;
EXTREMO;230440005170222;Fortaleza;2304400;Fátima;Nordeste;não;;11409.88;1708.86;6.7;7273.3;413.0;1247;0.0038;0.4066;False;True;
EXTREMO;230440005190064;Fortaleza;2304400;Cocó;Nordeste;não;;11452.34;1708.86;6.7;7273.3;151.0;427;0.0108;0.3958;False;True;
EXTREMO;230440005190255;Fortaleza;2304400;Engenheiro Luciano Cavalcante;Nordeste;não;;11507.34;1708.86;6.7;7273.3;561.0;1480;0.0058;0.4473;False;True;
EXTREMO;230440005200210;Fortaleza;2304400;Parque Iracema;Nordeste;não;;11418.08;1708.86;6.7;7273.3;319.0;934;0.0066;0.4786;False;True;
EXTREMO;240810205080176;Natal;2408102;Tirol;Nordeste;não;;13677.93;2035.34;6.7;11639.32;202.0;541;0.0;0.2606;False;True;
EXTREMO;260345405100038;Camaragibe;2603454;Aldeia dos Camarás;Nordeste;não;;10674.68;1595.08;6.7;4403.49;133.0;419;0.0122;0.3413;False;True;
EXTREMO;270430205060126;Maceió;2704302;Ponta Verde;Nordeste;não;;11536.35;1721.69;6.7;8099.28;253.0;715;0.0053;0.3497;False;True;
EXTREMO;292740805060139;Salvador;2927408;Jardim Armação;Nordeste;não;;10927.85;1637.87;6.7;8339.92;543.0;1122;0.003;0.4973;False;True;
EXTREMO;292740805070211;Salvador;2927408;Candeal;Nordeste;não;;11034.32;1637.87;6.7;8339.92;209.0;501;0.0137;0.4251;False;True;
EXTREMO;292740805090225;Salvador;2927408;Patamares;Nordeste;não;;11047.68;1637.87;6.7;8339.92;89.0;269;;0.3941;False;True;
EXTREMO;292740805090337;Salvador;2927408;Patamares;Nordeste;não;;11012.72;1637.87;6.7;8339.92;345.0;792;;0.4848;False;True;
EXTREMO;292740805270075;Salvador;2927408;Barra;Nordeste;não;;10993.46;1637.87;6.7;8339.92;175.0;423;0.0103;0.4113;False;True;
EXTREMO;292740805270148;Salvador;2927408;Barra;Nordeste;não;;10905.86;1637.87;6.7;8339.92;302.0;551;0.0077;0.4265;False;True;
EXTREMO;292740805270198;Salvador;2927408;Vitória;Nordeste;não;;10985.4;1637.87;6.7;8339.92;325.0;748;;0.4305;False;True;
EXTREMO;292740805270361;Salvador;2927408;Barra;Nordeste;não;;10988.8;1637.87;6.7;8339.92;289.0;574;;0.3571;False;True;
EXTREMO;310620005620703;Belo Horizonte;3106200;Lourdes;Sudeste;não;;20595.82;3060.31;6.7;17598.99;130.0;318;;0.1038;True;True;
EXTREMO;312230605000638;Divinópolis;3122306;;Sudeste;não;;16091.86;2407.86;6.7;7127.51;74.0;227;;0.2203;True;True;
EXTREMO;330455705090056;Rio de Janeiro;3304557;Botafogo;Sudeste;não;;18021.76;2702.45;6.7;16100.61;239.0;568;0.0;0.1109;True;True;
EXTREMO;330455705090467;Rio de Janeiro;3304557;Botafogo;Sudeste;não;;17986.84;2702.45;6.7;16100.61;144.0;393;0.0;0.112;True;True;
EXTREMO;330455705100199;Rio de Janeiro;3304557;Copacabana;Sudeste;não;;18007.34;2702.45;6.7;16100.61;101.0;207;;0.1546;True;True;
EXTREMO;330455705110094;Rio de Janeiro;3304557;Lagoa;Sudeste;não;;17986.44;2702.45;6.7;16100.61;266.0;539;0.0082;0.0872;True;True;
EXTREMO;330455705110096;Rio de Janeiro;3304557;Lagoa;Sudeste;não;;18101.51;2702.45;6.7;16100.61;271.0;583;;0.1441;True;True;
EXTREMO;330455705110102;Rio de Janeiro;3304557;Lagoa;Sudeste;não;;18204.61;2702.45;6.7;16100.61;258.0;568;0.0;0.1004;True;True;
EXTREMO;330455705110158;Rio de Janeiro;3304557;Leblon;Sudeste;não;;18232.42;2702.45;6.7;16100.61;184.0;409;0.0;0.0758;True;True;
EXTREMO;330455705110180;Rio de Janeiro;3304557;Leblon;Sudeste;não;;18155.94;2702.45;6.7;16100.61;242.0;468;0.0;0.0983;True;True;
EXTREMO;330455705110219;Rio de Janeiro;3304557;Leblon;Sudeste;não;;18211.27;2702.45;6.7;16100.61;244.0;465;;0.0774;True;True;
EXTREMO;330455705290087;Rio de Janeiro;3304557;Barra da Tijuca;Sudeste;não;;18129.66;2702.45;6.7;16100.61;81.0;224;0.0;0.067;True;True;
EXTREMO;330455705290128;Rio de Janeiro;3304557;Barra da Tijuca;Sudeste;não;;18091.33;2702.45;6.7;16100.61;170.0;397;;0.1008;True;True;
EXTREMO;330455705290569;Rio de Janeiro;3304557;Barra da Tijuca;Sudeste;não;;18109.56;2702.45;6.7;16100.61;230.0;599;0.0;0.1636;True;True;
EXTREMO;330455705290802;Rio de Janeiro;3304557;Barra da Tijuca;Sudeste;não;;17979.88;2702.45;6.7;16100.61;132.0;280;;0.1179;True;True;
EXTREMO;330455705290929;Rio de Janeiro;3304557;Barra da Tijuca;Sudeste;não;;18126.66;2702.45;6.7;16100.61;157.0;398;0.0115;0.0553;True;True;
EXTREMO;330455705291089;Rio de Janeiro;3304557;Barra da Tijuca;Sudeste;não;;18066.04;2702.45;6.7;16100.61;54.0;155;0.0;0.1226;True;True;
EXTREMO;330455705291254;Rio de Janeiro;3304557;Barra da Tijuca;Sudeste;não;;17971.43;2702.45;6.7;16100.61;156.0;405;0.0;0.0716;True;True;
EXTREMO;330455705291305;Rio de Janeiro;3304557;Barra da Tijuca;Sudeste;não;;18204.62;2702.45;6.7;16100.61;141.0;347;0.01;0.1758;True;True;
EXTREMO;351880005001207;Guarulhos;3518800;Centro;Sudeste;não;;15912.7;2361.56;6.7;9209.94;127.0;374;0.0;0.2112;True;True;
EXTREMO;351880005001801;Guarulhos;3518800;Centro;Sudeste;não;;15921.11;2361.56;6.7;9209.94;90.0;285;0.0;0.0912;True;True;
EXTREMO;355030802000140;São Paulo;3550308;;Sudeste;não;;20683.62;3108.9;6.7;20232.52;93.0;258;;0.0465;True;True;
EXTREMO;355030802000177;São Paulo;3550308;;Sudeste;não;;20972.36;3108.9;6.7;20232.52;88.0;209;0.0;0.0574;True;True;
EXTREMO;355030815000180;São Paulo;3550308;;Sudeste;não;;20921.58;3108.9;6.7;20232.52;129.0;402;0.0;0.0224;True;True;
EXTREMO;355030832000008;São Paulo;3550308;;Sudeste;não;;20686.97;3108.9;6.7;20232.52;217.0;479;;0.0689;True;True;
EXTREMO;355030832000138;São Paulo;3550308;;Sudeste;não;;20869.57;3108.9;6.7;20232.52;147.0;297;;0.0539;True;True;
EXTREMO;355030834000365;São Paulo;3550308;;Sudeste;não;;20791.08;3108.9;6.7;20232.52;113.0;258;;0.0853;True;True;
EXTREMO;355030835000305;São Paulo;3550308;;Sudeste;não;;20981.46;3108.9;6.7;20232.52;112.0;227;;0.0485;True;True;
EXTREMO;355030835000373;São Paulo;3550308;;Sudeste;não;;20685.65;3108.9;6.7;20232.52;146.0;404;0.0;0.0916;True;True;
EXTREMO;355030845000186;São Paulo;3550308;;Sudeste;não;;20834.09;3108.9;6.7;20232.52;122.0;252;;0.127;True;True;
EXTREMO;355030845000389;São Paulo;3550308;;Sudeste;não;;20795.18;3108.9;6.7;20232.52;128.0;256;0.0;0.0781;True;True;
EXTREMO;355030845000422;São Paulo;3550308;;Sudeste;não;;20746.74;3108.9;6.7;20232.52;187.0;436;0.0;0.0596;True;True;
EXTREMO;355030845000441;São Paulo;3550308;;Sudeste;não;;20819.51;3108.9;6.7;20232.52;42.0;101;;0.0396;True;True;
EXTREMO;355030848000121;São Paulo;3550308;;Sudeste;não;;20735.72;3108.9;6.7;20232.52;158.0;471;0.0124;0.0531;True;True;
EXTREMO;355030860000261;São Paulo;3550308;;Sudeste;não;;20700.83;3108.9;6.7;20232.52;88.0;221;;0.0588;True;True;
EXTREMO;355030862000160;São Paulo;3550308;;Sudeste;não;;20827.96;3108.9;6.7;20232.52;102.0;268;;0.1194;True;True;
EXTREMO;355030865000085;São Paulo;3550308;;Sudeste;não;;20817.24;3108.9;6.7;20232.52;206.0;572;0.0082;0.4843;True;True;
EXTREMO;355030870000331;São Paulo;3550308;;Sudeste;não;;20976.8;3108.9;6.7;20232.52;141.0;442;;0.0475;True;True;
EXTREMO;355030877000553;São Paulo;3550308;;Sudeste;não;;20767.31;3108.9;6.7;20232.52;59.0;174;0.0;0.1264;True;True;
EXTREMO;355030880000265;São Paulo;3550308;;Sudeste;não;;20893.03;3108.9;6.7;20232.52;87.0;276;0.0;0.0833;True;True;
EXTREMO;355030883000261;São Paulo;3550308;;Sudeste;não;;20914.69;3108.9;6.7;20232.52;121.0;284;;0.1197;True;True;
EXTREMO;355030883000277;São Paulo;3550308;;Sudeste;não;;20722.13;3108.9;6.7;20232.52;123.0;324;0.0;0.1019;True;True;
EXTREMO;355030890000547;São Paulo;3550308;;Sudeste;não;;20975.86;3108.9;6.7;20232.52;91.0;260;0.0;0.0308;True;True;
EXTREMO;355030890000646;São Paulo;3550308;;Sudeste;não;;20825.1;3108.9;6.7;20232.52;100.0;250;0.0;0.052;True;True;
EXTREMO;355030890000739;São Paulo;3550308;;Sudeste;não;;20696.19;3108.9;6.7;20232.52;95.0;254;0.0;0.0787;True;True;
EXTREMO;355030890000746;São Paulo;3550308;;Sudeste;não;;20888.99;3108.9;6.7;20232.52;77.0;199;0.0;0.0955;True;True;
EXTREMO;355030891000038;São Paulo;3550308;;Sudeste;não;;20902.89;3108.9;6.7;20232.52;159.0;450;0.0104;0.3533;True;True;
EXTREMO;410690205050345;Curitiba;4106902;Santa Felicidade;Sul;não;;27690.06;4115.5;6.7;17999.52;175.0;477;0.0;0.0231;True;True;
EXTREMO;431490205001750;Porto Alegre;4314902;Cristo Redentor;Sul;não;;26668.57;3986.89;6.7;20311.57;145.0;290;;0.1138;True;True;
EXTREMO;500270405060147;Campo Grande;5002704;Jardim dos Estados;Centro-Oeste;não;;18353.83;2744.05;6.7;10591.42;155.0;396;0.0;0.1818;True;True;
EXTREMO;500270405070037;Campo Grande;5002704;Carandá;Centro-Oeste;não;;18516.57;2744.05;6.7;10591.42;179.0;485;0.0;0.1608;True;True;
EXTREMO;500270405120163;Campo Grande;5002704;Maria Aparecida Pedrossian;Centro-Oeste;não;;18445.53;2744.05;6.7;10591.42;262.0;825;;0.1273;True;True;
EXTREMO;520110805000424;Anápolis;5201108;;Centro-Oeste;não;;17125.32;2545.98;6.7;7466.73;340.0;1178;0.0072;0.3031;True;True;
EXTREMO;530010805060368;Brasília;5300108;;Centro-Oeste;não;;23401.76;3518.5;6.7;22934.66;189.0;499;;0.1784;True;True;
EXTREMO;530010805230016;Brasília;5300108;;Centro-Oeste;não;;23664.67;3518.5;6.7;22934.66;164.0;479;0.0;0.1482;True;True;
EXTREMO;530010805350088;Brasília;5300108;;Centro-Oeste;não;;23596.79;3518.5;6.7;22934.66;216.0;565;;0.2425;True;True;
EXTREMO;530010805360096;Brasília;5300108;;Centro-Oeste;não;;23533.78;3518.5;6.7;22934.66;74.0;209;0.0;0.3684;True;True;
EXTREMO;530010805420014;Brasília;5300108;;Centro-Oeste;não;;23648.63;3518.5;6.7;22934.66;293.0;963;0.0;0.3084;True;True;
EXTREMO;130260305110056;Manaus;1302603;Parque 10 de Novembro;Norte;não;;12310.86;1852.55;6.6;6265.62;177.0;495;;0.4263;False;True;
EXTREMO;130260305110311;Manaus;1302603;Parque 10 de Novembro;Norte;não;;12280.51;1852.55;6.6;6265.62;180.0;447;0.0;0.472;False;True;
EXTREMO;130260305130112;Manaus;1302603;Ponta Negra;Norte;não;;12176.16;1852.55;6.6;6265.62;239.0;555;0.0;0.5459;False;True;
EXTREMO;130260305130188;Manaus;1302603;Ponta Negra;Norte;não;;12158.18;1852.55;6.6;6265.62;45.0;157;;0.5605;False;True;
EXTREMO;150140205000090;Belém;1501402;São Brás;Norte;não;;11980.11;1802.79;6.6;8315.28;194.0;566;;0.5194;False;True;
EXTREMO;150140205000247;Belém;1501402;Nazaré;Norte;não;;11870.85;1802.79;6.6;8315.28;310.0;829;0.0042;0.4511;False;True;
EXTREMO;211130005000164;São Luís;2111300;;Nordeste;não;;11595.02;1745.24;6.6;8425.68;311.0;794;0.0075;0.4005;False;True;
EXTREMO;211130005000259;São Luís;2111300;;Nordeste;não;;11485.46;1745.24;6.6;8425.68;219.0;667;0.0088;0.4813;False;True;
EXTREMO;211130005001155;São Luís;2111300;;Nordeste;não;;11551.34;1745.24;6.6;8425.68;271.0;692;0.0;0.513;False;True;
EXTREMO;221100105060182;Teresina;2211001;Ilhotas;Nordeste;não;;12539.7;1913.0;6.6;8229.75;86.0;267;0.055;0.4981;False;True;
EXTREMO;221100105070012;Teresina;2211001;Horto;Nordeste;não;;12650.22;1913.0;6.6;8229.75;307.0;956;;0.3828;False;True;
EXTREMO;230440005150057;Fortaleza;2304400;Aldeota;Nordeste;não;;11269.75;1708.86;6.6;7273.3;221.0;592;0.0148;0.2922;False;True;
EXTREMO;230440005150078;Fortaleza;2304400;Aldeota;Nordeste;não;;11301.93;1708.86;6.6;7273.3;324.0;856;0.0053;0.4217;False;True;
EXTREMO;230440005150084;Fortaleza;2304400;Aldeota;Nordeste;não;;11277.86;1708.86;6.6;7273.3;270.0;776;0.0048;0.3918;False;True;
EXTREMO;230440005150103;Fortaleza;2304400;Meireles;Nordeste;não;;11238.19;1708.86;6.6;7273.3;156.0;353;0.0124;0.3484;False;True;
EXTREMO;230440005150144;Fortaleza;2304400;Papicu;Nordeste;não;;11207.85;1708.86;6.6;7273.3;621.0;1471;0.0024;0.3807;False;True;
EXTREMO;230440005150248;Fortaleza;2304400;Meireles;Nordeste;não;;11291.94;1708.86;6.6;7273.3;222.0;544;;0.329;False;True;
EXTREMO;230440005150377;Fortaleza;2304400;Mucuripe;Nordeste;não;;11334.87;1708.86;6.6;7273.3;117.0;263;;0.3992;False;True;
EXTREMO;230440005190194;Fortaleza;2304400;Salinas;Nordeste;não;;11211.6;1708.86;6.6;7273.3;366.0;947;0.0076;0.4055;False;True;
EXTREMO;230440005230364;Fortaleza;2304400;Pici;Nordeste;não;;11257.34;1708.86;6.6;7273.3;272.0;820;0.0044;0.5;False;True;
EXTREMO;240810205070300;Natal;2408102;Candelária;Nordeste;não;;13440.68;2035.34;6.6;11639.32;356.0;1020;0.005;0.2853;False;True;
EXTREMO;260345405100039;Camaragibe;2603454;Aldeia dos Camarás;Nordeste;não;;10454.16;1595.08;6.6;4403.49;191.0;595;0.039;0.3882;False;True;
EXTREMO;270430205060013;Maceió;2704302;Ponta Verde;Nordeste;não;;11284.2;1721.69;6.6;8099.28;305.0;673;0.005;0.3536;False;True;
EXTREMO;270430205060189;Maceió;2704302;Jacintinho;Nordeste;não;;11388.86;1721.69;6.6;8099.28;211.0;631;0.0102;0.3851;False;True;
EXTREMO;291080005060175;Feira de Santana;2910800;Santo Antônio dos Prazeres;Nordeste;não;;11654.76;1753.99;6.6;6770.95;43.0;145;0.0;0.6276;False;True;
EXTREMO;292740805060316;Salvador;2927408;Pituba;Nordeste;não;;10768.62;1637.87;6.6;8339.92;418.0;932;0.0037;0.456;False;True;
EXTREMO;292740805060389;Salvador;2927408;Pituba;Nordeste;não;;10842.71;1637.87;6.6;8339.92;245.0;350;0.0;0.5171;False;True;
EXTREMO;292740805060499;Salvador;2927408;Jardim Armação;Nordeste;não;;10807.23;1637.87;6.6;8339.92;238.0;523;0.0155;0.5774;False;True;
EXTREMO;292740805070287;Salvador;2927408;Candeal;Nordeste;não;;10797.02;1637.87;6.6;8339.92;136.0;378;0.0094;0.4259;False;True;
EXTREMO;292740805070339;Salvador;2927408;Candeal;Nordeste;não;;10766.54;1637.87;6.6;8339.92;85.0;114;0.0;0.5088;False;True;
EXTREMO;292740805130061;Salvador;2927408;São Tomé;Nordeste;não;;10733.09;1637.87;6.6;8339.92;88.0;248;0.0;0.4758;False;True;
EXTREMO;310620005620395;Belo Horizonte;3106200;São Pedro;Sudeste;não;;20238.23;3060.31;6.6;17598.99;203.0;541;0.0;0.1275;True;True;
EXTREMO;310620005620424;Belo Horizonte;3106200;Belvedere;Sudeste;não;;20134.72;3060.31;6.6;17598.99;231.0;515;0.0067;0.165;True;True;
EXTREMO;310620005620442;Belo Horizonte;3106200;Santo Agostinho;Sudeste;não;;20190.61;3060.31;6.6;17598.99;221.0;578;;0.1211;True;True;
EXTREMO;310620005620574;Belo Horizonte;3106200;Serra;Sudeste;não;;20237.56;3060.31;6.6;17598.99;154.0;372;0.0088;0.0645;True;True;
EXTREMO;330240305040103;Macaé;3302403;Praia do Pecado;Sudeste;não;;16836.02;2538.99;6.6;10040.85;247.0;667;0.0;0.2234;True;True;
EXTREMO;330455705090062;Rio de Janeiro;3304557;Botafogo;Sudeste;não;;17853.38;2702.45;6.6;16100.61;253.0;676;0.0147;0.1095;True;True;
EXTREMO;330455705090184;Rio de Janeiro;3304557;Flamengo;Sudeste;não;;17857.67;2702.45;6.6;16100.61;118.0;318;;0.1698;True;True;
EXTREMO;330455705100344;Rio de Janeiro;3304557;Copacabana;Sudeste;não;;17925.16;2702.45;6.6;16100.61;95.0;168;;0.244;True;True;
EXTREMO;330455705110064;Rio de Janeiro;3304557;Ipanema;Sudeste;não;;17962.22;2702.45;6.6;16100.61;154.0;324;;0.0957;True;True;
EXTREMO;330455705110095;Rio de Janeiro;3304557;Lagoa;Sudeste;não;;17769.81;2702.45;6.6;16100.61;218.0;433;;0.1478;True;True;
EXTREMO;330455705110121;Rio de Janeiro;3304557;Ipanema;Sudeste;não;;17764.59;2702.45;6.6;16100.61;171.0;364;;0.0632;True;True;
EXTREMO;330455705110155;Rio de Janeiro;3304557;Jardim Botânico;Sudeste;não;;17701.63;2702.45;6.6;16100.61;207.0;506;0.007;0.1087;True;True;
EXTREMO;330455705110196;Rio de Janeiro;3304557;Leblon;Sudeste;não;;17905.5;2702.45;6.6;16100.61;156.0;352;0.0128;0.1165;True;True;
EXTREMO;330455705110222;Rio de Janeiro;3304557;Leblon;Sudeste;não;;17912.38;2702.45;6.6;16100.61;242.0;505;0.0067;0.1188;True;True;
EXTREMO;330455705110267;Rio de Janeiro;3304557;Gávea;Sudeste;não;;17767.66;2702.45;6.6;16100.61;231.0;579;;0.0881;True;True;
EXTREMO;330455705110276;Rio de Janeiro;3304557;Gávea;Sudeste;não;;17957.7;2702.45;6.6;16100.61;288.0;661;;0.0408;True;True;
EXTREMO;330455705110282;Rio de Janeiro;3304557;Gávea;Sudeste;não;;17967.85;2702.45;6.6;16100.61;210.0;521;;0.1228;True;True;
EXTREMO;330455705110412;Rio de Janeiro;3304557;Lagoa;Sudeste;não;;17875.85;2702.45;6.6;16100.61;188.0;387;0.0146;0.0749;True;True;
EXTREMO;330455705290161;Rio de Janeiro;3304557;Barra da Tijuca;Sudeste;não;;17702.86;2702.45;6.6;16100.61;124.0;308;0.0;0.1623;True;True;
EXTREMO;330455705290167;Rio de Janeiro;3304557;Barra da Tijuca;Sudeste;não;;17827.51;2702.45;6.6;16100.61;214.0;584;;0.1164;True;True;
EXTREMO;330455705290340;Rio de Janeiro;3304557;Recreio dos Bandeirantes;Sudeste;não;;17742.22;2702.45;6.6;16100.61;92.0;255;0.0;0.1255;True;True;
EXTREMO;330455705290598;Rio de Janeiro;3304557;Barra da Tijuca;Sudeste;não;;17880.82;2702.45;6.6;16100.61;129.0;299;0.0;0.1204;True;True;
EXTREMO;330455705290649;Rio de Janeiro;3304557;Itanhangá;Sudeste;não;;17747.83;2702.45;6.6;16100.61;46.0;115;0.0;0.1739;True;True;
EXTREMO;330455705291172;Rio de Janeiro;3304557;Barra da Tijuca;Sudeste;não;;17716.18;2702.45;6.6;16100.61;163.0;433;0.0;0.1478;True;True;
EXTREMO;330455705291181;Rio de Janeiro;3304557;Barra da Tijuca;Sudeste;não;;17764.78;2702.45;6.6;16100.61;115.0;311;0.0;0.0836;True;True;
EXTREMO;330455705291266;Rio de Janeiro;3304557;Barra da Tijuca;Sudeste;não;;17912.73;2702.45;6.6;16100.61;110.0;341;;0.0909;True;True;
EXTREMO;330455705291283;Rio de Janeiro;3304557;Barra da Tijuca;Sudeste;não;;17906.27;2702.45;6.6;16100.61;139.0;357;;0.2241;True;True;
EXTREMO;330455705291301;Rio de Janeiro;3304557;Camorim;Sudeste;não;;17708.0;2702.45;6.6;16100.61;25.0;85;0.0;0.3412;True;True;
EXTREMO;351880005001650;Guarulhos;3518800;Centro;Sudeste;não;;15488.13;2361.56;6.6;9209.94;105.0;320;;0.1094;True;True;
EXTREMO;355030802000073;São Paulo;3550308;;Sudeste;não;;20483.44;3108.9;6.6;20232.52;149.0;384;0.0;0.0521;True;True;
EXTREMO;355030807000253;São Paulo;3550308;;Sudeste;não;;20538.29;3108.9;6.6;20232.52;118.0;285;;0.0561;True;True;
EXTREMO;355030817000430;São Paulo;3550308;;Sudeste;não;;20493.84;3108.9;6.6;20232.52;136.0;394;;0.264;True;True;
EXTREMO;355030826000162;São Paulo;3550308;;Sudeste;não;;20560.52;3108.9;6.6;20232.52;106.0;267;;0.0599;True;True;
EXTREMO;355030832000029;São Paulo;3550308;;Sudeste;não;;20479.26;3108.9;6.6;20232.52;96.0;225;0.0;0.0311;True;True;
EXTREMO;355030832000171;São Paulo;3550308;;Sudeste;não;;20480.37;3108.9;6.6;20232.52;153.0;424;;0.0189;True;True;
EXTREMO;355030832000211;São Paulo;3550308;;Sudeste;não;;20525.7;3108.9;6.6;20232.52;111.0;284;0.0;0.0704;True;True;
EXTREMO;355030832000415;São Paulo;3550308;;Sudeste;não;;20671.14;3108.9;6.6;20232.52;75.0;190;0.0;0.0421;True;True;
EXTREMO;355030834000390;São Paulo;3550308;;Sudeste;não;;20374.72;3108.9;6.6;20232.52;99.0;298;;0.0235;True;True;
EXTREMO;355030835000214;São Paulo;3550308;;Sudeste;não;;20550.57;3108.9;6.6;20232.52;133.0;278;0.0;0.0899;True;True;
EXTREMO;355030835000242;São Paulo;3550308;;Sudeste;não;;20457.12;3108.9;6.6;20232.52;156.0;310;0.0;0.0484;True;True;
EXTREMO;355030835000255;São Paulo;3550308;;Sudeste;não;;20663.44;3108.9;6.6;20232.52;223.0;501;;0.0858;True;True;
EXTREMO;355030835000427;São Paulo;3550308;;Sudeste;não;;20520.62;3108.9;6.6;20232.52;104.0;228;0.0;0.0877;True;True;
EXTREMO;355030835000460;São Paulo;3550308;;Sudeste;não;;20441.99;3108.9;6.6;20232.52;180.0;363;0.0;0.0661;True;True;
EXTREMO;355030845000072;São Paulo;3550308;;Sudeste;não;;20482.78;3108.9;6.6;20232.52;107.0;263;0.0;0.1217;True;True;
EXTREMO;355030845000382;São Paulo;3550308;;Sudeste;não;;20502.06;3108.9;6.6;20232.52;104.0;198;0.0;0.101;True;True;
EXTREMO;355030854000068;São Paulo;3550308;;Sudeste;não;;20538.73;3108.9;6.6;20232.52;128.0;353;0.0;0.0963;True;True;
EXTREMO;355030854000095;São Paulo;3550308;;Sudeste;não;;20505.31;3108.9;6.6;20232.52;161.0;315;0.0;0.0444;True;True;
EXTREMO;355030860000435;São Paulo;3550308;;Sudeste;não;;20622.9;3108.9;6.6;20232.52;117.0;294;0.0;0.0374;True;True;
EXTREMO;355030860000451;São Paulo;3550308;;Sudeste;não;;20637.51;3108.9;6.6;20232.52;116.0;347;0.0;0.0144;True;True;
EXTREMO;355030862000122;São Paulo;3550308;;Sudeste;não;;20535.46;3108.9;6.6;20232.52;221.0;553;;0.0434;True;True;
EXTREMO;355030862000246;São Paulo;3550308;;Sudeste;não;;20611.0;3108.9;6.6;20232.52;273.0;520;0.0;0.1058;True;True;
EXTREMO;355030870000259;São Paulo;3550308;;Sudeste;não;;20523.56;3108.9;6.6;20232.52;230.0;683;;0.06;True;True;
EXTREMO;355030871000188;São Paulo;3550308;;Sudeste;não;;20657.49;3108.9;6.6;20232.52;203.0;642;;0.0545;True;True;
EXTREMO;355030871000200;São Paulo;3550308;;Sudeste;não;;20671.45;3108.9;6.6;20232.52;42.0;135;0.0;0.0889;True;True;
EXTREMO;355030871000275;São Paulo;3550308;;Sudeste;não;;20486.6;3108.9;6.6;20232.52;168.0;422;;0.2749;True;True;
EXTREMO;355030877000530;São Paulo;3550308;;Sudeste;não;;20449.42;3108.9;6.6;20232.52;142.0;333;;0.1141;True;True;
EXTREMO;355030883000115;São Paulo;3550308;;Sudeste;não;;20613.79;3108.9;6.6;20232.52;123.0;364;0.0;0.0989;True;True;
EXTREMO;355030890000531;São Paulo;3550308;;Sudeste;não;;20494.16;3108.9;6.6;20232.52;152.0;424;;0.0448;True;True;
EXTREMO;355030890000545;São Paulo;3550308;;Sudeste;não;;20587.5;3108.9;6.6;20232.52;56.0;145;;0.131;True;True;
EXTREMO;500270405060148;Campo Grande;5002704;Jardim dos Estados;Centro-Oeste;não;;18181.11;2744.05;6.6;10591.42;76.0;113;;0.177;True;True;
EXTREMO;520870705030003;Goiânia;5208707;;Centro-Oeste;não;;20695.94;3112.75;6.6;13875.71;270.0;719;;0.2865;True;True;
EXTREMO;520870705090013;Goiânia;5208707;;Centro-Oeste;não;;20637.85;3112.75;6.6;13875.71;241.0;690;0.0;0.2275;True;True;
EXTREMO;520870705290044;Goiânia;5208707;;Centro-Oeste;não;;20606.71;3112.75;6.6;13875.71;423.0;1380;0.0061;0.2732;True;True;
EXTREMO;530010805060179;Brasília;5300108;;Centro-Oeste;não;;23264.93;3518.5;6.6;22934.66;136.0;317;0.0;0.1798;True;True;
EXTREMO;530010805230014;Brasília;5300108;;Centro-Oeste;não;;23373.62;3518.5;6.6;22934.66;158.0;508;;0.1811;True;True;
EXTREMO;530010805230049;Brasília;5300108;;Centro-Oeste;não;;23131.34;3518.5;6.6;22934.66;157.0;529;0.0;0.1399;True;True;
EXTREMO;130260305070227;Manaus;1302603;São Jorge;Norte;não;;12097.41;1852.55;6.5;6265.62;122.0;365;0.0;0.4164;False;True;
EXTREMO;130260305100030;Manaus;1302603;Colônia Oliveira Machado;Norte;não;;12074.98;1852.55;6.5;6265.62;90.0;272;0.0;0.3897;False;True;
EXTREMO;130260305110280;Manaus;1302603;Chapada;Norte;não;;12072.24;1852.55;6.5;6265.62;68.0;224;0.0153;0.4688;False;True;
EXTREMO;130260305110318;Manaus;1302603;Aleixo;Norte;não;;12086.21;1852.55;6.5;6265.62;223.0;688;0.0056;0.5174;False;True;
EXTREMO;150140205000004;Belém;1501402;Batista Campos;Norte;não;;11641.82;1802.79;6.5;8315.28;399.0;1185;0.004;0.4658;False;True;
EXTREMO;150140205000114;Belém;1501402;Umarizal;Norte;não;;11660.75;1802.79;6.5;8315.28;324.0;971;0.0096;0.4717;False;True;
EXTREMO;150140205000255;Belém;1501402;Batista Campos;Norte;não;;11716.27;1802.79;6.5;8315.28;169.0;471;0.0;0.4522;False;True;
EXTREMO;211130005001141;São Luís;2111300;;Nordeste;não;;11420.38;1745.24;6.5;8425.68;131.0;305;0.0;0.377;False;True;
EXTREMO;211130005001596;São Luís;2111300;;Nordeste;não;;11363.23;1745.24;6.5;8425.68;71.0;213;;0.5305;False;True;
EXTREMO;221100105070389;Teresina;2211001;Novo Uruguai;Nordeste;não;;12368.16;1913.0;6.5;8229.75;423.0;1495;0.0341;0.5826;False;True;
EXTREMO;230440005150214;Fortaleza;2304400;De Lourdes;Nordeste;não;;11063.63;1708.86;6.5;7273.3;223.0;737;0.0217;0.3772;False;True;
EXTREMO;230440005150226;Fortaleza;2304400;Aldeota;Nordeste;não;;11047.31;1708.86;6.5;7273.3;194.0;529;;0.3422;False;True;
EXTREMO;230440005150400;Fortaleza;2304400;Joaquim Távora;Nordeste;não;;11116.48;1708.86;6.5;7273.3;116.0;317;0.0346;0.3659;False;True;
EXTREMO;230440005150417;Fortaleza;2304400;Dionísio Torres;Nordeste;não;;11123.89;1708.86;6.5;7273.3;196.0;532;;0.3553;False;True;
EXTREMO;230440005150478;Fortaleza;2304400;São João do Tauape;Nordeste;não;;11136.93;1708.86;6.5;7273.3;228.0;593;0.0;0.3946;False;True;
EXTREMO;230440005170219;Fortaleza;2304400;Fátima;Nordeste;não;;11114.09;1708.86;6.5;7273.3;274.0;777;;0.4389;False;True;
EXTREMO;230440005190059;Fortaleza;2304400;Cocó;Nordeste;não;;11048.36;1708.86;6.5;7273.3;250.0;558;;0.4301;False;True;
EXTREMO;230440005190129;Fortaleza;2304400;Edson Queiroz;Nordeste;não;;11025.64;1708.86;6.5;7273.3;268.0;663;;0.4419;False;True;
EXTREMO;230440005200151;Fortaleza;2304400;Parque Iracema;Nordeste;não;;11034.81;1708.86;6.5;7273.3;201.0;607;0.0391;0.5189;False;True;
EXTREMO;240810205070130;Natal;2408102;Lagoa Nova;Nordeste;não;;13167.83;2035.34;6.5;11639.32;160.0;422;0.0112;0.2725;False;True;
EXTREMO;240810205080052;Natal;2408102;Petrópolis;Nordeste;não;;13329.1;2035.34;6.5;11639.32;280.0;578;0.0115;0.2284;False;True;
EXTREMO;270430205060016;Maceió;2704302;Ponta Verde;Nordeste;não;;11245.1;1721.69;6.5;8099.28;190.0;503;0.0092;0.326;False;True;
EXTREMO;270430205060018;Maceió;2704302;Ponta Verde;Nordeste;não;;11169.19;1721.69;6.5;8099.28;167.0;428;;0.3201;False;True;
EXTREMO;270430205060109;Maceió;2704302;Ponta Verde;Nordeste;não;;11249.89;1721.69;6.5;8099.28;395.0;979;0.0074;0.3596;False;True;
EXTREMO;270430205060135;Maceió;2704302;Ponta Verde;Nordeste;não;;11221.1;1721.69;6.5;8099.28;335.0;898;0.0053;0.3452;False;True;
EXTREMO;270430205060194;Maceió;2704302;Ponta Verde;Nordeste;não;;11269.61;1721.69;6.5;8099.28;234.0;592;;0.4037;False;True;
EXTREMO;292740805060043;Salvador;2927408;Santa Cruz;Nordeste;não;;10619.71;1637.87;6.5;8339.92;193.0;513;;0.4717;False;True;
EXTREMO;292740805060246;Salvador;2927408;Caminho das Árvores;Nordeste;não;;10644.6;1637.87;6.5;8339.92;238.0;556;0.0;0.3885;False;True;
EXTREMO;292740805060388;Salvador;2927408;Pituba;Nordeste;não;;10685.8;1637.87;6.5;8339.92;246.0;623;0.0057;0.3339;False;True;
EXTREMO;292740805060407;Salvador;2927408;Costa Azul;Nordeste;não;;10714.29;1637.87;6.5;8339.92;109.0;319;0.0;0.5611;False;True;
EXTREMO;292740805270414;Salvador;2927408;Graça;Nordeste;não;;10663.86;1637.87;6.5;8339.92;187.0;358;0.0;0.4581;False;True;
EXTREMO;310620005620273;Belo Horizonte;3106200;Lourdes;Sudeste;não;;19894.07;3060.31;6.5;17598.99;237.0;520;0.0064;0.1058;True;True;
EXTREMO;310620005620404;Belo Horizonte;3106200;Lourdes;Sudeste;não;;19988.37;3060.31;6.5;17598.99;225.0;523;;0.1109;True;True;
EXTREMO;310620005620441;Belo Horizonte;3106200;Lourdes;Sudeste;não;;19983.66;3060.31;6.5;17598.99;36.0;89;0.0;0.2247;True;True;
EXTREMO;310620005620752;Belo Horizonte;3106200;Santa Lúcia;Sudeste;não;;19773.38;3060.31;6.5;17598.99;146.0;467;0.0073;0.1435;True;True;
EXTREMO;330455705090473;Rio de Janeiro;3304557;Botafogo;Sudeste;não;;17599.41;2702.45;6.5;16100.61;128.0;362;0.0;0.1547;True;True;
EXTREMO;330455705100012;Rio de Janeiro;3304557;Leme;Sudeste;não;;17441.44;2702.45;6.5;16100.61;207.0;461;0.007;0.1236;True;True;
EXTREMO;330455705110131;Rio de Janeiro;3304557;Ipanema;Sudeste;não;;17601.42;2702.45;6.5;16100.61;113.0;233;;0.1545;True;True;
EXTREMO;330455705110146;Rio de Janeiro;3304557;Leblon;Sudeste;não;;17648.23;2702.45;6.5;16100.61;237.0;554;;0.1029;True;True;
EXTREMO;330455705110157;Rio de Janeiro;3304557;Leblon;Sudeste;não;;17442.88;2702.45;6.5;16100.61;260.0;556;0.0;0.0935;True;True;
EXTREMO;330455705110189;Rio de Janeiro;3304557;Leblon;Sudeste;não;;17647.4;2702.45;6.5;16100.61;138.0;295;;0.1119;True;True;
EXTREMO;330455705110197;Rio de Janeiro;3304557;Leblon;Sudeste;não;;17649.99;2702.45;6.5;16100.61;204.0;382;0.0;0.1099;True;True;
EXTREMO;330455705110380;Rio de Janeiro;3304557;Lagoa;Sudeste;não;;17650.74;2702.45;6.5;16100.61;205.0;505;0.0;0.0812;True;True;
EXTREMO;330455705110409;Rio de Janeiro;3304557;Lagoa;Sudeste;não;;17545.64;2702.45;6.5;16100.61;90.0;176;0.0;0.1307;True;True;
EXTREMO;330455705140134;Rio de Janeiro;3304557;Vila Isabel;Sudeste;não;;17634.39;2702.45;6.5;16100.61;192.0;386;0.0;0.2668;True;True;
EXTREMO;330455705190333;Rio de Janeiro;3304557;Vicente de Carvalho;Sudeste;não;;17479.34;2702.45;6.5;16100.61;82.0;202;0.0165;0.4653;True;True;
EXTREMO;330455705290342;Rio de Janeiro;3304557;Barra da Tijuca;Sudeste;não;;17684.44;2702.45;6.5;16100.61;259.0;659;;0.1032;True;True;
EXTREMO;330455705290697;Rio de Janeiro;3304557;Barra da Tijuca;Sudeste;não;;17686.5;2702.45;6.5;16100.61;122.0;318;;0.2075;True;True;
EXTREMO;330455705290747;Rio de Janeiro;3304557;Barra da Tijuca;Sudeste;não;;17572.82;2702.45;6.5;16100.61;12.0;40;;0.225;True;True;
EXTREMO;330455705290997;Rio de Janeiro;3304557;Barra da Tijuca;Sudeste;não;;17581.31;2702.45;6.5;16100.61;123.0;297;0.0;0.1044;True;True;
EXTREMO;330455705291184;Rio de Janeiro;3304557;Barra da Tijuca;Sudeste;não;;17523.53;2702.45;6.5;16100.61;162.0;444;;0.0901;True;True;
EXTREMO;330455705291205;Rio de Janeiro;3304557;Recreio dos Bandeirantes;Sudeste;não;;17670.0;2702.45;6.5;16100.61;63.0;171;;0.2222;True;True;
EXTREMO;350280405000314;Araçatuba;3502804;;Sudeste;não;;18241.03;2795.87;6.5;8365.39;39.0;122;0.0;0.0902;True;True;
EXTREMO;350950205001956;Campinas;3509502;;Sudeste;não;;22111.91;3391.86;6.5;16181.01;128.0;329;0.0;0.0699;True;True;
EXTREMO;350950205002334;Campinas;3509502;;Sudeste;não;;21907.64;3391.86;6.5;16181.01;161.0;455;;0.0615;True;True;
EXTREMO;350950205002766;Campinas;3509502;;Sudeste;não;;21909.17;3391.86;6.5;16181.01;122.0;327;0.0;0.0734;True;True;
EXTREMO;351880005001002;Guarulhos;3518800;Macedo;Sudeste;não;;15360.38;2361.56;6.5;9209.94;218.0;653;;0.1531;True;True;
EXTREMO;351880005001367;Guarulhos;3518800;Vila Galvão;Sudeste;não;;15369.7;2361.56;6.5;9209.94;37.0;108;0.0;0.0648;True;True;
EXTREMO;355030802000069;São Paulo;3550308;;Sudeste;não;;20350.79;3108.9;6.5;20232.52;75.0;160;0.0;0.05;True;True;
EXTREMO;355030816000237;São Paulo;3550308;;Sudeste;não;;20302.3;3108.9;6.5;20232.52;198.0;664;;0.1235;True;True;
EXTREMO;355030827000213;São Paulo;3550308;;Sudeste;não;;20307.77;3108.9;6.5;20232.52;104.0;317;0.0;0.0473;True;True;
EXTREMO;355030832000226;São Paulo;3550308;;Sudeste;não;;20245.38;3108.9;6.5;20232.52;109.0;323;;0.0464;True;True;
EXTREMO;355030835000366;São Paulo;3550308;;Sudeste;não;;20281.98;3108.9;6.5;20232.52;195.0;463;;0.1102;True;True;
EXTREMO;355030845000435;São Paulo;3550308;;Sudeste;não;;20318.33;3108.9;6.5;20232.52;93.0;196;0.0;0.0357;True;True;
EXTREMO;355030862000097;São Paulo;3550308;;Sudeste;não;;20355.62;3108.9;6.5;20232.52;110.0;333;;0.0901;True;True;
EXTREMO;355030862000118;São Paulo;3550308;;Sudeste;não;;20347.37;3108.9;6.5;20232.52;97.0;229;0.0;0.0437;True;True;
EXTREMO;355030862000214;São Paulo;3550308;;Sudeste;não;;20276.89;3108.9;6.5;20232.52;89.0;255;0.0;0.1294;True;True;
EXTREMO;355030883000012;São Paulo;3550308;;Sudeste;não;;20341.66;3108.9;6.5;20232.52;214.0;540;;0.1537;True;True;
EXTREMO;355030890000026;São Paulo;3550308;;Sudeste;não;;20277.3;3108.9;6.5;20232.52;54.0;153;;0.1242;True;True;
EXTREMO;355030890000334;São Paulo;3550308;;Sudeste;não;;20317.72;3108.9;6.5;20232.52;124.0;280;;0.0464;True;True;
EXTREMO;355030894000279;São Paulo;3550308;;Sudeste;não;;20294.88;3108.9;6.5;20232.52;211.0;648;;0.1265;True;True;
EXTREMO;410690205050254;Curitiba;4106902;Mossunguê;Sul;não;;26949.23;4115.5;6.5;17999.52;205.0;571;;0.0736;True;True;
EXTREMO;520870705290071;Goiânia;5208707;;Centro-Oeste;não;;20124.02;3112.75;6.5;13875.71;277.0;913;;0.3319;True;True;
EXTREMO;520870705610001;Goiânia;5208707;;Centro-Oeste;não;;20127.47;3112.75;6.5;13875.71;195.0;623;;0.2648;True;True;
EXTREMO;530010805350082;Brasília;5300108;;Centro-Oeste;não;;22955.56;3518.5;6.5;22934.66;138.0;354;0.0;0.2316;True;True;
EXTREMO;130260305060133;Manaus;1302603;Centro;Norte;não;;11829.03;1852.55;6.4;6265.62;163.0;393;0.0;0.4326;False;True;
EXTREMO;130260305080126;Manaus;1302603;Nova Esperança;Norte;não;;11937.95;1852.55;6.4;6265.62;274.0;854;0.0101;0.4508;False;True;
EXTREMO;130260305110032;Manaus;1302603;Parque 10 de Novembro;Norte;não;;11895.27;1852.55;6.4;6265.62;139.0;428;;0.3598;False;True;
EXTREMO;130260305110309;Manaus;1302603;Parque 10 de Novembro;Norte;não;;11848.9;1852.55;6.4;6265.62;379.0;1081;0.0036;0.4838;False;True;
EXTREMO;130260305110312;Manaus;1302603;Parque 10 de Novembro;Norte;não;;11783.57;1852.55;6.4;6265.62;247.0;621;0.006;0.5105;False;True;
EXTREMO;130260305130177;Manaus;1302603;Ponta Negra;Norte;não;;11915.44;1852.55;6.4;6265.62;367.0;1045;;0.5196;False;True;
EXTREMO;150140205000095;Belém;1501402;São Brás;Norte;não;;11593.5;1802.79;6.4;8315.28;126.0;352;0.0;0.4574;False;True;
EXTREMO;211130005000874;São Luís;2111300;;Nordeste;não;;11091.85;1745.24;6.4;8425.68;108.0;342;;0.4591;False;True;
EXTREMO;221100105070206;Teresina;2211001;Santa Isabel;Nordeste;não;;12201.04;1913.0;6.4;8229.75;232.0;603;0.0059;0.4892;False;True;
EXTREMO;230440005150070;Fortaleza;2304400;Aldeota;Nordeste;não;;11017.52;1708.86;6.4;7273.3;373.0;979;0.0034;0.3401;False;True;
EXTREMO;230440005150256;Fortaleza;2304400;Meireles;Nordeste;não;;10969.52;1708.86;6.4;7273.3;89.0;180;;0.3833;False;True;
EXTREMO;230440005190031;Fortaleza;2304400;Cocó;Nordeste;não;;11018.92;1708.86;6.4;7273.3;413.0;1102;0.0064;0.3394;False;True;
EXTREMO;230440005190251;Fortaleza;2304400;Engenheiro Luciano Cavalcante;Nordeste;não;;11009.38;1708.86;6.4;7273.3;142.0;483;0.0169;0.4493;False;True;
EXTREMO;230440005200312;Fortaleza;2304400;José de Alencar;Nordeste;não;;10923.12;1708.86;6.4;7273.3;86.0;286;0.037;0.4371;False;True;
EXTREMO;270430205060112;Maceió;2704302;Ponta Verde;Nordeste;não;;10991.34;1721.69;6.4;8099.28;307.0;723;0.0065;0.3707;False;True;
EXTREMO;270430205060156;Maceió;2704302;Jatiúca;Nordeste;não;;11061.74;1721.69;6.4;8099.28;205.0;593;0.0;0.3609;False;True;
EXTREMO;270430205060158;Maceió;2704302;Jatiúca;Nordeste;não;;11023.95;1721.69;6.4;8099.28;211.0;567;;0.388;False;True;
EXTREMO;270430205060161;Maceió;2704302;Ponta Verde;Nordeste;não;;10942.04;1721.69;6.4;8099.28;166.0;444;0.0;0.3761;False;True;
EXTREMO;292740805060496;Salvador;2927408;Jardim Armação;Nordeste;não;;10423.38;1637.87;6.4;8339.92;259.0;474;0.007;0.5338;False;True;
EXTREMO;292740805070257;Salvador;2927408;Candeal;Nordeste;não;;10497.35;1637.87;6.4;8339.92;180.0;366;;0.3333;False;True;
EXTREMO;292740805090009;Salvador;2927408;Patamares;Nordeste;não;;10563.32;1637.87;6.4;8339.92;96.0;276;0.0;0.6087;False;True;
EXTREMO;292740805090086;Salvador;2927408;Piatã;Nordeste;não;;10401.48;1637.87;6.4;8339.92;308.0;941;0.006;0.5994;False;True;
EXTREMO;292740805090107;Salvador;2927408;Itapuã;Nordeste;não;;10413.1;1637.87;6.4;8339.92;234.0;683;0.0066;0.5593;False;True;
EXTREMO;292740805270262;Salvador;2927408;Graça;Nordeste;não;;10497.22;1637.87;6.4;8339.92;39.0;97;;0.2784;False;True;
EXTREMO;310620005680559;Belo Horizonte;3106200;Paquetá;Sudeste;não;;19601.46;3060.31;6.4;17598.99;296.0;963;;0.3001;True;True;
EXTREMO;330455705070101;Rio de Janeiro;3304557;Lapa;Sudeste;não;;17160.62;2702.45;6.4;16100.61;127.0;163;0.0;0.4049;True;True;
EXTREMO;330455705110038;Rio de Janeiro;3304557;Lagoa;Sudeste;não;;17384.68;2702.45;6.4;16100.61;189.0;449;0.008;0.1292;True;True;
EXTREMO;330455705110073;Rio de Janeiro;3304557;Ipanema;Sudeste;não;;17311.17;2702.45;6.4;16100.61;187.0;403;0.0;0.1166;True;True;
EXTREMO;330455705110103;Rio de Janeiro;3304557;Lagoa;Sudeste;não;;17380.36;2702.45;6.4;16100.61;231.0;555;;0.1045;True;True;
EXTREMO;330455705110185;Rio de Janeiro;3304557;Leblon;Sudeste;não;;17329.31;2702.45;6.4;16100.61;237.0;513;;0.1014;True;True;
EXTREMO;330455705110194;Rio de Janeiro;3304557;Leblon;Sudeste;não;;17229.79;2702.45;6.4;16100.61;279.0;611;;0.1097;True;True;
EXTREMO;330455705110201;Rio de Janeiro;3304557;Leblon;Sudeste;não;;17347.21;2702.45;6.4;16100.61;198.0;384;;0.0859;True;True;
EXTREMO;330455705110208;Rio de Janeiro;3304557;Leblon;Sudeste;não;;17251.61;2702.45;6.4;16100.61;207.0;409;0.0;0.1296;True;True;
EXTREMO;330455705110226;Rio de Janeiro;3304557;Leblon;Sudeste;não;;17318.11;2702.45;6.4;16100.61;201.0;456;0.0;0.0658;True;True;
EXTREMO;330455705110232;Rio de Janeiro;3304557;Leblon;Sudeste;não;;17379.5;2702.45;6.4;16100.61;106.0;273;;0.0586;True;True;
EXTREMO;330455705110238;Rio de Janeiro;3304557;Jardim Botânico;Sudeste;não;;17163.17;2702.45;6.4;16100.61;249.0;571;;0.063;True;True;
EXTREMO;330455705110250;Rio de Janeiro;3304557;Jardim Botânico;Sudeste;não;;17245.74;2702.45;6.4;16100.61;193.0;486;;0.0864;True;True;
EXTREMO;330455705110332;Rio de Janeiro;3304557;Lagoa;Sudeste;não;;17407.62;2702.45;6.4;16100.61;199.0;469;0.0;0.0576;True;True;
EXTREMO;330455705290765;Rio de Janeiro;3304557;Barra da Tijuca;Sudeste;não;;17340.0;2702.45;6.4;16100.61;168.0;432;0.0;0.0995;True;True;
EXTREMO;330455705291187;Rio de Janeiro;3304557;Barra da Tijuca;Sudeste;não;;17241.52;2702.45;6.4;16100.61;158.0;367;;0.0981;True;True;
EXTREMO;330455705291262;Rio de Janeiro;3304557;Barra da Tijuca;Sudeste;não;;17190.43;2702.45;6.4;16100.61;113.0;305;;0.0787;True;True;
EXTREMO;330455705291286;Rio de Janeiro;3304557;Barra da Tijuca;Sudeste;não;;17323.26;2702.45;6.4;16100.61;112.0;284;;0.1655;True;True;
EXTREMO;350280405000302;Araçatuba;3502804;;Sudeste;não;;17778.07;2795.87;6.4;8365.39;117.0;253;0.0;0.0474;True;True;
EXTREMO;351880005001195;Guarulhos;3518800;Centro;Sudeste;não;;15035.39;2361.56;6.4;9209.94;89.0;226;0.0;0.1637;True;True;
EXTREMO;351880005001654;Guarulhos;3518800;Centro;Sudeste;não;;15005.12;2361.56;6.4;9209.94;105.0;287;;0.1429;True;True;
EXTREMO;354870805001456;São Bernardo do Campo;3548708;Centro;Sudeste;não;;21567.82;3371.95;6.4;14607.28;111.0;384;;0.1406;True;True;
EXTREMO;410690205010506;Curitiba;4106902;Bigorrilho;Sul;não;;26207.35;4115.5;6.4;17999.52;68.0;152;0.0;0.0263;True;True;
EXTREMO;410690205060498;Curitiba;4106902;Água Verde;Sul;não;;26241.76;4115.5;6.4;17999.52;173.0;490;;0.0429;True;True;
EXTREMO;500270405120197;Campo Grande;5002704;Tiradentes;Centro-Oeste;não;;17536.97;2744.05;6.4;10591.42;92.0;267;0.0;0.1798;True;True;
EXTREMO;520870705040033;Goiânia;5208707;;Centro-Oeste;não;;19978.29;3112.75;6.4;13875.71;136.0;370;;0.173;True;True;
EXTREMO;520870705040058;Goiânia;5208707;;Centro-Oeste;não;;19930.01;3112.75;6.4;13875.71;259.0;680;0.0;0.1868;True;True;
EXTREMO;520870705130100;Goiânia;5208707;;Centro-Oeste;não;;19921.44;3112.75;6.4;13875.71;204.0;656;0.0;0.1159;True;True;
EXTREMO;130260305110113;Manaus;1302603;Chapada;Norte;não;;11756.48;1852.55;6.3;6265.62;154.0;447;;0.4206;False;True;
EXTREMO;130260305110184;Manaus;1302603;Adrianópolis;Norte;não;;11620.73;1852.55;6.3;6265.62;148.0;417;;0.3381;False;True;
EXTREMO;130260305110199;Manaus;1302603;Dom Pedro I;Norte;não;;11711.56;1852.55;6.3;6265.62;219.0;744;0.0;0.5672;False;True;
EXTREMO;130260305110233;Manaus;1302603;Parque 10 de Novembro;Norte;não;;11607.24;1852.55;6.3;6265.62;102.0;298;0.0;0.4866;False;True;
EXTREMO;130260305110306;Manaus;1302603;Dom Pedro I;Norte;não;;11750.42;1852.55;6.3;6265.62;336.0;966;0.0;0.5373;False;True;
EXTREMO;130260305110323;Manaus;1302603;Dom Pedro I;Norte;não;;11735.74;1852.55;6.3;6265.62;258.0;721;;0.516;False;True;
EXTREMO;150140205000045;Belém;1501402;Campina;Norte;não;;11379.7;1802.79;6.3;8315.28;145.0;440;0.0155;0.4682;False;True;
EXTREMO;150140205000061;Belém;1501402;Nazaré;Norte;não;;11331.57;1802.79;6.3;8315.28;360.0;1104;0.0031;0.4737;False;True;
EXTREMO;150140205000198;Belém;1501402;Umarizal;Norte;não;;11294.92;1802.79;6.3;8315.28;75.0;200;;0.435;False;True;
EXTREMO;150140245000247;Belém;1501402;Tapanã;Norte;não;;11427.09;1802.79;6.3;8315.28;277.0;988;0.0051;0.5648;False;True;
EXTREMO;150140275000250;Belém;1501402;Pedreira;Norte;não;;11373.45;1802.79;6.3;8315.28;349.0;890;;0.5764;False;True;
EXTREMO;211130005001950;São Luís;2111300;;Nordeste;não;;10927.36;1745.24;6.3;8425.68;246.0;585;0.0;0.4017;False;True;
EXTREMO;221100105070391;Teresina;2211001;Iningá;Nordeste;não;;12121.24;1913.0;6.3;8229.75;251.0;803;0.0087;0.467;False;True;
EXTREMO;230440005150059;Fortaleza;2304400;Aldeota;Nordeste;não;;10829.21;1708.86;6.3;7273.3;207.0;568;0.0126;0.3926;False;True;
EXTREMO;230440005150079;Fortaleza;2304400;Aldeota;Nordeste;não;;10729.6;1708.86;6.3;7273.3;247.0;572;0.0102;0.3462;False;True;
EXTREMO;230440005150120;Fortaleza;2304400;Meireles;Nordeste;não;;10752.53;1708.86;6.3;7273.3;220.0;484;;0.3802;False;True;
EXTREMO;230440005150230;Fortaleza;2304400;Aldeota;Nordeste;não;;10751.55;1708.86;6.3;7273.3;384.0;887;;0.336;False;True;
EXTREMO;230440005150268;Fortaleza;2304400;Varjota;Nordeste;não;;10745.21;1708.86;6.3;7273.3;188.0;540;;0.3944;False;True;
EXTREMO;230440005190035;Fortaleza;2304400;Cocó;Nordeste;não;;10833.75;1708.86;6.3;7273.3;245.0;654;;0.3624;False;True;
EXTREMO;240810205070197;Natal;2408102;Lagoa Nova;Nordeste;não;;12748.48;2035.34;6.3;11639.32;288.0;840;0.0127;0.2833;False;True;
EXTREMO;260345405100018;Camaragibe;2603454;Aldeia dos Camarás;Nordeste;não;;10007.85;1595.08;6.3;4403.49;55.0;157;;0.3758;False;True;
EXTREMO;270430205060171;Maceió;2704302;Ponta Verde;Nordeste;não;;10814.78;1721.69;6.3;8099.28;223.0;580;0.0;0.3569;False;True;
EXTREMO;292740805060104;Salvador;2927408;Itaigara;Nordeste;não;;10303.99;1637.87;6.3;8339.92;234.0;527;;0.4194;False;True;
EXTREMO;292740805060375;Salvador;2927408;Pituba;Nordeste;não;;10248.66;1637.87;6.3;8339.92;303.0;660;0.0068;0.4348;False;True;
EXTREMO;292740805060399;Salvador;2927408;Pituba;Nordeste;não;;10263.85;1637.87;6.3;8339.92;270.0;619;0.0;0.3829;False;True;
EXTREMO;292740805060500;Salvador;2927408;Rio Vermelho;Nordeste;não;;10238.06;1637.87;6.3;8339.92;198.0;499;0.0089;0.3747;False;True;
EXTREMO;292740805070292;Salvador;2927408;Acupe;Nordeste;não;;10317.41;1637.87;6.3;8339.92;543.0;1614;0.0022;0.5948;False;True;
EXTREMO;292740805090242;Salvador;2927408;Stella Maris;Nordeste;não;;10384.82;1637.87;6.3;8339.92;102.0;291;;0.4983;False;True;
EXTREMO;292740805270146;Salvador;2927408;Graça;Nordeste;não;;10391.3;1637.87;6.3;8339.92;35.0;65;0.0;0.6769;False;True;
EXTREMO;292740805270270;Salvador;2927408;Rio Vermelho;Nordeste;não;;10360.35;1637.87;6.3;8339.92;96.0;143;0.0;0.4685;False;True;
EXTREMO;292740805270327;Salvador;2927408;Barra;Nordeste;não;;10302.24;1637.87;6.3;8339.92;238.0;538;;0.3959;False;True;
EXTREMO;310620005620013;Belo Horizonte;3106200;Savassi;Sudeste;não;;19388.56;3060.31;6.3;17598.99;217.0;557;;0.1041;True;True;
EXTREMO;310620005620206;Belo Horizonte;3106200;Lourdes;Sudeste;não;;19332.16;3060.31;6.3;17598.99;186.0;499;;0.1283;True;True;
EXTREMO;310620005620572;Belo Horizonte;3106200;Serra;Sudeste;não;;19193.12;3060.31;6.3;17598.99;143.0;393;;0.1883;True;True;
EXTREMO;320120905000038;Cachoeiro de Itapemirim;3201209;Paraíso;Sudeste;não;;14411.14;2288.77;6.3;6063.63;56.0;154;0.0233;0.2662;True;True;
EXTREMO;330240305040020;Macaé;3302403;Praia do Pecado;Sudeste;não;;16006.16;2538.99;6.3;10040.85;239.0;631;;0.2409;True;True;
EXTREMO;330455705090474;Rio de Janeiro;3304557;Botafogo;Sudeste;não;;17072.76;2702.45;6.3;16100.61;111.0;266;0.0;0.218;True;True;
EXTREMO;330455705090544;Rio de Janeiro;3304557;Laranjeiras;Sudeste;não;;16922.32;2702.45;6.3;16100.61;122.0;318;0.0111;0.1352;True;True;
EXTREMO;330455705100005;Rio de Janeiro;3304557;Leme;Sudeste;não;;17016.63;2702.45;6.3;16100.61;153.0;318;;0.1352;True;True;
EXTREMO;330455705100079;Rio de Janeiro;3304557;Copacabana;Sudeste;não;;17036.46;2702.45;6.3;16100.61;171.0;274;0.0;0.2774;True;True;
EXTREMO;330455705100200;Rio de Janeiro;3304557;Copacabana;Sudeste;não;;16980.9;2702.45;6.3;16100.61;100.0;231;;0.1342;True;True;
EXTREMO;330455705110048;Rio de Janeiro;3304557;Ipanema;Sudeste;não;;17054.44;2702.45;6.3;16100.61;178.0;306;;0.1373;True;True;
EXTREMO;330455705110126;Rio de Janeiro;3304557;Ipanema;Sudeste;não;;17143.33;2702.45;6.3;16100.61;207.0;416;0.0;0.1034;True;True;
EXTREMO;330455705110202;Rio de Janeiro;3304557;Leblon;Sudeste;não;;16941.2;2702.45;6.3;16100.61;202.0;428;0.0;0.1192;True;True;
EXTREMO;330455705110272;Rio de Janeiro;3304557;Gávea;Sudeste;não;;17044.97;2702.45;6.3;16100.61;258.0;594;0.0;0.0606;True;True;
EXTREMO;330455705110410;Rio de Janeiro;3304557;Leblon;Sudeste;não;;17144.31;2702.45;6.3;16100.61;159.0;326;;0.0767;True;True;
EXTREMO;330455705130055;Rio de Janeiro;3304557;Tijuca;Sudeste;não;;16960.16;2702.45;6.3;16100.61;208.0;520;0.0;0.1192;True;True;
EXTREMO;330455705290673;Rio de Janeiro;3304557;Barra da Tijuca;Sudeste;não;;17097.02;2702.45;6.3;16100.61;146.0;398;;0.0528;True;True;
EXTREMO;330455705290708;Rio de Janeiro;3304557;Recreio dos Bandeirantes;Sudeste;não;;17022.34;2702.45;6.3;16100.61;120.0;352;0.0;0.2727;True;True;
EXTREMO;330455705291107;Rio de Janeiro;3304557;Barra da Tijuca;Sudeste;não;;17055.46;2702.45;6.3;16100.61;110.0;289;;0.1211;True;True;
EXTREMO;330455705291129;Rio de Janeiro;3304557;Barra da Tijuca;Sudeste;não;;17054.72;2702.45;6.3;16100.61;134.0;333;0.0;0.1471;True;True;
EXTREMO;330455705291179;Rio de Janeiro;3304557;Barra da Tijuca;Sudeste;não;;17057.23;2702.45;6.3;16100.61;91.0;247;0.0;0.1619;True;True;
EXTREMO;330455705291219;Rio de Janeiro;3304557;Barra da Tijuca;Sudeste;não;;17006.12;2702.45;6.3;16100.61;100.0;307;0.0;0.1857;True;True;
EXTREMO;330455705291258;Rio de Janeiro;3304557;Barra da Tijuca;Sudeste;não;;17014.92;2702.45;6.3;16100.61;111.0;332;0.0108;0.1476;True;True;
EXTREMO;330455705291346;Rio de Janeiro;3304557;Recreio dos Bandeirantes;Sudeste;não;;16936.06;2702.45;6.3;16100.61;245.0;890;;0.2966;True;True;
EXTREMO;350280405000379;Araçatuba;3502804;;Sudeste;não;;17515.4;2795.87;6.3;8365.39;65.0;142;0.0;0.0986;True;True;
EXTREMO;350950205000138;Campinas;3509502;;Sudeste;não;;21285.33;3391.86;6.3;16181.01;261.0;555;;0.0288;True;True;
EXTREMO;351880005000030;Guarulhos;3518800;Maia;Sudeste;não;;14980.66;2361.56;6.3;9209.94;326.0;876;0.0053;0.1062;True;True;
EXTREMO;354870805001303;São Bernardo do Campo;3548708;Nova Petrópolis;Sudeste;não;;21270.98;3371.95;6.3;14607.28;193.0;587;;0.1022;True;True;
EXTREMO;410690205050036;Curitiba;4106902;Campo Comprido;Sul;não;;25928.41;4115.5;6.3;17999.52;230.0;562;;0.0374;True;True;
EXTREMO;410690205050060;Curitiba;4106902;Mossunguê;Sul;não;;25800.89;4115.5;6.3;17999.52;344.0;957;;0.0282;True;True;
EXTREMO;431490205002454;Porto Alegre;4314902;Três Figueiras;Sul;não;;25316.26;3986.89;6.3;20311.57;143.0;476;;0.0378;True;True;
EXTREMO;500270405070043;Campo Grande;5002704;Veraneio;Centro-Oeste;não;;17319.95;2744.05;6.3;10591.42;150.0;409;;0.1663;True;True;
EXTREMO;500270405070141;Campo Grande;5002704;Chácara Cachoeira;Centro-Oeste;não;;17178.24;2744.05;6.3;10591.42;352.0;987;;0.156;True;True;
EXTREMO;520870705090024;Goiânia;5208707;;Centro-Oeste;não;;19478.07;3112.75;6.3;13875.71;185.0;545;;0.2514;True;True;
EXTREMO;520870705630138;Goiânia;5208707;;Centro-Oeste;não;;19761.19;3112.75;6.3;13875.71;205.0;713;0.0;0.3478;True;True;
EXTREMO;130260305070233;Manaus;1302603;São Jorge;Norte;não;;11434.72;1852.55;6.2;6265.62;132.0;283;;0.4594;False;True;
EXTREMO;130260305110102;Manaus;1302603;Nossa Senhora das Graças;Norte;não;;11396.99;1852.55;6.2;6265.62;184.0;507;;0.4517;False;True;
EXTREMO;150140205000116;Belém;1501402;Umarizal;Norte;não;;11237.95;1802.79;6.2;8315.28;368.0;1009;0.0034;0.4866;False;True;
EXTREMO;150140205000127;Belém;1501402;Marco;Norte;não;;11191.91;1802.79;6.2;8315.28;373.0;1044;;0.5239;False;True;
EXTREMO;150140205000196;Belém;1501402;Umarizal;Norte;não;;11247.4;1802.79;6.2;8315.28;366.0;960;;0.4531;False;True;
EXTREMO;150140205000201;Belém;1501402;Umarizal;Norte;não;;11260.7;1802.79;6.2;8315.28;171.0;469;0.0145;0.5053;False;True;
EXTREMO;211130005000821;São Luís;2111300;;Nordeste;não;;10838.98;1745.24;6.2;8425.68;274.0;759;0.0137;0.4756;False;True;
EXTREMO;221100105070186;Teresina;2211001;Fátima;Nordeste;não;;11769.17;1913.0;6.2;8229.75;133.0;450;0.0197;0.5733;False;True;
EXTREMO;221100105070205;Teresina;2211001;São Cristóvão;Nordeste;não;;11883.57;1913.0;6.2;8229.75;174.0;492;0.0071;0.4187;False;True;
EXTREMO;221100105070298;Teresina;2211001;Fátima;Nordeste;não;;11786.45;1913.0;6.2;8229.75;230.0;650;;0.4415;False;True;
EXTREMO;230440005150090;Fortaleza;2304400;Aldeota;Nordeste;não;;10543.85;1708.86;6.2;7273.3;149.0;404;;0.3589;False;True;
EXTREMO;230440005150108;Fortaleza;2304400;Meireles;Nordeste;não;;10529.34;1708.86;6.2;7273.3;128.0;275;0.0241;0.4509;False;True;
EXTREMO;230440005150267;Fortaleza;2304400;Meireles;Nordeste;não;;10557.62;1708.86;6.2;7273.3;227.0;556;;0.482;False;True;
EXTREMO;230440005150425;Fortaleza;2304400;Dionísio Torres;Nordeste;não;;10592.77;1708.86;6.2;7273.3;153.0;428;0.0103;0.4533;False;True;
EXTREMO;230440005190028;Fortaleza;2304400;Cocó;Nordeste;não;;10514.16;1708.86;6.2;7273.3;169.0;428;;0.3084;False;True;
EXTREMO;230440005200290;Fortaleza;2304400;José de Alencar;Nordeste;não;;10519.74;1708.86;6.2;7273.3;298.0;967;0.0048;0.4498;False;True;
EXTREMO;240810205070296;Natal;2408102;Lagoa Nova;Nordeste;não;;12717.4;2035.34;6.2;11639.32;318.0;901;0.0122;0.3163;False;True;
EXTREMO;260345405100016;Camaragibe;2603454;Aldeia dos Camarás;Nordeste;não;;9912.7;1595.08;6.2;4403.49;46.0;138;0.0246;0.4275;False;True;
EXTREMO;260345405100045;Camaragibe;2603454;Aldeia dos Camarás;Nordeste;não;;9911.78;1595.08;6.2;4403.49;110.0;327;0.0145;0.2355;False;True;
EXTREMO;270430205060017;Maceió;2704302;Ponta Verde;Nordeste;não;;10699.04;1721.69;6.2;8099.28;262.0;625;0.0055;0.3296;False;True;
EXTREMO;270430205060195;Maceió;2704302;Ponta Verde;Nordeste;não;;10706.37;1721.69;6.2;8099.28;116.0;276;;0.3297;False;True;
EXTREMO;292740805060398;Salvador;2927408;Pituba;Nordeste;não;;10125.61;1637.87;6.2;8339.92;246.0;549;;0.4044;False;True;
EXTREMO;292740805060408;Salvador;2927408;STIEP;Nordeste;não;;10159.94;1637.87;6.2;8339.92;241.0;557;0.0087;0.5224;False;True;
EXTREMO;292740805060432;Salvador;2927408;Imbuí;Nordeste;não;;10146.71;1637.87;6.2;8339.92;206.0;511;;0.6106;False;True;
EXTREMO;292740805070104;Salvador;2927408;Brotas;Nordeste;não;;10230.45;1637.87;6.2;8339.92;203.0;502;0.0072;0.5438;False;True;
EXTREMO;292740805090336;Salvador;2927408;Patamares;Nordeste;não;;10148.45;1637.87;6.2;8339.92;257.0;450;0.0;0.5111;False;True;
EXTREMO;310620005620201;Belo Horizonte;3106200;Santo Antônio;Sudeste;não;;18888.94;3060.31;6.2;17598.99;161.0;456;;0.0724;True;True;
EXTREMO;310620005620455;Belo Horizonte;3106200;Belvedere;Sudeste;não;;18843.25;3060.31;6.2;17598.99;74.0;263;;0.2471;True;True;
EXTREMO;310620005670486;Belo Horizonte;3106200;Grajaú;Sudeste;não;;19000.0;3060.31;6.2;17598.99;39.0;94;;0.0638;True;True;
EXTREMO;330240305040062;Macaé;3302403;Praia do Pecado;Sudeste;não;;15683.76;2538.99;6.2;10040.85;282.0;778;0.0065;0.2841;True;True;
EXTREMO;330455705090190;Rio de Janeiro;3304557;Flamengo;Sudeste;não;;16627.61;2702.45;6.2;16100.61;258.0;599;0.0;0.1352;True;True;
EXTREMO;330455705090252;Rio de Janeiro;3304557;Flamengo;Sudeste;não;;16761.22;2702.45;6.2;16100.61;194.0;420;;0.1024;True;True;
EXTREMO;330455705090412;Rio de Janeiro;3304557;Laranjeiras;Sudeste;não;;16723.46;2702.45;6.2;16100.61;228.0;499;;0.1884;True;True;
EXTREMO;330455705100017;Rio de Janeiro;3304557;Leme;Sudeste;não;;16704.18;2702.45;6.2;16100.61;173.0;373;;0.1206;True;True;
EXTREMO;330455705110036;Rio de Janeiro;3304557;Lagoa;Sudeste;não;;16817.64;2702.45;6.2;16100.61;164.0;405;0.0;0.0741;True;True;
EXTREMO;330455705110055;Rio de Janeiro;3304557;Ipanema;Sudeste;não;;16628.63;2702.45;6.2;16100.61;207.0;461;;0.1106;True;True;
EXTREMO;330455705110065;Rio de Janeiro;3304557;Ipanema;Sudeste;não;;16826.54;2702.45;6.2;16100.61;154.0;377;;0.1114;True;True;
EXTREMO;330455705110069;Rio de Janeiro;3304557;Ipanema;Sudeste;não;;16712.7;2702.45;6.2;16100.61;181.0;379;0.0;0.1398;True;True;
EXTREMO;330455705110083;Rio de Janeiro;3304557;Ipanema;Sudeste;não;;16831.12;2702.45;6.2;16100.61;149.0;381;;0.0814;True;True;
EXTREMO;330455705110117;Rio de Janeiro;3304557;Jardim Botânico;Sudeste;não;;16627.3;2702.45;6.2;16100.61;249.0;564;;0.0443;True;True;
EXTREMO;330455705110122;Rio de Janeiro;3304557;Ipanema;Sudeste;não;;16718.1;2702.45;6.2;16100.61;180.0;397;0.0;0.0756;True;True;
EXTREMO;330455705110217;Rio de Janeiro;3304557;Leblon;Sudeste;não;;16730.9;2702.45;6.2;16100.61;103.0;197;0.0;0.1726;True;True;
EXTREMO;330455705110331;Rio de Janeiro;3304557;Lagoa;Sudeste;não;;16767.08;2702.45;6.2;16100.61;207.0;489;0.0164;0.0838;True;True;
EXTREMO;330455705110406;Rio de Janeiro;3304557;Lagoa;Sudeste;não;;16802.84;2702.45;6.2;16100.61;171.0;351;0.0;0.1282;True;True;
EXTREMO;330455705110418;Rio de Janeiro;3304557;Ipanema;Sudeste;não;;16777.84;2702.45;6.2;16100.61;144.0;304;0.0;0.1184;True;True;
EXTREMO;330455705110431;Rio de Janeiro;3304557;Lagoa;Sudeste;não;;16807.38;2702.45;6.2;16100.61;192.0;364;0.0092;0.1044;True;True;
EXTREMO;330455705130177;Rio de Janeiro;3304557;Tijuca;Sudeste;não;;16678.99;2702.45;6.2;16100.61;259.0;628;0.007;0.0955;True;True;
EXTREMO;330455705290064;Rio de Janeiro;3304557;Barra da Tijuca;Sudeste;não;;16770.35;2702.45;6.2;16100.61;203.0;486;0.0;0.0658;True;True;
EXTREMO;330455705290144;Rio de Janeiro;3304557;Barra da Tijuca;Sudeste;não;;16787.5;2702.45;6.2;16100.61;128.0;194;0.0;0.1546;True;True;
EXTREMO;330455705290240;Rio de Janeiro;3304557;Recreio dos Bandeirantes;Sudeste;não;;16793.68;2702.45;6.2;16100.61;77.0;197;0.0;0.2335;True;True;
EXTREMO;330455705290721;Rio de Janeiro;3304557;Recreio dos Bandeirantes;Sudeste;não;;16703.47;2702.45;6.2;16100.61;112.0;333;0.0142;0.2673;True;True;
EXTREMO;330455705290739;Rio de Janeiro;3304557;Recreio dos Bandeirantes;Sudeste;não;;16671.31;2702.45;6.2;16100.61;314.0;846;0.0075;0.2045;True;True;
EXTREMO;330455705290740;Rio de Janeiro;3304557;Recreio dos Bandeirantes;Sudeste;não;;16861.24;2702.45;6.2;16100.61;95.0;295;;0.2339;True;True;
EXTREMO;330455705290804;Rio de Janeiro;3304557;Barra da Tijuca;Sudeste;não;;16651.57;2702.45;6.2;16100.61;78.0;250;0.0;0.068;True;True;
EXTREMO;330455705290825;Rio de Janeiro;3304557;Barra da Tijuca;Sudeste;não;;16868.59;2702.45;6.2;16100.61;121.0;290;0.0;0.069;True;True;
EXTREMO;330455705291128;Rio de Janeiro;3304557;Barra da Tijuca;Sudeste;não;;16681.71;2702.45;6.2;16100.61;116.0;314;0.0;0.0987;True;True;
EXTREMO;330455705291164;Rio de Janeiro;3304557;Barra da Tijuca;Sudeste;não;;16722.29;2702.45;6.2;16100.61;166.0;389;0.0;0.126;True;True;
EXTREMO;330455705291176;Rio de Janeiro;3304557;Barra da Tijuca;Sudeste;não;;16648.81;2702.45;6.2;16100.61;154.0;343;0.0;0.0729;True;True;
EXTREMO;330455705291231;Rio de Janeiro;3304557;Barra da Tijuca;Sudeste;não;;16833.63;2702.45;6.2;16100.61;56.0;137;0.0;0.1095;True;True;
EXTREMO;330455705291289;Rio de Janeiro;3304557;Barra da Tijuca;Sudeste;não;;16830.92;2702.45;6.2;16100.61;70.0;202;0.0;0.0347;True;True;
EXTREMO;350950205001447;Campinas;3509502;;Sudeste;não;;21102.56;3391.86;6.2;16181.01;190.0;577;0.0139;0.1872;True;True;
EXTREMO;350950205002368;Campinas;3509502;;Sudeste;não;;20985.73;3391.86;6.2;16181.01;181.0;585;0.0136;0.1214;True;True;
EXTREMO;351880005001206;Guarulhos;3518800;Centro;Sudeste;não;;14678.63;2361.56;6.2;9209.94;118.0;339;;0.2124;True;True;
EXTREMO;351880005001673;Guarulhos;3518800;Vila Augusta;Sudeste;não;;14566.0;2361.56;6.2;9209.94;116.0;416;0.0152;0.1995;True;True;
EXTREMO;354870805001460;São Bernardo do Campo;3548708;Centro;Sudeste;não;;21017.7;3371.95;6.2;14607.28;111.0;365;0.0;0.1753;True;True;
EXTREMO;520870705130059;Goiânia;5208707;;Centro-Oeste;não;;19431.62;3112.75;6.2;13875.71;187.0;552;;0.1721;True;True;
EXTREMO;130260305110363;Manaus;1302603;Dom Pedro I;Norte;não;;11291.19;1852.55;6.1;6265.62;116.0;299;0.0;0.6054;False;True;
EXTREMO;130260305130068;Manaus;1302603;Ponta Negra;Norte;não;;11220.57;1852.55;6.1;6265.62;118.0;349;;0.447;False;True;
EXTREMO;130260305130143;Manaus;1302603;Tarumã-Açu;Norte;não;;11300.25;1852.55;6.1;6265.62;169.0;578;0.0095;0.6609;False;True;
EXTREMO;150140205000065;Belém;1501402;Nazaré;Norte;não;;10927.71;1802.79;6.1;8315.28;225.0;644;0.0051;0.4472;False;True;
EXTREMO;150140205000100;Belém;1501402;Umarizal;Norte;não;;11061.09;1802.79;6.1;8315.28;328.0;866;0.0106;0.4977;False;True;
EXTREMO;150140205000109;Belém;1501402;Umarizal;Norte;não;;10919.81;1802.79;6.1;8315.28;220.0;625;0.0125;0.5152;False;True;
EXTREMO;150140205000170;Belém;1501402;Marco;Norte;não;;11014.99;1802.79;6.1;8315.28;348.0;969;0.0084;0.5924;False;True;
EXTREMO;211130005000163;São Luís;2111300;;Nordeste;não;;10653.62;1745.24;6.1;8425.68;324.0;782;;0.4322;False;True;
EXTREMO;211130005001680;São Luís;2111300;;Nordeste;não;;10610.41;1745.24;6.1;8425.68;185.0;438;0.0108;0.5091;False;True;
EXTREMO;221100105060023;Teresina;2211001;Frei Serafim;Nordeste;não;;11603.79;1913.0;6.1;8229.75;360.0;1073;0.0067;0.3989;False;True;
EXTREMO;221100105070301;Teresina;2211001;Horto;Nordeste;não;;11662.42;1913.0;6.1;8229.75;400.0;994;0.0;0.4829;False;True;
EXTREMO;230440005150071;Fortaleza;2304400;Aldeota;Nordeste;não;;10486.53;1708.86;6.1;7273.3;237.0;543;0.0081;0.3352;False;True;
EXTREMO;230440005150160;Fortaleza;2304400;Mucuripe;Nordeste;não;;10481.7;1708.86;6.1;7273.3;403.0;973;0.0048;0.3895;False;True;
EXTREMO;230440005150418;Fortaleza;2304400;Dionísio Torres;Nordeste;não;;10409.22;1708.86;6.1;7273.3;199.0;546;0.0183;0.3645;False;True;
EXTREMO;230440005150427;Fortaleza;2304400;Dionísio Torres;Nordeste;não;;10423.36;1708.86;6.1;7273.3;229.0;642;;0.4221;False;True;
EXTREMO;230440005170324;Fortaleza;2304400;Fátima;Nordeste;não;;10443.91;1708.86;6.1;7273.3;198.0;545;0.0163;0.4642;False;True;
EXTREMO;230440005190100;Fortaleza;2304400;Cocó;Nordeste;não;;10381.47;1708.86;6.1;7273.3;287.0;709;;0.4231;False;True;
EXTREMO;230440005200219;Fortaleza;2304400;Parque Iracema;Nordeste;não;;10413.03;1708.86;6.1;7273.3;331.0;861;;0.446;False;True;
EXTREMO;230440005200287;Fortaleza;2304400;José de Alencar;Nordeste;não;;10484.8;1708.86;6.1;7273.3;315.0;1019;0.0152;0.5034;False;True;
EXTREMO;240810205070193;Natal;2408102;Lagoa Nova;Nordeste;não;;12323.1;2035.34;6.1;11639.32;310.0;778;0.0151;0.2725;False;True;
EXTREMO;270430205060032;Maceió;2704302;Pajuçara;Nordeste;não;;10552.37;1721.69;6.1;8099.28;132.0;319;;0.3699;False;True;
EXTREMO;270430205060110;Maceió;2704302;Ponta Verde;Nordeste;não;;10422.26;1721.69;6.1;8099.28;256.0;635;0.0087;0.348;False;True;
EXTREMO;270430205060130;Maceió;2704302;Pajuçara;Nordeste;não;;10540.99;1721.69;6.1;8099.28;238.0;594;0.0138;0.4125;False;True;
EXTREMO;270430205060160;Maceió;2704302;Ponta Verde;Nordeste;não;;10438.66;1721.69;6.1;8099.28;267.0;577;0.006;0.4055;False;True;
EXTREMO;270430205060184;Maceió;2704302;Jatiúca;Nordeste;não;;10539.0;1721.69;6.1;8099.28;145.0;283;;0.364;False;True;
EXTREMO;270430205080138;Maceió;2704302;Farol;Nordeste;não;;10564.75;1721.69;6.1;8099.28;265.0;821;0.0093;0.3764;False;True;
EXTREMO;291080005090101;Feira de Santana;2910800;Santa Mônica;Nordeste;não;;10775.65;1753.99;6.1;6770.95;301.0;757;0.0137;0.5099;False;True;
EXTREMO;292740805060090;Salvador;2927408;Pituba;Nordeste;não;;9999.75;1637.87;6.1;8339.92;541.0;1022;0.0086;0.363;False;True;
EXTREMO;292740805060146;Salvador;2927408;STIEP;Nordeste;não;;9947.97;1637.87;6.1;8339.92;356.0;854;0.004;0.5316;False;True;
EXTREMO;292740805060495;Salvador;2927408;Jardim Armação;Nordeste;não;;9976.84;1637.87;6.1;8339.92;203.0;376;0.0088;0.4867;False;True;
EXTREMO;292740805070297;Salvador;2927408;Brotas;Nordeste;não;;9959.91;1637.87;6.1;8339.92;241.0;514;0.0092;0.5233;False;True;
EXTREMO;292740805270021;Salvador;2927408;Federação;Nordeste;não;;10067.0;1637.87;6.1;8339.92;30.0;62;0.0;0.3065;False;True;
EXTREMO;292740805270089;Salvador;2927408;Canela;Nordeste;não;;10029.88;1637.87;6.1;8339.92;164.0;356;0.0151;0.486;False;True;
EXTREMO;292740805270090;Salvador;2927408;Canela;Nordeste;não;;9970.44;1637.87;6.1;8339.92;203.0;477;0.0;0.4444;False;True;
EXTREMO;292740805270140;Salvador;2927408;Barra;Nordeste;não;;9989.88;1637.87;6.1;8339.92;320.0;626;0.0067;0.4249;False;True;
EXTREMO;292740805270328;Salvador;2927408;Barra;Nordeste;não;;10060.65;1637.87;6.1;8339.92;68.0;185;;0.4595;False;True;
EXTREMO;310620005620159;Belo Horizonte;3106200;Carmo;Sudeste;não;;18545.72;3060.31;6.1;17598.99;209.0;547;0.0;0.1389;True;True;
EXTREMO;310620005620192;Belo Horizonte;3106200;Anchieta;Sudeste;não;;18531.8;3060.31;6.1;17598.99;254.0;620;;0.0952;True;True;
EXTREMO;310620005620497;Belo Horizonte;3106200;Santo Agostinho;Sudeste;não;;18807.13;3060.31;6.1;17598.99;85.0;212;;0.1509;True;True;
EXTREMO;310620005620603;Belo Horizonte;3106200;Funcionários;Sudeste;não;;18794.77;3060.31;6.1;17598.99;144.0;343;0.0;0.1778;True;True;
EXTREMO;310620005620749;Belo Horizonte;3106200;Carmo;Sudeste;não;;18810.39;3060.31;6.1;17598.99;156.0;389;;0.126;True;True;
EXTREMO;310620005620818;Belo Horizonte;3106200;Mangabeiras;Sudeste;não;;18560.4;3060.31;6.1;17598.99;40.0;127;0.0;0.1339;True;True;
EXTREMO;330455705090027;Rio de Janeiro;3304557;Botafogo;Sudeste;não;;16381.04;2702.45;6.1;16100.61;172.0;420;0.0;0.1833;True;True;
EXTREMO;330455705090403;Rio de Janeiro;3304557;Laranjeiras;Sudeste;não;;16358.93;2702.45;6.1;16100.61;142.0;319;0.0;0.1285;True;True;
EXTREMO;330455705100099;Rio de Janeiro;3304557;Copacabana;Sudeste;não;;16496.46;2702.45;6.1;16100.61;117.0;267;0.0;0.1498;True;True;
EXTREMO;330455705110004;Rio de Janeiro;3304557;Ipanema;Sudeste;não;;16518.71;2702.45;6.1;16100.61;75.0;172;;0.1221;True;True;
EXTREMO;330455705110007;Rio de Janeiro;3304557;Ipanema;Sudeste;não;;16484.81;2702.45;6.1;16100.61;146.0;322;;0.1429;True;True;
EXTREMO;330455705110011;Rio de Janeiro;3304557;Ipanema;Sudeste;não;;16355.83;2702.45;6.1;16100.61;110.0;240;0.0;0.175;True;True;
EXTREMO;330455705110035;Rio de Janeiro;3304557;Lagoa;Sudeste;não;;16555.16;2702.45;6.1;16100.61;50.0;128;0.0;0.125;True;True;
EXTREMO;330455705110080;Rio de Janeiro;3304557;Ipanema;Sudeste;não;;16588.77;2702.45;6.1;16100.61;119.0;282;0.0;0.0567;True;True;
EXTREMO;330455705110125;Rio de Janeiro;3304557;Ipanema;Sudeste;não;;16484.36;2702.45;6.1;16100.61;210.0;453;0.0;0.0949;True;True;
EXTREMO;330455705110141;Rio de Janeiro;3304557;Leblon;Sudeste;não;;16544.76;2702.45;6.1;16100.61;162.0;350;0.0;0.1;True;True;
EXTREMO;330455705110205;Rio de Janeiro;3304557;Leblon;Sudeste;não;;16394.69;2702.45;6.1;16100.61;262.0;499;;0.1142;True;True;
EXTREMO;330455705110233;Rio de Janeiro;3304557;Lagoa;Sudeste;não;;16512.51;2702.45;6.1;16100.61;201.0;479;;0.1106;True;True;
EXTREMO;330455705110330;Rio de Janeiro;3304557;Lagoa;Sudeste;não;;16500.83;2702.45;6.1;16100.61;173.0;371;;0.0997;True;True;
EXTREMO;330455705290557;Rio de Janeiro;3304557;Recreio dos Bandeirantes;Sudeste;não;;16530.5;2702.45;6.1;16100.61;147.0;430;;0.1628;True;True;
EXTREMO;330455705290612;Rio de Janeiro;3304557;Barra da Tijuca;Sudeste;não;;16576.08;2702.45;6.1;16100.61;153.0;356;;0.073;True;True;
EXTREMO;330455705290764;Rio de Janeiro;3304557;Barra da Tijuca;Sudeste;não;;16520.02;2702.45;6.1;16100.61;273.0;636;0.0;0.0975;True;True;
EXTREMO;330455705290820;Rio de Janeiro;3304557;Barra da Tijuca;Sudeste;não;;16597.1;2702.45;6.1;16100.61;183.0;365;0.0092;0.1068;True;True;
EXTREMO;330455705290987;Rio de Janeiro;3304557;Itanhangá;Sudeste;não;;16436.44;2702.45;6.1;16100.61;141.0;383;0.0119;0.1802;True;True;
EXTREMO;330455705291135;Rio de Janeiro;3304557;Barra da Tijuca;Sudeste;não;;16566.72;2702.45;6.1;16100.61;96.0;258;0.0;0.0814;True;True;
EXTREMO;330455705291139;Rio de Janeiro;3304557;Barra da Tijuca;Sudeste;não;;16492.51;2702.45;6.1;16100.61;58.0;167;0.0;0.1437;True;True;
EXTREMO;330455705291147;Rio de Janeiro;3304557;Barra da Tijuca;Sudeste;não;;16398.28;2702.45;6.1;16100.61;191.0;448;0.0124;0.096;True;True;
EXTREMO;330455705291165;Rio de Janeiro;3304557;Barra da Tijuca;Sudeste;não;;16391.96;2702.45;6.1;16100.61;169.0;431;;0.116;True;True;
EXTREMO;330455705291185;Rio de Janeiro;3304557;Barra da Tijuca;Sudeste;não;;16571.94;2702.45;6.1;16100.61;152.0;411;0.0;0.09;True;True;
EXTREMO;330455705291274;Rio de Janeiro;3304557;Barra da Tijuca;Sudeste;não;;16466.24;2702.45;6.1;16100.61;157.0;418;0.0;0.1364;True;True;
EXTREMO;330455705291302;Rio de Janeiro;3304557;Camorim;Sudeste;não;;16561.06;2702.45;6.1;16100.61;51.0;178;0.0;0.2921;True;True;
EXTREMO;330520805070023;São Pedro da Aldeia;3305208;Base AeroNaval;Sudeste;não;;13827.79;2285.26;6.1;9607.69;94.0;296;;0.3007;False;True;
EXTREMO;350950205000142;Campinas;3509502;;Sudeste;não;;20804.27;3391.86;6.1;16181.01;165.0;364;;0.044;True;True;
EXTREMO;350950205002413;Campinas;3509502;;Sudeste;não;;20642.73;3391.86;6.1;16181.01;57.0;144;0.0;0.0278;True;True;
EXTREMO;351880005001205;Guarulhos;3518800;Centro;Sudeste;não;;14456.93;2361.56;6.1;9209.94;132.0;392;0.0;0.1633;True;True;
EXTREMO;354870805001301;São Bernardo do Campo;3548708;Nova Petrópolis;Sudeste;não;;20575.63;3371.95;6.1;14607.28;198.0;609;;0.0542;True;True;
EXTREMO;431490205001558;Porto Alegre;4314902;Higienópolis;Sul;não;;24255.57;3986.89;6.1;20311.57;154.0;356;;0.0084;True;True;
EXTREMO;520870705090003;Goiânia;5208707;;Centro-Oeste;não;;18848.21;3112.75;6.1;13875.71;287.0;739;;0.2233;True;True;
EXTREMO;130260305070232;Manaus;1302603;São Jorge;Norte;não;;11141.61;1852.55;6.0;6265.62;245.0;696;0.0;0.4727;False;True;
EXTREMO;130260305110051;Manaus;1302603;Adrianópolis;Norte;não;;11199.46;1852.55;6.0;6265.62;103.0;325;;0.5323;False;True;
EXTREMO;130260305110142;Manaus;1302603;Dom Pedro I;Norte;não;;11130.32;1852.55;6.0;6265.62;162.0;533;0.0063;0.4278;False;True;
EXTREMO;130260305110358;Manaus;1302603;Aleixo;Norte;não;;11120.12;1852.55;6.0;6265.62;105.0;262;0.0;0.5649;False;True;
EXTREMO;130260305120759;Manaus;1302603;Novo Aleixo;Norte;não;;11184.85;1852.55;6.0;6265.62;227.0;746;;0.559;False;True;
EXTREMO;150140205000008;Belém;1501402;Batista Campos;Norte;não;;10852.07;1802.79;6.0;8315.28;292.0;795;0.0071;0.4503;False;True;
EXTREMO;150140205000064;Belém;1501402;Nazaré;Norte;não;;10886.14;1802.79;6.0;8315.28;306.0;826;;0.3777;False;True;
EXTREMO;150140205000163;Belém;1501402;Nazaré;Norte;não;;10802.69;1802.79;6.0;8315.28;248.0;549;;0.3989;False;True;
EXTREMO;150140205000182;Belém;1501402;Jurunas;Norte;não;;10848.37;1802.79;6.0;8315.28;315.0;793;;0.4918;False;True;
EXTREMO;150140205000190;Belém;1501402;Nazaré;Norte;não;;10899.45;1802.79;6.0;8315.28;147.0;447;0.0;0.4004;False;True;
EXTREMO;211130005000838;São Luís;2111300;;Nordeste;não;;10445.4;1745.24;6.0;8425.68;308.0;807;0.006;0.4647;False;True;
EXTREMO;211130005001156;São Luís;2111300;;Nordeste;não;;10481.02;1745.24;6.0;8425.68;183.0;460;0.0;0.4435;False;True;
EXTREMO;211130005001157;São Luís;2111300;;Nordeste;não;;10496.05;1745.24;6.0;8425.68;173.0;444;;0.4302;False;True;
EXTREMO;211130005001947;São Luís;2111300;;Nordeste;não;;10426.16;1745.24;6.0;8425.68;196.0;483;;0.4493;False;True;
EXTREMO;221100105070015;Teresina;2211001;Fátima;Nordeste;não;;11500.47;1913.0;6.0;8229.75;291.0;803;0.0061;0.5417;False;True;
EXTREMO;230440005150053;Fortaleza;2304400;Aldeota;Nordeste;não;;10320.16;1708.86;6.0;7273.3;129.0;310;0.0183;0.3387;False;True;
EXTREMO;230440005150066;Fortaleza;2304400;Aldeota;Nordeste;não;;10284.79;1708.86;6.0;7273.3;289.0;714;0.0109;0.3599;False;True;
EXTREMO;230440005150080;Fortaleza;2304400;Aldeota;Nordeste;não;;10242.34;1708.86;6.0;7273.3;325.0;771;0.0073;0.3554;False;True;
EXTREMO;230440005150415;Fortaleza;2304400;Dionísio Torres;Nordeste;não;;10221.29;1708.86;6.0;7273.3;227.0;621;0.0195;0.3349;False;True;
EXTREMO;230440005170235;Fortaleza;2304400;Fátima;Nordeste;não;;10267.13;1708.86;6.0;7273.3;176.0;451;;0.3947;False;True;
EXTREMO;230440005170320;Fortaleza;2304400;Benfica;Nordeste;não;;10317.35;1708.86;6.0;7273.3;302.0;793;;0.372;False;True;
EXTREMO;230440005190259;Fortaleza;2304400;Engenheiro Luciano Cavalcante;Nordeste;não;;10271.59;1708.86;6.0;7273.3;202.0;515;0.0;0.4272;False;True;
EXTREMO;230440005200297;Fortaleza;2304400;Curió;Nordeste;não;;10167.87;1708.86;6.0;7273.3;61.0;163;0.0556;0.5215;False;True;
EXTREMO;240810205070035;Natal;2408102;Nova Descoberta;Nordeste;não;;12166.67;2035.34;6.0;11639.32;6.0;19;0.0;0.3158;False;True;
EXTREMO;240810205080025;Natal;2408102;Santos Reis;Nordeste;não;;12145.45;2035.34;6.0;11639.32;11.0;40;0.0;0.55;False;True;
EXTREMO;240810205080075;Natal;2408102;Tirol;Nordeste;não;;12248.62;2035.34;6.0;11639.32;334.0;798;;0.2757;False;True;
EXTREMO;240810205080189;Natal;2408102;Areia Preta;Nordeste;não;;12279.98;2035.34;6.0;11639.32;193.0;450;;0.32;False;True;
EXTREMO;270430205060149;Maceió;2704302;Ponta Verde;Nordeste;não;;10410.47;1721.69;6.0;8099.28;260.0;672;;0.372;False;True;
EXTREMO;270430205060159;Maceió;2704302;Jatiúca;Nordeste;não;;10346.55;1721.69;6.0;8099.28;375.0;999;0.0048;0.3904;False;True;
EXTREMO;270430205060165;Maceió;2704302;Ponta Verde;Nordeste;não;;10287.84;1721.69;6.0;8099.28;129.0;321;;0.4206;False;True;
EXTREMO;270430205080135;Maceió;2704302;Gruta de Lourdes;Nordeste;não;;10339.63;1721.69;6.0;8099.28;159.0;492;0.0125;0.3415;False;True;
EXTREMO;270430205130098;Maceió;2704302;Jacarecica;Nordeste;não;;10352.9;1721.69;6.0;8099.28;301.0;877;0.0083;0.4071;False;True;
EXTREMO;292740805060228;Salvador;2927408;Pituba;Nordeste;não;;9828.7;1637.87;6.0;8339.92;197.0;441;;0.3787;False;True;
EXTREMO;292740805060310;Salvador;2927408;Pituba;Nordeste;não;;9864.59;1637.87;6.0;8339.92;297.0;615;0.0052;0.4163;False;True;
EXTREMO;292740805060392;Salvador;2927408;Pituba;Nordeste;não;;9774.58;1637.87;6.0;8339.92;110.0;219;;0.4795;False;True;
EXTREMO;292740805060430;Salvador;2927408;Imbuí;Nordeste;não;;9800.82;1637.87;6.0;8339.92;260.0;702;0.0;0.6766;False;True;
EXTREMO;292740805070209;Salvador;2927408;Candeal;Nordeste;não;;9883.83;1637.87;6.0;8339.92;168.0;358;0.0;0.4162;False;True;
EXTREMO;292740805070389;Salvador;2927408;Candeal;Nordeste;não;;9865.74;1637.87;6.0;8339.92;55.0;137;0.0;0.4745;False;True;
EXTREMO;292740805270171;Salvador;2927408;Federação;Nordeste;não;;9898.14;1637.87;6.0;8339.92;490.0;795;0.004;0.4717;False;True;
EXTREMO;292740805270417;Salvador;2927408;Graça;Nordeste;não;;9820.78;1637.87;6.0;8339.92;54.0;118;;0.3559;False;True;
EXTREMO;310620005620017;Belo Horizonte;3106200;Funcionários;Sudeste;não;;18455.47;3060.31;6.0;17598.99;219.0;583;;0.1252;True;True;
EXTREMO;310620005620032;Belo Horizonte;3106200;Serra;Sudeste;não;;18240.74;3060.31;6.0;17598.99;261.0;653;;0.1256;True;True;
EXTREMO;310620005620538;Belo Horizonte;3106200;Funcionários;Sudeste;não;;18480.84;3060.31;6.0;17598.99;167.0;404;0.0;0.1262;True;True;
EXTREMO;310620005620570;Belo Horizonte;3106200;Savassi;Sudeste;não;;18399.27;3060.31;6.0;17598.99;245.0;529;0.0;0.1267;True;True;
EXTREMO;310620005620641;Belo Horizonte;3106200;Serra;Sudeste;não;;18366.25;3060.31;6.0;17598.99;156.0;386;0.0;0.114;True;True;
EXTREMO;310620005620751;Belo Horizonte;3106200;Santa Lúcia;Sudeste;não;;18408.91;3060.31;6.0;17598.99;137.0;446;0.0086;0.1996;True;True;
EXTREMO;330455705090113;Rio de Janeiro;3304557;Botafogo;Sudeste;não;;16155.72;2702.45;6.0;16100.61;275.0;648;;0.1204;True;True;
EXTREMO;330455705090114;Rio de Janeiro;3304557;Botafogo;Sudeste;não;;16197.47;2702.45;6.0;16100.61;296.0;743;;0.0983;True;True;
EXTREMO;330455705090401;Rio de Janeiro;3304557;Laranjeiras;Sudeste;não;;16246.35;2702.45;6.0;16100.61;246.0;574;0.006;0.0749;True;True;
EXTREMO;330455705090458;Rio de Janeiro;3304557;Botafogo;Sudeste;não;;16171.57;2702.45;6.0;16100.61;211.0;533;;0.1201;True;True;
EXTREMO;330455705090522;Rio de Janeiro;3304557;Botafogo;Sudeste;não;;16187.81;2702.45;6.0;16100.61;200.0;537;;0.1601;True;True;
EXTREMO;330455705100354;Rio de Janeiro;3304557;Copacabana;Sudeste;não;;16257.06;2702.45;6.0;16100.61;115.0;239;;0.1674;True;True;
EXTREMO;330455705110029;Rio de Janeiro;3304557;Ipanema;Sudeste;não;;16121.81;2702.45;6.0;16100.61;150.0;341;;0.1378;True;True;
EXTREMO;330455705110041;Rio de Janeiro;3304557;Ipanema;Sudeste;não;;16312.24;2702.45;6.0;16100.61;132.0;286;0.0;0.1154;True;True;
EXTREMO;330455705110091;Rio de Janeiro;3304557;Ipanema;Sudeste;não;;16314.01;2702.45;6.0;16100.61;264.0;604;0.0097;0.1374;True;True;
EXTREMO;330455705110144;Rio de Janeiro;3304557;Leblon;Sudeste;não;;16236.83;2702.45;6.0;16100.61;72.0;120;0.0;0.1667;True;True;
EXTREMO;330455705110156;Rio de Janeiro;3304557;Leblon;Sudeste;não;;16165.4;2702.45;6.0;16100.61;247.0;539;0.0;0.0872;True;True;
EXTREMO;330455705110195;Rio de Janeiro;3304557;Leblon;Sudeste;não;;16314.22;2702.45;6.0;16100.61;223.0;456;;0.0636;True;True;
EXTREMO;330455705110198;Rio de Janeiro;3304557;Leblon;Sudeste;não;;16201.52;2702.45;6.0;16100.61;69.0;108;0.0;0.0648;True;True;
EXTREMO;330455705110235;Rio de Janeiro;3304557;Lagoa;Sudeste;não;;16173.81;2702.45;6.0;16100.61;127.0;321;0.0;0.081;True;True;
EXTREMO;330455705110277;Rio de Janeiro;3304557;Gávea;Sudeste;não;;16272.43;2702.45;6.0;16100.61;168.0;384;0.0;0.0964;True;True;
EXTREMO;330455705110306;Rio de Janeiro;3304557;São Conrado;Sudeste;não;;16288.65;2702.45;6.0;16100.61;91.0;254;;0.0315;True;True;
EXTREMO;330455705110389;Rio de Janeiro;3304557;Leblon;Sudeste;não;;16182.3;2702.45;6.0;16100.61;175.0;312;;0.0897;True;True;
EXTREMO;330455705290063;Rio de Janeiro;3304557;Barra da Tijuca;Sudeste;não;;16285.1;2702.45;6.0;16100.61;291.0;756;;0.0992;True;True;
EXTREMO;330455705290069;Rio de Janeiro;3304557;Barra da Tijuca;Sudeste;não;;16341.48;2702.45;6.0;16100.61;169.0;354;0.0;0.0763;True;True;
EXTREMO;330455705290105;Rio de Janeiro;3304557;Barra da Tijuca;Sudeste;não;;16144.94;2702.45;6.0;16100.61;100.0;266;0.0;0.1316;True;True;
EXTREMO;330455705290159;Rio de Janeiro;3304557;Barra da Tijuca;Sudeste;não;;16209.78;2702.45;6.0;16100.61;206.0;507;;0.1834;True;True;
EXTREMO;330455705290538;Rio de Janeiro;3304557;Recreio dos Bandeirantes;Sudeste;não;;16214.29;2702.45;6.0;16100.61;173.0;516;0.0;0.2422;True;True;
EXTREMO;330455705290558;Rio de Janeiro;3304557;Recreio dos Bandeirantes;Sudeste;não;;16173.02;2702.45;6.0;16100.61;225.0;727;;0.1609;True;True;
EXTREMO;330455705290813;Rio de Janeiro;3304557;Barra da Tijuca;Sudeste;não;;16263.17;2702.45;6.0;16100.61;155.0;372;0.0;0.0753;True;True;
EXTREMO;330455705291230;Rio de Janeiro;3304557;Barra da Tijuca;Sudeste;não;;16294.45;2702.45;6.0;16100.61;73.0;178;0.0;0.0674;True;True;
EXTREMO;330455705291253;Rio de Janeiro;3304557;Barra da Tijuca;Sudeste;não;;16149.1;2702.45;6.0;16100.61;118.0;340;0.0;0.15;True;True;
EXTREMO;350950205001445;Campinas;3509502;;Sudeste;não;;20227.53;3391.86;6.0;16181.01;158.0;497;0.0094;0.1288;True;True;
EXTREMO;350950205002412;Campinas;3509502;;Sudeste;não;;20439.73;3391.86;6.0;16181.01;53.0;139;0.0;0.0576;True;True;
EXTREMO;431490205002583;Porto Alegre;4314902;Jardim Europa;Sul;não;;23927.6;3986.89;6.0;20311.57;251.0;733;;0.0273;True;True;
EXTREMO;500270405060117;Campo Grande;5002704;Jardim dos Estados;Centro-Oeste;não;;16511.56;2744.05;6.0;10591.42;289.0;716;0.0;0.1578;True;True;
EXTREMO;500270405060142;Campo Grande;5002704;Bela Vista;Centro-Oeste;não;;16524.35;2744.05;6.0;10591.42;150.0;294;0.0153;0.2109;True;True;
EXTREMO;500270405070042;Campo Grande;5002704;Veraneio;Centro-Oeste;não;;16551.74;2744.05;6.0;10591.42;139.0;382;0.0;0.1204;True;True;
EXTREMO;520870705090008;Goiânia;5208707;;Centro-Oeste;não;;18592.58;3112.75;6.0;13875.71;377.0;902;0.0081;0.2517;True;True;
EXTREMO;520870705320031;Goiânia;5208707;;Centro-Oeste;não;;18780.62;3112.75;6.0;13875.71;331.0;1079;0.0064;0.2762;True;True;
EXTREMO;520870705350027;Goiânia;5208707;;Centro-Oeste;não;;18798.09;3112.75;6.0;13875.71;392.0;1359;0.005;0.3738;True;True;
EXTREMO;130260305110007;Manaus;1302603;Parque 10 de Novembro;Norte;não;;10874.9;1852.55;5.9;6265.62;366.0;1113;0.0073;0.4888;False;True;
EXTREMO;130260305110117;Manaus;1302603;Chapada;Norte;não;;10925.75;1852.55;5.9;6265.62;56.0;200;0.0;0.375;False;True;
EXTREMO;130260305110332;Manaus;1302603;Aleixo;Norte;não;;10919.86;1852.55;5.9;6265.62;273.0;676;0.0;0.4911;False;True;
EXTREMO;150140205000055;Belém;1501402;Nazaré;Norte;não;;10704.99;1802.79;5.9;8315.28;253.0;737;0.0064;0.5156;False;True;
EXTREMO;150140205000165;Belém;1501402;Cremação;Norte;não;;10564.38;1802.79;5.9;8315.28;404.0;1221;0.003;0.5455;False;True;
EXTREMO;150140205000223;Belém;1501402;Cremação;Norte;não;;10611.96;1802.79;5.9;8315.28;233.0;713;0.0099;0.533;False;True;
EXTREMO;150140245000311;Belém;1501402;Pratinha;Norte;não;;10708.65;1802.79;5.9;8315.28;158.0;533;0.0;0.5666;False;True;
EXTREMO;150140245000535;Belém;1501402;Parque Verde;Norte;não;;10717.44;1802.79;5.9;8315.28;429.0;1195;0.0043;0.5481;False;True;
EXTREMO;150140275000249;Belém;1501402;Pedreira;Norte;não;;10643.09;1802.79;5.9;8315.28;190.0;503;;0.5408;False;True;
EXTREMO;211130005000817;São Luís;2111300;;Nordeste;não;;10367.38;1745.24;5.9;8425.68;251.0;659;;0.4294;False;True;
EXTREMO;211130005001693;São Luís;2111300;;Nordeste;não;;10243.85;1745.24;5.9;8425.68;282.0;748;0.0048;0.4238;False;True;
EXTREMO;221100105060024;Teresina;2211001;Frei Serafim;Nordeste;não;;11244.47;1913.0;5.9;8229.75;296.0;858;0.0111;0.4196;False;True;
EXTREMO;221100105070144;Teresina;2211001;Morada do Sol;Nordeste;não;;11368.4;1913.0;5.9;8229.75;256.0;687;0.0;0.4847;False;True;
EXTREMO;230440005150062;Fortaleza;2304400;Aldeota;Nordeste;não;;10083.31;1708.86;5.9;7273.3;337.0;814;0.007;0.3575;False;True;
EXTREMO;230440005150117;Fortaleza;2304400;Meireles;Nordeste;não;;10163.43;1708.86;5.9;7273.3;248.0;559;;0.3667;False;True;
EXTREMO;230440005150252;Fortaleza;2304400;Meireles;Nordeste;não;;10105.65;1708.86;5.9;7273.3;236.0;459;;0.4858;False;True;
EXTREMO;230440005150282;Fortaleza;2304400;Mucuripe;Nordeste;não;;10062.64;1708.86;5.9;7273.3;172.0;376;0.0;0.3298;False;True;
EXTREMO;230440005170242;Fortaleza;2304400;Fátima;Nordeste;não;;10014.29;1708.86;5.9;7273.3;261.0;781;0.0057;0.4597;False;True;
EXTREMO;230440005170297;Fortaleza;2304400;Fátima;Nordeste;não;;10101.13;1708.86;5.9;7273.3;169.0;499;0.0113;0.4188;False;True;
EXTREMO;230440005200221;Fortaleza;2304400;Parque Iracema;Nordeste;não;;10056.24;1708.86;5.9;7273.3;259.0;683;;0.4729;False;True;
EXTREMO;230440005200223;Fortaleza;2304400;Parque Iracema;Nordeste;não;;10099.68;1708.86;5.9;7273.3;220.0;638;0.0287;0.5266;False;True;
EXTREMO;240810205070148;Natal;2408102;Lagoa Nova;Nordeste;não;;12077.46;2035.34;5.9;11639.32;315.0;914;0.0208;0.3107;False;True;
EXTREMO;240810205070151;Natal;2408102;Lagoa Nova;Nordeste;não;;11937.04;2035.34;5.9;11639.32;219.0;534;;0.2303;False;True;
EXTREMO;240810205070195;Natal;2408102;Lagoa Nova;Nordeste;não;;12084.71;2035.34;5.9;11639.32;129.0;368;;0.3587;False;True;
EXTREMO;240810205070200;Natal;2408102;Lagoa Nova;Nordeste;não;;11945.9;2035.34;5.9;11639.32;191.0;587;0.012;0.3049;False;True;
EXTREMO;240810205080053;Natal;2408102;Petrópolis;Nordeste;não;;12013.24;2035.34;5.9;11639.32;302.0;739;;0.2598;False;True;
EXTREMO;240810205080143;Natal;2408102;Petrópolis;Nordeste;não;;11957.51;2035.34;5.9;11639.32;243.0;653;0.0138;0.3323;False;True;
EXTREMO;240810205080200;Natal;2408102;Petrópolis;Nordeste;não;;11933.89;2035.34;5.9;11639.32;167.0;343;0.0098;0.3615;False;True;
EXTREMO;270430205060085;Maceió;2704302;Jatiúca;Nordeste;não;;10181.84;1721.69;5.9;8099.28;576.0;1552;0.0046;0.4214;False;True;
EXTREMO;270430205060118;Maceió;2704302;Pajuçara;Nordeste;não;;10197.14;1721.69;5.9;8099.28;35.0;55;0.0;0.3636;False;True;
EXTREMO;270430205060174;Maceió;2704302;Jatiúca;Nordeste;não;;10135.28;1721.69;5.9;8099.28;251.0;686;;0.3834;False;True;
EXTREMO;291080005090041;Feira de Santana;2910800;Santa Mônica;Nordeste;não;;10419.26;1753.99;5.9;6770.95;283.0;784;0.0092;0.5115;False;True;
EXTREMO;291080005090154;Feira de Santana;2910800;Brasília;Nordeste;não;;10418.96;1753.99;5.9;6770.95;57.0;174;0.0292;0.6724;False;True;
EXTREMO;292740805060138;Salvador;2927408;Jardim Armação;Nordeste;não;;9681.69;1637.87;5.9;8339.92;374.0;774;0.0073;0.4793;False;True;
EXTREMO;292740805090111;Salvador;2927408;Stella Maris;Nordeste;não;;9745.23;1637.87;5.9;8339.92;220.0;527;0.0085;0.5351;False;True;
EXTREMO;292740805220818;Salvador;2927408;Caminho das Árvores;Nordeste;não;;9686.63;1637.87;5.9;8339.92;250.0;461;0.0;0.5293;False;True;
EXTREMO;292740805270030;Salvador;2927408;Ondina;Nordeste;não;;9640.0;1637.87;5.9;8339.92;73.0;161;;0.2733;False;True;
EXTREMO;292740805270070;Salvador;2927408;Ondina;Nordeste;não;;9644.91;1637.87;5.9;8339.92;194.0;448;;0.4643;False;True;
EXTREMO;292740805270228;Salvador;2927408;Chame-Chame;Nordeste;não;;9597.87;1637.87;5.9;8339.92;131.0;266;;0.3195;False;True;
EXTREMO;292740805270303;Salvador;2927408;Graça;Nordeste;não;;9670.09;1637.87;5.9;8339.92;124.0;221;0.0146;0.3665;False;True;
EXTREMO;292740805270305;Salvador;2927408;Graça;Nordeste;não;;9587.53;1637.87;5.9;8339.92;116.0;265;;0.2906;False;True;
EXTREMO;292740805270329;Salvador;2927408;Canela;Nordeste;não;;9600.0;1637.87;5.9;8339.92;38.0;91;0.0;0.4286;False;True;
EXTREMO;310620005620068;Belo Horizonte;3106200;Serra;Sudeste;não;;18045.83;3060.31;5.9;17598.99;192.0;502;;0.1414;True;True;
EXTREMO;310620005620271;Belo Horizonte;3106200;Lourdes;Sudeste;não;;17935.18;3060.31;5.9;17598.99;245.0;563;;0.151;True;True;
EXTREMO;310620005620440;Belo Horizonte;3106200;Savassi;Sudeste;não;;18170.24;3060.31;5.9;17598.99;91.0;207;;0.0821;True;True;
EXTREMO;310620005620469;Belo Horizonte;3106200;Mangabeiras;Sudeste;não;;18045.57;3060.31;5.9;17598.99;214.0;663;0.0;0.098;True;True;
EXTREMO;310620005620545;Belo Horizonte;3106200;Lourdes;Sudeste;não;;18035.36;3060.31;5.9;17598.99;170.0;408;;0.1005;True;True;
EXTREMO;310620005620551;Belo Horizonte;3106200;Santa Lúcia;Sudeste;não;;17956.51;3060.31;5.9;17598.99;168.0;476;0.0;0.1366;True;True;
EXTREMO;310620005620626;Belo Horizonte;3106200;Savassi;Sudeste;não;;18080.47;3060.31;5.9;17598.99;176.0;443;;0.14;True;True;
EXTREMO;330490410000622;São Gonçalo;3304904;Maria Paula;Sudeste;não;;10935.8;1853.3;5.9;4772.51;91.0;294;;0.2041;False;True;
EXTREMO;350950205001396;Campinas;3509502;;Sudeste;não;;19871.19;3391.86;5.9;16181.01;61.0;177;0.0;0.0791;True;True;
EXTREMO;350950225000029;Campinas;3509502;;Sudeste;não;;19882.37;3391.86;5.9;16181.01;214.0;673;;0.101;True;True;
EXTREMO;410690205050310;Curitiba;4106902;Campo Comprido;Sul;não;;24150.87;4115.5;5.9;17999.52;234.0;721;;0.0208;True;True;
EXTREMO;410690205060606;Curitiba;4106902;Campo Comprido;Sul;não;;24210.31;4115.5;5.9;17999.52;122.0;400;;0.045;True;True;
EXTREMO;500270405070174;Campo Grande;5002704;Novos Estados;Centro-Oeste;não;;16225.24;2744.05;5.9;10591.42;218.0;708;0.0;0.2048;True;True;
EXTREMO;500270405070175;Campo Grande;5002704;Novos Estados;Centro-Oeste;não;;16086.7;2744.05;5.9;10591.42;136.0;444;0.0;0.1937;True;True;
EXTREMO;520870705030013;Goiânia;5208707;;Centro-Oeste;não;;18386.76;3112.75;5.9;13875.71;203.0;568;;0.2289;True;True;
EXTREMO;520870705090025;Goiânia;5208707;;Centro-Oeste;não;;18250.77;3112.75;5.9;13875.71;209.0;498;0.0;0.2851;True;True;
EXTREMO;520870705130066;Goiânia;5208707;;Centro-Oeste;não;;18302.83;3112.75;5.9;13875.71;240.0;753;;0.2404;True;True;
EXTREMO;520870705130088;Goiânia;5208707;;Centro-Oeste;não;;18299.9;3112.75;5.9;13875.71;195.0;536;0.0;0.2966;True;True;
EXTREMO;130260305110043;Manaus;1302603;Aleixo;Norte;não;;10765.98;1852.55;5.8;6265.62;164.0;495;0.0165;0.4505;False;True;
EXTREMO;130260305110204;Manaus;1302603;Parque 10 de Novembro;Norte;não;;10683.53;1852.55;5.8;6265.62;227.0;633;;0.5024;False;True;
EXTREMO;130260305110224;Manaus;1302603;Nossa Senhora das Graças;Norte;não;;10773.86;1852.55;5.8;6265.62;123.0;324;;0.4846;False;True;
EXTREMO;130260305110334;Manaus;1302603;Parque 10 de Novembro;Norte;não;;10688.88;1852.55;5.8;6265.62;141.0;236;0.0138;0.3941;False;True;
EXTREMO;130260305120071;Manaus;1302603;Cidade Nova;Norte;não;;10805.97;1852.55;5.8;6265.62;102.0;320;0.0229;0.7219;False;True;
EXTREMO;211130005001595;São Luís;2111300;;Nordeste;não;;10065.86;1745.24;5.8;8425.68;72.0;203;0.0;0.5172;False;True;
EXTREMO;211130005001600;São Luís;2111300;;Nordeste;não;;10036.81;1745.24;5.8;8425.68;115.0;371;0.0117;0.4636;False;True;
EXTREMO;211130005001721;São Luís;2111300;;Nordeste;não;;10063.05;1745.24;5.8;8425.68;86.0;249;0.0182;0.4659;False;True;
EXTREMO;221100105070300;Teresina;2211001;Horto;Nordeste;não;;11079.1;1913.0;5.8;8229.75;205.0;647;;0.4668;False;True;
EXTREMO;230440005150061;Fortaleza;2304400;Aldeota;Nordeste;não;;9848.27;1708.86;5.8;7273.3;295.0;712;0.0082;0.316;False;True;
EXTREMO;230440005150122;Fortaleza;2304400;Meireles;Nordeste;não;;9866.62;1708.86;5.8;7273.3;324.0;743;0.0059;0.3728;False;True;
EXTREMO;230440005150137;Fortaleza;2304400;Papicu;Nordeste;não;;9875.34;1708.86;5.8;7273.3;209.0;571;0.0102;0.331;False;True;
EXTREMO;230440005150265;Fortaleza;2304400;Meireles;Nordeste;não;;9943.57;1708.86;5.8;7273.3;118.0;285;0.0;0.3614;False;True;
EXTREMO;230440005150424;Fortaleza;2304400;Dionísio Torres;Nordeste;não;;9964.23;1708.86;5.8;7273.3;420.0;1103;0.0081;0.3871;False;True;
EXTREMO;230440005190248;Fortaleza;2304400;Edson Queiroz;Nordeste;não;;9966.99;1708.86;5.8;7273.3;221.0;666;0.0093;0.4369;False;True;
EXTREMO;240810205070213;Natal;2408102;Capim Macio;Nordeste;não;;11856.33;2035.34;5.8;11639.32;345.0;931;;0.3577;False;True;
EXTREMO;240810205070248;Natal;2408102;Neópolis;Nordeste;não;;11710.16;2035.34;5.8;11639.32;393.0;1185;;0.3781;False;True;
EXTREMO;270430205060082;Maceió;2704302;Jatiúca;Nordeste;não;;10013.21;1721.69;5.8;8099.28;217.0;555;0.0123;0.3784;False;True;
EXTREMO;270430205060090;Maceió;2704302;Jatiúca;Nordeste;não;;10029.87;1721.69;5.8;8099.28;194.0;476;;0.3845;False;True;
EXTREMO;270430205060127;Maceió;2704302;Ponta Verde;Nordeste;não;;9915.14;1721.69;5.8;8099.28;216.0;522;;0.3276;False;True;
EXTREMO;292740805060089;Salvador;2927408;Pituba;Nordeste;não;;9533.9;1637.87;5.8;8339.92;126.0;190;0.0;0.4632;False;True;
EXTREMO;292740805060338;Salvador;2927408;STIEP;Nordeste;não;;9512.77;1637.87;5.8;8339.92;47.0;123;0.0;0.626;False;True;
EXTREMO;292740805060384;Salvador;2927408;Rio Vermelho;Nordeste;não;;9581.08;1637.87;5.8;8339.92;198.0;387;0.0142;0.4134;False;True;
EXTREMO;292740805060476;Salvador;2927408;Costa Azul;Nordeste;não;;9518.46;1637.87;5.8;8339.92;167.0;436;;0.4862;False;True;
EXTREMO;292740805090141;Salvador;2927408;Boca do Rio;Nordeste;não;;9504.45;1637.87;5.8;8339.92;200.0;497;0.0;0.7445;False;True;
EXTREMO;292740805220690;Salvador;2927408;Caminho das Árvores;Nordeste;não;;9441.12;1637.87;5.8;8339.92;152.0;237;0.0;0.557;False;True;
EXTREMO;292740805270007;Salvador;2927408;Graça;Nordeste;não;;9523.91;1637.87;5.8;8339.92;222.0;495;0.0086;0.4202;False;True;
EXTREMO;292740805270009;Salvador;2927408;Graça;Nordeste;não;;9552.21;1637.87;5.8;8339.92;255.0;543;;0.3407;False;True;
EXTREMO;292740805270138;Salvador;2927408;Barra;Nordeste;não;;9496.92;1637.87;5.8;8339.92;269.0;531;0.0081;0.4859;False;True;
EXTREMO;292740805270141;Salvador;2927408;Barra;Nordeste;não;;9447.69;1637.87;5.8;8339.92;250.0;449;;0.4432;False;True;
EXTREMO;310620005620158;Belo Horizonte;3106200;Carmo;Sudeste;não;;17662.58;3060.31;5.8;17598.99;191.0;424;0.0;0.1014;True;True;
EXTREMO;310620005620350;Belo Horizonte;3106200;Santo Agostinho;Sudeste;não;;17748.25;3060.31;5.8;17598.99;103.0;280;0.0;0.1321;True;True;
EXTREMO;310620005620403;Belo Horizonte;3106200;Lourdes;Sudeste;não;;17614.57;3060.31;5.8;17598.99;181.0;392;;0.0714;True;True;
EXTREMO;330240305040045;Macaé;3302403;Lagoa;Sudeste;não;;14756.94;2538.99;5.8;10040.85;83.0;268;0.0;0.25;True;True;
EXTREMO;330350005100014;Nova Iguaçu;3303500;Centro;Sudeste;não;;10366.27;1773.89;5.8;4578.21;236.0;439;;0.2574;False;True;
EXTREMO;330350005100060;Nova Iguaçu;3303500;da Luz;Sudeste;não;;10318.22;1773.89;5.8;4578.21;221.0;590;0.0;0.2407;False;True;
EXTREMO;351880005001676;Guarulhos;3518800;Vila Augusta;Sudeste;não;;13682.65;2361.56;5.8;9209.94;118.0;396;;0.1742;False;True;
EXTREMO;354870805001635;São Bernardo do Campo;3548708;Botujuru;Sudeste;não;;19607.38;3371.95;5.8;14607.28;221.0;709;;0.1439;True;True;
EXTREMO;410690205060608;Curitiba;4106902;Campo Comprido;Sul;não;;23939.97;4115.5;5.8;17999.52;59.0;197;0.0;0.0609;True;True;
EXTREMO;500270405060063;Campo Grande;5002704;Jardim dos Estados;Centro-Oeste;não;;15999.93;2744.05;5.8;10591.42;119.0;298;;0.1342;True;True;
EXTREMO;520870705040049;Goiânia;5208707;;Centro-Oeste;não;;17986.41;3112.75;5.8;13875.71;171.0;446;;0.2197;True;True;
EXTREMO;520870705130096;Goiânia;5208707;;Centro-Oeste;não;;18124.68;3112.75;5.8;13875.71;123.0;345;;0.2145;True;True;
EXTREMO;520870705280011;Goiânia;5208707;;Centro-Oeste;não;;18117.59;3112.75;5.8;13875.71;202.0;653;0.0;0.2986;True;True;
EXTREMO;130260305070236;Manaus;1302603;Santo Agostinho;Norte;não;;10521.45;1852.55;5.7;6265.62;244.0;635;0.0;0.5669;False;True;
EXTREMO;130260305110104;Manaus;1302603;Nossa Senhora das Graças;Norte;não;;10498.09;1852.55;5.7;6265.62;67.0;210;;0.4286;False;True;
EXTREMO;130260305140506;Manaus;1302603;São José Operário;Norte;não;;10573.85;1852.55;5.7;6265.62;241.0;714;0.0068;0.6555;False;True;
EXTREMO;150140205000118;Belém;1501402;Umarizal;Norte;não;;10265.24;1802.79;5.7;8315.28;277.0;781;0.0058;0.4814;False;True;
EXTREMO;150140205000169;Belém;1501402;Marco;Norte;não;;10286.25;1802.79;5.7;8315.28;323.0;930;0.005;0.5269;False;True;
EXTREMO;150140205000246;Belém;1501402;Nazaré;Norte;não;;10340.17;1802.79;5.7;8315.28;277.0;742;0.0094;0.4137;False;True;
EXTREMO;150140245000296;Belém;1501402;Parque Verde;Norte;não;;10303.28;1802.79;5.7;8315.28;305.0;900;0.0;0.5489;False;True;
EXTREMO;211120110000221;São José de Ribamar;2111201;Araçagy;Nordeste;não;;9319.44;1633.45;5.7;6196.06;51.0;150;;0.48;False;True;
EXTREMO;211120110000279;São José de Ribamar;2111201;Araçagy;Nordeste;não;;9392.32;1633.45;5.7;6196.06;76.0;190;0.0;0.5526;False;True;
EXTREMO;211130005001142;São Luís;2111300;;Nordeste;não;;9898.49;1745.24;5.7;8425.68;130.0;284;0.0;0.4577;False;True;
EXTREMO;211130005001415;São Luís;2111300;;Nordeste;não;;9904.28;1745.24;5.7;8425.68;96.0;221;0.0;0.3665;False;True;
EXTREMO;221100105070064;Teresina;2211001;Noivos;Nordeste;não;;10826.04;1913.0;5.7;8229.75;173.0;538;0.0083;0.4758;False;True;
EXTREMO;230440005150203;Fortaleza;2304400;Vicente Pinzón;Nordeste;não;;9663.27;1708.86;5.7;7273.3;168.0;438;0.0101;0.3653;False;True;
EXTREMO;230440005150216;Fortaleza;2304400;De Lourdes;Nordeste;não;;9685.91;1708.86;5.7;7273.3;150.0;501;0.0192;0.4092;False;True;
EXTREMO;230440005150280;Fortaleza;2304400;Papicu;Nordeste;não;;9785.44;1708.86;5.7;7273.3;209.0;589;0.0;0.3599;False;True;
EXTREMO;230440005150285;Fortaleza;2304400;Mucuripe;Nordeste;não;;9820.42;1708.86;5.7;7273.3;157.0;398;0.0175;0.4422;False;True;
EXTREMO;230440005150435;Fortaleza;2304400;Dionísio Torres;Nordeste;não;;9712.98;1708.86;5.7;7273.3;258.0;628;0.0087;0.3455;False;True;
EXTREMO;230440005190069;Fortaleza;2304400;Praia do Futuro II;Nordeste;não;;9800.45;1708.86;5.7;7273.3;82.0;177;;0.4294;False;True;
EXTREMO;270430205060002;Maceió;2704302;Ponta Verde;Nordeste;não;;9747.24;1721.69;5.7;8099.28;268.0;583;0.0137;0.3413;False;True;
EXTREMO;270430205060147;Maceió;2704302;Jatiúca;Nordeste;não;;9764.8;1721.69;5.7;8099.28;488.0;1198;0.0079;0.3973;False;True;
EXTREMO;291080005060192;Feira de Santana;2910800;Santo Antônio dos Prazeres;Nordeste;não;;9993.01;1753.99;5.7;6770.95;110.0;343;0.016;0.6064;False;True;
EXTREMO;291080005060283;Feira de Santana;2910800;Papagaio;Nordeste;não;;10030.36;1753.99;5.7;6770.95;56.0;181;0.0;0.5912;False;True;
EXTREMO;291080005090103;Feira de Santana;2910800;Santa Mônica;Nordeste;não;;10050.0;1753.99;5.7;6770.95;162.0;461;;0.5119;False;True;
EXTREMO;291080005110086;Feira de Santana;2910800;Sim;Nordeste;não;;9931.91;1753.99;5.7;6770.95;120.0;342;;0.5731;False;True;
EXTREMO;291080005110124;Feira de Santana;2910800;Registro;Nordeste;não;;9923.36;1753.99;5.7;6770.95;293.0;945;0.012;0.5683;False;True;
EXTREMO;292740805060112;Salvador;2927408;Caminho das Árvores;Nordeste;não;;9395.48;1637.87;5.7;8339.92;428.0;847;;0.4321;False;True;
EXTREMO;292740805060315;Salvador;2927408;Pituba;Nordeste;não;;9279.87;1637.87;5.7;8339.92;235.0;552;0.0098;0.3913;False;True;
EXTREMO;292740805060397;Salvador;2927408;Pituba;Nordeste;não;;9266.89;1637.87;5.7;8339.92;190.0;387;;0.4134;False;True;
EXTREMO;292740805060411;Salvador;2927408;Costa Azul;Nordeste;não;;9412.45;1637.87;5.7;8339.92;175.0;450;0.0;0.5089;False;True;
EXTREMO;292740805060414;Salvador;2927408;Imbuí;Nordeste;não;;9355.71;1637.87;5.7;8339.92;488.0;1218;;0.5698;False;True;
EXTREMO;292740805060438;Salvador;2927408;Imbuí;Nordeste;não;;9379.88;1637.87;5.7;8339.92;270.0;716;;0.6229;False;True;
EXTREMO;292740805060456;Salvador;2927408;Pituba;Nordeste;não;;9304.97;1637.87;5.7;8339.92;175.0;323;0.0;0.452;False;True;
EXTREMO;292740805060474;Salvador;2927408;Rio Vermelho;Nordeste;não;;9300.0;1637.87;5.7;8339.92;15.0;28;0.0;0.5;False;True;
EXTREMO;292740805090037;Salvador;2927408;Stella Maris;Nordeste;não;;9279.93;1637.87;5.7;8339.92;326.0;941;0.0061;0.5951;False;True;
EXTREMO;292740805090168;Salvador;2927408;Itapuã;Nordeste;não;;9390.18;1637.87;5.7;8339.92;138.0;356;;0.5;False;True;
EXTREMO;292740805270080;Salvador;2927408;Graça;Nordeste;não;;9394.89;1637.87;5.7;8339.92;105.0;245;0.0;0.5184;False;True;
EXTREMO;292740805270139;Salvador;2927408;Barra;Nordeste;não;;9259.23;1637.87;5.7;8339.92;190.0;319;;0.4451;False;True;
EXTREMO;292740805270268;Salvador;2927408;Rio Vermelho;Nordeste;não;;9392.26;1637.87;5.7;8339.92;186.0;373;;0.6086;False;True;
EXTREMO;350280405000610;Araçatuba;3502804;;Sudeste;não;;15986.67;2795.87;5.7;8365.39;125.0;320;;0.0531;True;True;
EXTREMO;350950205002419;Campinas;3509502;;Sudeste;não;;19479.91;3391.86;5.7;16181.01;195.0;513;0.0;0.0448;True;True;
EXTREMO;351880005001294;Guarulhos;3518800;Vila Augusta;Sudeste;não;;13500.0;2361.56;5.7;9209.94;102.0;309;;0.1715;False;True;
EXTREMO;410690205050354;Curitiba;4106902;Mossunguê;Sul;não;;23443.67;4115.5;5.7;17999.52;166.0;477;0.0;0.0294;True;True;
EXTREMO;431490205000086;Porto Alegre;4314902;Centro Histórico;Sul;não;;22805.98;3986.89;5.7;20311.57;180.0;257;0.0;0.1907;True;True;
EXTREMO;431490205000243;Porto Alegre;4314902;Petrópolis;Sul;não;;22653.56;3986.89;5.7;20311.57;386.0;952;0.005;0.0147;True;True;
EXTREMO;431490205001146;Porto Alegre;4314902;Ipanema;Sul;não;;22657.56;3986.89;5.7;20311.57;190.0;496;;0.0625;True;True;
EXTREMO;431490205002468;Porto Alegre;4314902;Bela Vista;Sul;não;;22790.71;3986.89;5.7;20311.57;142.0;365;0.0;0.0192;True;True;
EXTREMO;500270405070176;Campo Grande;5002704;Novos Estados;Centro-Oeste;não;;15759.2;2744.05;5.7;10591.42;71.0;226;0.0;0.2832;True;True;
EXTREMO;520870705040055;Goiânia;5208707;;Centro-Oeste;não;;17790.81;3112.75;5.7;13875.71;109.0;304;0.0121;0.1743;True;True;
EXTREMO;520870705280003;Goiânia;5208707;;Centro-Oeste;não;;17831.69;3112.75;5.7;13875.71;143.0;421;0.0;0.2019;True;True;
EXTREMO;130260305110206;Manaus;1302603;Aleixo;Norte;não;;10401.21;1852.55;5.6;6265.62;302.0;752;0.0;0.5;False;True;
EXTREMO;130260305110305;Manaus;1302603;Dom Pedro I;Norte;não;;10323.92;1852.55;5.6;6265.62;313.0;724;;0.4986;False;True;
EXTREMO;150140205000006;Belém;1501402;Batista Campos;Norte;não;;10010.64;1802.79;5.6;8315.28;310.0;826;;0.4201;False;True;
EXTREMO;211130005001598;São Luís;2111300;;Nordeste;não;;9816.47;1745.24;5.6;8425.68;69.0;176;;0.3864;False;True;
EXTREMO;211130005001681;São Luís;2111300;;Nordeste;não;;9749.49;1745.24;5.6;8425.68;54.0;202;;0.4208;False;True;
EXTREMO;221100105070068;Teresina;2211001;Fátima;Nordeste;não;;10804.5;1913.0;5.6;8229.75;259.0;765;0.0092;0.4941;False;True;
EXTREMO;221100105070299;Teresina;2211001;Horto;Nordeste;não;;10716.08;1913.0;5.6;8229.75;204.0;610;0.0168;0.5016;False;True;
EXTREMO;230440005130071;Fortaleza;2304400;Praia de Iracema;Nordeste;não;;9617.13;1708.86;5.6;7273.3;187.0;443;0.0103;0.474;False;True;
EXTREMO;230440005150213;Fortaleza;2304400;Vicente Pinzón;Nordeste;não;;9621.46;1708.86;5.6;7273.3;90.0;206;0.0;0.4709;False;True;
EXTREMO;230440005190138;Fortaleza;2304400;Edson Queiroz;Nordeste;não;;9560.97;1708.86;5.6;7273.3;133.0;425;;0.5576;False;True;
EXTREMO;230440005190168;Fortaleza;2304400;Engenheiro Luciano Cavalcante;Nordeste;não;;9512.23;1708.86;5.6;7273.3;247.0;641;0.0136;0.4509;False;True;
EXTREMO;230440005200222;Fortaleza;2304400;Parque Iracema;Nordeste;não;;9490.88;1708.86;5.6;7273.3;154.0;313;0.0105;0.4409;False;True;
EXTREMO;230440005200289;Fortaleza;2304400;José de Alencar;Nordeste;não;;9542.72;1708.86;5.6;7273.3;199.0;573;0.0184;0.4974;False;True;
EXTREMO;230440005200371;Fortaleza;2304400;José de Alencar;Nordeste;não;;9588.05;1708.86;5.6;7273.3;225.0;739;0.0132;0.3911;False;True;
EXTREMO;270430205060010;Maceió;2704302;Ponta Verde;Nordeste;não;;9630.61;1721.69;5.6;8099.28;173.0;401;0.0;0.3117;False;True;
EXTREMO;270430205060022;Maceió;2704302;Ponta Verde;Nordeste;não;;9725.39;1721.69;5.6;8099.28;137.0;274;0.0121;0.3942;False;True;
EXTREMO;270430205060033;Maceió;2704302;Pajuçara;Nordeste;não;;9666.46;1721.69;5.6;8099.28;257.0;706;0.0099;0.4504;False;True;
EXTREMO;270430205060182;Maceió;2704302;Jatiúca;Nordeste;não;;9709.61;1721.69;5.6;8099.28;92.0;207;;0.4203;False;True;
EXTREMO;270430205110250;Maceió;2704302;Antares;Nordeste;não;;9651.95;1721.69;5.6;8099.28;403.0;1362;0.0059;0.4883;False;True;
EXTREMO;291080005080191;Feira de Santana;2910800;Pedra do Descanso;Nordeste;não;;9869.85;1753.99;5.6;6770.95;99.0;323;;0.6068;False;True;
EXTREMO;292740805060070;Salvador;2927408;Pituba;Nordeste;não;;9226.27;1637.87;5.6;8339.92;164.0;384;0.0;0.4375;False;True;
EXTREMO;292740805060105;Salvador;2927408;Pituba;Nordeste;não;;9148.57;1637.87;5.6;8339.92;275.0;581;;0.4613;False;True;
EXTREMO;292740805060106;Salvador;2927408;Pituba;Nordeste;não;;9154.92;1637.87;5.6;8339.92;185.0;475;0.007;0.3432;False;True;
EXTREMO;292740805060110;Salvador;2927408;Pituba;Nordeste;não;;9224.86;1637.87;5.6;8339.92;99.0;276;0.0;0.4275;False;True;
EXTREMO;292740805060195;Salvador;2927408;Pituba;Nordeste;não;;9128.93;1637.87;5.6;8339.92;93.0;222;;0.455;False;True;
EXTREMO;292740805060422;Salvador;2927408;Pituba;Nordeste;não;;9206.8;1637.87;5.6;8339.92;257.0;559;;0.4848;False;True;
EXTREMO;292740805070208;Salvador;2927408;Candeal;Nordeste;não;;9213.64;1637.87;5.6;8339.92;295.0;607;0.0204;0.4102;False;True;
EXTREMO;292740805070283;Salvador;2927408;Vila Laura;Nordeste;não;;9098.79;1637.87;5.6;8339.92;274.0;746;;0.6542;False;True;
EXTREMO;292740805090209;Salvador;2927408;Stella Maris;Nordeste;não;;9221.52;1637.87;5.6;8339.92;191.0;578;0.0123;0.5744;False;True;
EXTREMO;292740805270039;Salvador;2927408;Canela;Nordeste;não;;9182.27;1637.87;5.6;8339.92;161.0;381;0.0165;0.5459;False;True;
EXTREMO;292740805270133;Salvador;2927408;Barra;Nordeste;não;;9196.33;1637.87;5.6;8339.92;73.0;173;0.0;0.3237;False;True;
EXTREMO;292740805270165;Salvador;2927408;Barra;Nordeste;não;;9221.26;1637.87;5.6;8339.92;213.0;439;0.01;0.4305;False;True;
EXTREMO;292740805270269;Salvador;2927408;Rio Vermelho;Nordeste;não;;9112.89;1637.87;5.6;8339.92;243.0;511;;0.4423;False;True;
EXTREMO;330240305040084;Macaé;3302403;Imboassica;Sudeste;não;;14151.05;2538.99;5.6;10040.85;282.0;947;;0.3178;True;True;
EXTREMO;330350005100322;Nova Iguaçu;3303500;Centro;Sudeste;não;;9919.43;1773.89;5.6;4578.21;177.0;567;;0.3721;False;True;
EXTREMO;330520805080074;São Pedro da Aldeia;3305208;Balneário São Pedro;Sudeste;não;;12808.7;2285.26;5.6;9607.69;47.0;131;;0.3206;False;True;
EXTREMO;350280405000614;Araçatuba;3502804;;Sudeste;não;;15635.46;2795.87;5.6;8365.39;197.0;584;0.0101;0.0839;True;True;
EXTREMO;350950205002408;Campinas;3509502;;Sudeste;não;;18934.19;3391.86;5.6;16181.01;111.0;323;;0.0526;True;True;
EXTREMO;351880005001300;Guarulhos;3518800;Vila Augusta;Sudeste;não;;13181.0;2361.56;5.6;9209.94;103.0;337;0.0;0.1573;False;True;
EXTREMO;351880010000039;Guarulhos;3518800;Pimentas;Sudeste;não;;13278.52;2361.56;5.6;9209.94;204.0;524;0.0164;0.4466;False;True;
EXTREMO;354870805001437;São Bernardo do Campo;3548708;Montanhão;Sudeste;não;;18982.47;3371.95;5.6;14607.28;137.0;363;;0.5207;True;True;
EXTREMO;354870805001459;São Bernardo do Campo;3548708;Centro;Sudeste;não;;18942.3;3371.95;5.6;14607.28;112.0;349;0.0;0.1719;True;True;
EXTREMO;410690205010101;Curitiba;4106902;Alto da Glória;Sul;não;;23223.68;4115.5;5.6;17999.52;38.0;111;0.0;0.0;True;True;
EXTREMO;410690205050061;Curitiba;4106902;Mossunguê;Sul;não;;23186.13;4115.5;5.6;17999.52;323.0;929;0.0;0.0549;True;True;
EXTREMO;431490205002261;Porto Alegre;4314902;Bela Vista;Sul;não;;22171.85;3986.89;5.6;20311.57;308.0;741;;0.0256;True;True;
EXTREMO;431490205002604;Porto Alegre;4314902;Bela Vista;Sul;não;;22317.12;3986.89;5.6;20311.57;247.0;660;;0.0288;True;True;
EXTREMO;500270405060116;Campo Grande;5002704;Jardim dos Estados;Centro-Oeste;não;;15270.66;2744.05;5.6;10591.42;235.0;564;0.0102;0.1418;True;True;
EXTREMO;520870705090023;Goiânia;5208707;;Centro-Oeste;não;;17515.35;3112.75;5.6;13875.71;208.0;558;;0.2509;True;True;
EXTREMO;520870705290072;Goiânia;5208707;;Centro-Oeste;não;;17411.81;3112.75;5.6;13875.71;268.0;879;;0.314;True;True;
EXTREMO;130260305070228;Manaus;1302603;São Jorge;Norte;não;;10113.07;1852.55;5.5;6265.62;188.0;449;0.0;0.4677;False;True;
EXTREMO;130260305110129;Manaus;1302603;Nossa Senhora das Graças;Norte;não;;10151.63;1852.55;5.5;6265.62;210.0;590;0.0076;0.4339;False;True;
EXTREMO;130260305110292;Manaus;1302603;Flores;Norte;não;;10108.12;1852.55;5.5;6265.62;255.0;739;;0.479;False;True;
EXTREMO;150140205000049;Belém;1501402;Reduto;Norte;não;;9854.72;1802.79;5.5;8315.28;269.0;725;0.0046;0.52;False;True;
EXTREMO;150140205000052;Belém;1501402;Reduto;Norte;não;;9871.51;1802.79;5.5;8315.28;373.0;1012;0.0055;0.4743;False;True;
EXTREMO;150140205000091;Belém;1501402;São Brás;Norte;não;;9879.35;1802.79;5.5;8315.28;189.0;549;0.0101;0.5173;False;True;
EXTREMO;150140205000221;Belém;1501402;Marco;Norte;não;;9940.7;1802.79;5.5;8315.28;342.0;965;0.0121;0.5585;False;True;
EXTREMO;211130005000753;São Luís;2111300;;Nordeste;não;;9615.17;1745.24;5.5;8425.68;269.0;762;0.0062;0.5026;False;True;
EXTREMO;211130005000849;São Luís;2111300;;Nordeste;não;;9628.39;1745.24;5.5;8425.68;284.0;1077;0.0033;0.6444;False;True;
EXTREMO;211130005001170;São Luís;2111300;;Nordeste;não;;9541.54;1745.24;5.5;8425.68;170.0;461;0.0083;0.4751;False;True;
EXTREMO;221100105070006;Teresina;2211001;Planalto;Nordeste;não;;10607.63;1913.0;5.5;8229.75;223.0;648;0.0229;0.4815;False;True;
EXTREMO;221100105070139;Teresina;2211001;Jóquei;Nordeste;não;;10551.4;1913.0;5.5;8229.75;167.0;443;;0.4673;False;True;
EXTREMO;221100105070349;Teresina;2211001;Porto do Centro;Nordeste;não;;10426.39;1913.0;5.5;8229.75;243.0;824;0.0382;0.6408;False;True;
EXTREMO;221100105070392;Teresina;2211001;Iningá;Nordeste;não;;10465.76;1913.0;5.5;8229.75;180.0;540;0.0083;0.4611;False;True;
EXTREMO;221100105100258;Teresina;2211001;Parque São João;Nordeste;não;;10584.12;1913.0;5.5;8229.75;120.0;404;0.0099;0.6584;False;True;
EXTREMO;230440005150229;Fortaleza;2304400;Aldeota;Nordeste;não;;9482.85;1708.86;5.5;7273.3;249.0;658;0.0;0.4179;False;True;
EXTREMO;230440005150283;Fortaleza;2304400;Mucuripe;Nordeste;não;;9328.4;1708.86;5.5;7273.3;100.0;169;0.0;0.4201;False;True;
EXTREMO;230440005170221;Fortaleza;2304400;Fátima;Nordeste;não;;9437.83;1708.86;5.5;7273.3;141.0;391;0.0117;0.4476;False;True;
EXTREMO;230440005170230;Fortaleza;2304400;Fátima;Nordeste;não;;9423.69;1708.86;5.5;7273.3;273.0;804;0.0127;0.4391;False;True;
EXTREMO;230440005190057;Fortaleza;2304400;Cocó;Nordeste;não;;9397.62;1708.86;5.5;7273.3;273.0;618;;0.3738;False;True;
EXTREMO;230440005190173;Fortaleza;2304400;Engenheiro Luciano Cavalcante;Nordeste;não;;9375.61;1708.86;5.5;7273.3;778.0;2236;0.0102;0.517;False;True;
EXTREMO;230440005200040;Fortaleza;2304400;Parque Iracema;Nordeste;não;;9369.55;1708.86;5.5;7273.3;435.0;1301;0.0215;0.4812;False;True;
EXTREMO;230440005230363;Fortaleza;2304400;Pici;Nordeste;não;;9410.03;1708.86;5.5;7273.3;200.0;595;0.0062;0.4941;False;True;
EXTREMO;270430205060137;Maceió;2704302;Jatiúca;Nordeste;não;;9502.53;1721.69;5.5;8099.28;265.0;609;;0.3563;False;True;
EXTREMO;270430205060157;Maceió;2704302;Jatiúca;Nordeste;não;;9538.07;1721.69;5.5;8099.28;250.0;701;0.0;0.4322;False;True;
EXTREMO;270430205080111;Maceió;2704302;Farol;Nordeste;não;;9543.31;1721.69;5.5;8099.28;282.0;839;0.0074;0.3909;False;True;
EXTREMO;270430205080134;Maceió;2704302;Gruta de Lourdes;Nordeste;não;;9539.5;1721.69;5.5;8099.28;156.0;444;0.0139;0.4122;False;True;
EXTREMO;270430205090143;Maceió;2704302;Santa Amélia;Nordeste;não;;9399.07;1721.69;5.5;8099.28;17.0;50;;0.54;False;True;
EXTREMO;292740805060227;Salvador;2927408;Pituba;Nordeste;não;;9006.14;1637.87;5.5;8339.92;275.0;638;;0.4436;False;True;
EXTREMO;292740805060230;Salvador;2927408;Pituba;Nordeste;não;;8926.44;1637.87;5.5;8339.92;239.0;540;0.0144;0.4241;False;True;
EXTREMO;292740805060369;Salvador;2927408;Costa Azul;Nordeste;não;;9034.12;1637.87;5.5;8339.92;105.0;160;;0.5438;False;True;
EXTREMO;292740805060406;Salvador;2927408;STIEP;Nordeste;não;;8932.35;1637.87;5.5;8339.92;184.0;567;0.0094;0.6049;False;True;
EXTREMO;292740805060466;Salvador;2927408;Pituba;Nordeste;não;;9038.1;1637.87;5.5;8339.92;186.0;414;;0.4976;False;True;
EXTREMO;292740805270032;Salvador;2927408;Chame-Chame;Nordeste;não;;9054.84;1637.87;5.5;8339.92;225.0;555;0.0078;0.3333;False;True;
EXTREMO;292740805270064;Salvador;2927408;Ondina;Nordeste;não;;9077.37;1637.87;5.5;8339.92;118.0;250;0.0;0.492;False;True;
EXTREMO;292740805270074;Salvador;2927408;Barra;Nordeste;não;;9021.93;1637.87;5.5;8339.92;144.0;332;0.0096;0.4398;False;True;
EXTREMO;292740805270077;Salvador;2927408;Graça;Nordeste;não;;9065.5;1637.87;5.5;8339.92;252.0;594;;0.431;False;True;
EXTREMO;292740805270242;Salvador;2927408;Canela;Nordeste;não;;9052.88;1637.87;5.5;8339.92;246.0;471;;0.4055;False;True;
EXTREMO;330240305040058;Macaé;3302403;Glória;Sudeste;não;;13900.14;2538.99;5.5;10040.85;73.0;241;;0.3029;False;True;
EXTREMO;330240305040102;Macaé;3302403;Cavaleiros;Sudeste;não;;13928.22;2538.99;5.5;10040.85;111.0;291;0.0;0.1718;False;True;
EXTREMO;330350005100251;Nova Iguaçu;3303500;Centro;Sudeste;não;;9743.47;1773.89;5.5;4578.21;156.0;387;;0.2765;False;True;
EXTREMO;350280405000341;Araçatuba;3502804;;Sudeste;não;;15414.61;2795.87;5.5;8365.39;183.0;534;0.0096;0.0824;True;True;
EXTREMO;350280405000603;Araçatuba;3502804;;Sudeste;não;;15259.75;2795.87;5.5;8365.39;211.0;521;0.0;0.1324;True;True;
EXTREMO;350950205001236;Campinas;3509502;;Sudeste;não;;18601.83;3391.86;5.5;16181.01;104.0;310;;0.071;True;True;
EXTREMO;350950205001938;Campinas;3509502;;Sudeste;não;;18727.67;3391.86;5.5;16181.01;195.0;638;;0.0737;True;True;
EXTREMO;350950210000083;Campinas;3509502;;Sudeste;não;;18590.0;3391.86;5.5;16181.01;173.0;443;;0.0677;True;True;
EXTREMO;351880005000997;Guarulhos;3518800;Centro;Sudeste;não;;12911.62;2361.56;5.5;9209.94;211.0;566;;0.1396;False;True;
EXTREMO;351880005001366;Guarulhos;3518800;Vila Galvão;Sudeste;não;;13056.81;2361.56;5.5;9209.94;157.0;483;;0.1014;False;True;
EXTREMO;354870805001315;São Bernardo do Campo;3548708;Planalto;Sudeste;não;;18505.22;3371.95;5.5;14607.28;116.0;359;;0.1114;True;True;
EXTREMO;410690205050324;Curitiba;4106902;Campo Comprido;Sul;não;;22477.0;4115.5;5.5;17999.52;258.0;713;;0.0519;True;True;
EXTREMO;410690205090275;Curitiba;4106902;Cidade Industrial de Curitiba;Sul;não;;22729.6;4115.5;5.5;17999.52;164.0;455;0.0;0.044;True;True;
EXTREMO;431490205001519;Porto Alegre;4314902;MontSerrat;Sul;não;;21805.35;3986.89;5.5;20311.57;324.0;784;;0.0128;True;True;
EXTREMO;520870705030012;Goiânia;5208707;;Centro-Oeste;não;;17159.4;3112.75;5.5;13875.71;457.0;1181;0.0095;0.2168;True;True;
EXTREMO;520870705030020;Goiânia;5208707;;Centro-Oeste;não;;17019.11;3112.75;5.5;13875.71;220.0;607;0.0;0.2043;True;True;
EXTREMO;520870705280016;Goiânia;5208707;;Centro-Oeste;não;;17040.78;3112.75;5.5;13875.71;209.0;678;0.0073;0.264;True;True;
EXTREMO;130260305070230;Manaus;1302603;Santo Agostinho;Norte;não;;10008.87;1852.55;5.4;6265.62;270.0;655;0.0;0.5023;False;True;
EXTREMO;150140205000001;Belém;1501402;Batista Campos;Norte;não;;9819.56;1802.79;5.4;8315.28;348.0;932;;0.47;False;True;
EXTREMO;150140205000010;Belém;1501402;Batista Campos;Norte;não;;9800.06;1802.79;5.4;8315.28;197.0;536;0.0;0.4832;False;True;
EXTREMO;150140205000066;Belém;1501402;Nazaré;Norte;não;;9728.43;1802.79;5.4;8315.28;198.0;478;0.0091;0.4247;False;True;
EXTREMO;150140205000081;Belém;1501402;Cremação;Norte;não;;9661.62;1802.79;5.4;8315.28;323.0;830;;0.5;False;True;
EXTREMO;150140205000089;Belém;1501402;São Brás;Norte;não;;9678.96;1802.79;5.4;8315.28;316.0;910;0.0037;0.4626;False;True;
EXTREMO;150140205000168;Belém;1501402;Marco;Norte;não;;9686.94;1802.79;5.4;8315.28;289.0;806;0.0071;0.5211;False;True;
EXTREMO;150140205000204;Belém;1501402;Marco;Norte;não;;9661.94;1802.79;5.4;8315.28;233.0;616;;0.5828;False;True;
EXTREMO;150140250000001;Belém;1501402;Souza;Norte;não;;9717.12;1802.79;5.4;8315.28;222.0;666;;0.6517;False;True;
EXTREMO;211130005000171;São Luís;2111300;;Nordeste;não;;9337.41;1745.24;5.4;8425.68;102.0;235;0.0;0.4681;False;True;
EXTREMO;211130005001151;São Luís;2111300;;Nordeste;não;;9381.09;1745.24;5.4;8425.68;128.0;310;0.0;0.5258;False;True;
EXTREMO;211130005001158;São Luís;2111300;;Nordeste;não;;9468.54;1745.24;5.4;8425.68;182.0;443;0.0;0.4041;False;True;
EXTREMO;221100105070215;Teresina;2211001;Fátima;Nordeste;não;;10263.47;1913.0;5.4;8229.75;303.0;887;0.0038;0.5614;False;True;
EXTREMO;221100105070274;Teresina;2211001;Iningá;Nordeste;não;;10375.93;1913.0;5.4;8229.75;165.0;400;0.0148;0.545;False;True;
EXTREMO;230440005150065;Fortaleza;2304400;Aldeota;Nordeste;não;;9179.81;1708.86;5.4;7273.3;257.0;606;0.0057;0.4076;False;True;
EXTREMO;230440005150089;Fortaleza;2304400;Aldeota;Nordeste;não;;9154.81;1708.86;5.4;7273.3;100.0;252;;0.3333;False;True;
EXTREMO;230440005170238;Fortaleza;2304400;Fátima;Nordeste;não;;9199.92;1708.86;5.4;7273.3;282.0;783;0.0103;0.3946;False;True;
EXTREMO;230440005180277;Fortaleza;2304400;Dendê;Nordeste;não;;9265.98;1708.86;5.4;7273.3;199.0;694;0.0155;0.5375;False;True;
EXTREMO;230440005190249;Fortaleza;2304400;Edson Queiroz;Nordeste;não;;9191.78;1708.86;5.4;7273.3;271.0;868;0.0108;0.4954;False;True;
EXTREMO;230440005200423;Fortaleza;2304400;Cambeba;Nordeste;não;;9199.46;1708.86;5.4;7273.3;160.0;452;;0.396;False;True;
EXTREMO;270430205060006;Maceió;2704302;Ponta Verde;Nordeste;não;;9328.46;1721.69;5.4;8099.28;230.0;488;0.0;0.3094;False;True;
EXTREMO;270430205060134;Maceió;2704302;Ponta Verde;Nordeste;não;;9253.79;1721.69;5.4;8099.28;370.0;896;0.0054;0.3929;False;True;
EXTREMO;291080005060191;Feira de Santana;2910800;Santo Antônio dos Prazeres;Nordeste;não;;9482.37;1753.99;5.4;6770.95;94.0;262;;0.4847;False;True;
EXTREMO;292740805060109;Salvador;2927408;Pituba;Nordeste;não;;8862.35;1637.87;5.4;8339.92;211.0;492;;0.5427;False;True;
EXTREMO;292740805060120;Salvador;2927408;Pituba;Nordeste;não;;8767.29;1637.87;5.4;8339.92;285.0;664;;0.5136;False;True;
EXTREMO;292740805060322;Salvador;2927408;Itaigara;Nordeste;não;;8800.96;1637.87;5.4;8339.92;48.0;178;;0.3708;False;True;
EXTREMO;292740805060326;Salvador;2927408;Pituba;Nordeste;não;;8803.97;1637.87;5.4;8339.92;393.0;911;0.0037;0.4731;False;True;
EXTREMO;292740805060340;Salvador;2927408;STIEP;Nordeste;não;;8896.2;1637.87;5.4;8339.92;241.0;626;0.0;0.4936;False;True;
EXTREMO;292740805060341;Salvador;2927408;STIEP;Nordeste;não;;8801.89;1637.87;5.4;8339.92;538.0;1288;;0.6048;False;True;
EXTREMO;292740805060382;Salvador;2927408;STIEP;Nordeste;não;;8818.94;1637.87;5.4;8339.92;428.0;1032;0.0128;0.5174;False;True;
EXTREMO;292740805060412;Salvador;2927408;Imbuí;Nordeste;não;;8910.37;1637.87;5.4;8339.92;379.0;942;0.0038;0.5807;False;True;
EXTREMO;292740805060420;Salvador;2927408;Itaigara;Nordeste;não;;8778.13;1637.87;5.4;8339.92;32.0;110;;0.4455;False;True;
EXTREMO;292740805060482;Salvador;2927408;Caminho das Árvores;Nordeste;não;;8868.56;1637.87;5.4;8339.92;153.0;283;;0.4523;False;True;
EXTREMO;292740805070116;Salvador;2927408;Candeal;Nordeste;não;;8839.61;1637.87;5.4;8339.92;160.0;338;0.0;0.4704;False;True;
EXTREMO;292740805070122;Salvador;2927408;Rio Vermelho;Nordeste;não;;8888.37;1637.87;5.4;8339.92;229.0;569;;0.4956;False;True;
EXTREMO;292740805090030;Salvador;2927408;Itapuã;Nordeste;não;;8901.6;1637.87;5.4;8339.92;157.0;416;;0.6202;False;True;
EXTREMO;292740805090244;Salvador;2927408;Itapuã;Nordeste;não;;8822.21;1637.87;5.4;8339.92;57.0;147;;0.8367;False;True;
EXTREMO;292740805090267;Salvador;2927408;Pituaçu;Nordeste;não;;8901.4;1637.87;5.4;8339.92;355.0;881;0.0157;0.6425;False;True;
EXTREMO;292740805090311;Salvador;2927408;Stella Maris;Nordeste;não;;8870.11;1637.87;5.4;8339.92;100.0;301;;0.5714;False;True;
EXTREMO;292740805090350;Salvador;2927408;Pituaçu;Nordeste;não;;8889.16;1637.87;5.4;8339.92;133.0;339;0.0106;0.6637;False;True;
EXTREMO;292740805270031;Salvador;2927408;Chame-Chame;Nordeste;não;;8878.31;1637.87;5.4;8339.92;214.0;480;0.0066;0.4396;False;True;
EXTREMO;292740805270033;Salvador;2927408;Graça;Nordeste;não;;8831.04;1637.87;5.4;8339.92;139.0;300;;0.4567;False;True;
EXTREMO;292740805270174;Salvador;2927408;Barra;Nordeste;não;;8783.35;1637.87;5.4;8339.92;133.0;268;0.0;0.4664;False;True;
EXTREMO;292740805270194;Salvador;2927408;Vitória;Nordeste;não;;8863.55;1637.87;5.4;8339.92;86.0;191;0.0;0.4764;False;True;
EXTREMO;350950205000757;Campinas;3509502;;Sudeste;não;;18403.8;3391.86;5.4;16181.01;156.0;517;0.0072;0.1006;True;True;
EXTREMO;350950205001735;Campinas;3509502;;Sudeste;não;;18429.64;3391.86;5.4;16181.01;143.0;330;0.0;0.1121;True;True;
EXTREMO;350950205002680;Campinas;3509502;;Sudeste;não;;18472.73;3391.86;5.4;16181.01;11.0;24;0.0;0.0;True;True;
EXTREMO;350950210000076;Campinas;3509502;;Sudeste;não;;18448.47;3391.86;5.4;16181.01;199.0;505;;0.0495;True;True;
EXTREMO;351880005001202;Guarulhos;3518800;Centro;Sudeste;não;;12636.55;2361.56;5.4;9209.94;131.0;421;0.0125;0.2257;False;True;
EXTREMO;351880005001674;Guarulhos;3518800;Vila Augusta;Sudeste;não;;12653.4;2361.56;5.4;9209.94;116.0;347;;0.2104;False;True;
EXTREMO;351880005001802;Guarulhos;3518800;Centro;Sudeste;não;;12821.84;2361.56;5.4;9209.94;87.0;245;0.0;0.1265;False;True;
EXTREMO;354870805001164;São Bernardo do Campo;3548708;Demarchi;Sudeste;não;;18059.93;3371.95;5.4;14607.28;129.0;403;;0.1092;True;True;
EXTREMO;430460605000615;Canoas;4304606;Marechal Rondon;Sul;não;;15425.38;2840.43;5.4;10247.88;574.0;1757;0.0;0.0438;True;True;
EXTREMO;500270405070128;Campo Grande;5002704;Margarida;Centro-Oeste;não;;14846.79;2744.05;5.4;10591.42;174.0;475;0.0109;0.1558;True;True;
EXTREMO;520870705030011;Goiânia;5208707;;Centro-Oeste;não;;16743.84;3112.75;5.4;13875.71;436.0;1112;0.0044;0.2851;True;True;
EXTREMO;520870705040011;Goiânia;5208707;;Centro-Oeste;não;;16775.82;3112.75;5.4;13875.71;292.0;712;;0.2346;True;True;
EXTREMO;520870705130089;Goiânia;5208707;;Centro-Oeste;não;;16945.69;3112.75;5.4;13875.71;223.0;654;0.0;0.1927;True;True;
EXTREMO;130260305110207;Manaus;1302603;Aleixo;Norte;não;;9737.52;1852.55;5.3;6265.62;105.0;217;;0.47;False;True;
EXTREMO;130260305110270;Manaus;1302603;Parque 10 de Novembro;Norte;não;;9880.63;1852.55;5.3;6265.62;71.0;167;;0.5329;False;True;
EXTREMO;130260305110317;Manaus;1302603;Parque 10 de Novembro;Norte;não;;9896.33;1852.55;5.3;6265.62;269.0;692;;0.4957;False;True;
EXTREMO;150080005000646;Ananindeua;1500800;;Norte;não;;9384.14;1772.53;5.3;6318.54;212.0;769;0.0095;0.5527;False;True;
EXTREMO;150140205000018;Belém;1501402;Batista Campos;Norte;não;;9499.77;1802.79;5.3;8315.28;198.0;512;;0.4473;False;True;
EXTREMO;150140205000078;Belém;1501402;Cremação;Norte;não;;9567.19;1802.79;5.3;8315.28;292.0;889;0.0164;0.5253;False;True;
EXTREMO;150140205000093;Belém;1501402;São Brás;Norte;não;;9586.1;1802.79;5.3;8315.28;334.0;931;0.0036;0.4898;False;True;
EXTREMO;150140205000206;Belém;1501402;Marco;Norte;não;;9545.49;1802.79;5.3;8315.28;284.0;685;0.0;0.5971;False;True;
EXTREMO;150140205000249;Belém;1501402;Umarizal;Norte;não;;9493.57;1802.79;5.3;8315.28;326.0;898;0.0064;0.4532;False;True;
EXTREMO;150140205000253;Belém;1501402;Umarizal;Norte;não;;9527.26;1802.79;5.3;8315.28;194.0;565;;0.469;False;True;
EXTREMO;150140245000312;Belém;1501402;Pratinha;Norte;não;;9557.58;1802.79;5.3;8315.28;211.0;681;0.0101;0.5903;False;True;
EXTREMO;211130005000162;São Luís;2111300;;Nordeste;não;;9230.34;1745.24;5.3;8425.68;203.0;511;0.011;0.4442;False;True;
EXTREMO;211130005001149;São Luís;2111300;;Nordeste;não;;9279.21;1745.24;5.3;8425.68;130.0;323;0.0;0.5542;False;True;
EXTREMO;211130005001526;São Luís;2111300;;Nordeste;não;;9218.87;1745.24;5.3;8425.68;316.0;993;;0.5549;False;True;
EXTREMO;221100105070398;Teresina;2211001;Santa Isabel;Nordeste;não;;10142.61;1913.0;5.3;8229.75;384.0;1045;0.0049;0.5493;False;True;
EXTREMO;230440005130060;Fortaleza;2304400;Praia de Iracema;Nordeste;não;;8999.59;1708.86;5.3;7273.3;124.0;321;0.0102;0.4268;False;True;
EXTREMO;230440005150052;Fortaleza;2304400;Aldeota;Nordeste;não;;8973.92;1708.86;5.3;7273.3;279.0;678;0.0149;0.3451;False;True;
EXTREMO;230440005150060;Fortaleza;2304400;Aldeota;Nordeste;não;;9037.96;1708.86;5.3;7273.3;261.0;657;0.0101;0.4079;False;True;
EXTREMO;230440005150128;Fortaleza;2304400;Varjota;Nordeste;não;;9059.45;1708.86;5.3;7273.3;335.0;811;0.0085;0.3847;False;True;
EXTREMO;230440005150150;Fortaleza;2304400;Papicu;Nordeste;não;;9022.92;1708.86;5.3;7273.3;88.0;227;0.0193;0.3833;False;True;
EXTREMO;230440005150153;Fortaleza;2304400;Mucuripe;Nordeste;não;;9133.47;1708.86;5.3;7273.3;289.0;685;0.0049;0.3854;False;True;
EXTREMO;230440005150236;Fortaleza;2304400;Meireles;Nordeste;não;;8976.45;1708.86;5.3;7273.3;210.0;418;0.0078;0.4569;False;True;
EXTREMO;230440005150284;Fortaleza;2304400;Mucuripe;Nordeste;não;;9003.87;1708.86;5.3;7273.3;148.0;378;;0.4339;False;True;
EXTREMO;230440005150429;Fortaleza;2304400;Dionísio Torres;Nordeste;não;;9087.09;1708.86;5.3;7273.3;208.0;537;;0.3426;False;True;
EXTREMO;230440005190131;Fortaleza;2304400;Edson Queiroz;Nordeste;não;;9123.64;1708.86;5.3;7273.3;202.0;492;;0.4024;False;True;
EXTREMO;230440005200220;Fortaleza;2304400;Parque Iracema;Nordeste;não;;9097.87;1708.86;5.3;7273.3;232.0;465;;0.4258;False;True;
EXTREMO;270430205060005;Maceió;2704302;Ponta Verde;Nordeste;não;;9122.82;1721.69;5.3;8099.28;218.0;538;0.0065;0.3736;False;True;
EXTREMO;270430205060091;Maceió;2704302;Jatiúca;Nordeste;não;;9190.5;1721.69;5.3;8099.28;332.0;902;;0.4002;False;True;
EXTREMO;270430205060094;Maceió;2704302;Jatiúca;Nordeste;não;;9129.46;1721.69;5.3;8099.28;262.0;664;;0.3614;False;True;
EXTREMO;270430205060152;Maceió;2704302;Jatiúca;Nordeste;não;;9158.18;1721.69;5.3;8099.28;152.0;424;0.011;0.5307;False;True;
EXTREMO;270430205060177;Maceió;2704302;Jatiúca;Nordeste;não;;9188.23;1721.69;5.3;8099.28;250.0;765;;0.3961;False;True;
EXTREMO;270430205080137;Maceió;2704302;Farol;Nordeste;não;;9064.37;1721.69;5.3;8099.28;186.0;568;0.0065;0.4137;False;True;
EXTREMO;292740805060107;Salvador;2927408;Pituba;Nordeste;não;;8738.01;1637.87;5.3;8339.92;165.0;536;;0.4907;False;True;
EXTREMO;292740805060115;Salvador;2927408;Caminho das Árvores;Nordeste;não;;8648.99;1637.87;5.3;8339.92;183.0;441;0.015;0.4127;False;True;
EXTREMO;292740805060241;Salvador;2927408;Caminho das Árvores;Nordeste;não;;8601.09;1637.87;5.3;8339.92;199.0;485;;0.334;False;True;
EXTREMO;292740805060339;Salvador;2927408;STIEP;Nordeste;não;;8734.32;1637.87;5.3;8339.92;150.0;402;;0.5174;False;True;
EXTREMO;292740805060409;Salvador;2927408;STIEP;Nordeste;não;;8641.94;1637.87;5.3;8339.92;237.0;616;0.0131;0.5406;False;True;
EXTREMO;292740805060498;Salvador;2927408;Jardim Armação;Nordeste;não;;8702.48;1637.87;5.3;8339.92;416.0;994;0.0131;0.5785;False;True;
EXTREMO;292740805070123;Salvador;2927408;Rio Vermelho;Nordeste;não;;8740.98;1637.87;5.3;8339.92;110.0;255;0.0125;0.5765;False;True;
EXTREMO;292740805070167;Salvador;2927408;Candeal;Nordeste;não;;8701.46;1637.87;5.3;8339.92;159.0;348;;0.4224;False;True;
EXTREMO;292740805070364;Salvador;2927408;Vila Laura;Nordeste;não;;8617.58;1637.87;5.3;8339.92;132.0;385;0.0129;0.7013;False;True;
EXTREMO;292740805090204;Salvador;2927408;Stella Maris;Nordeste;não;;8754.44;1637.87;5.3;8339.92;91.0;193;;0.5078;False;True;
EXTREMO;292740805090335;Salvador;2927408;Patamares;Nordeste;não;;8701.92;1637.87;5.3;8339.92;449.0;1164;;0.6263;False;True;
EXTREMO;292740805270125;Salvador;2927408;Rio Vermelho;Nordeste;não;;8656.33;1637.87;5.3;8339.92;247.0;510;;0.4824;False;True;
EXTREMO;292740805270221;Salvador;2927408;Graça;Nordeste;não;;8654.38;1637.87;5.3;8339.92;131.0;307;;0.4528;False;True;
EXTREMO;292740805270287;Salvador;2927408;Ondina;Nordeste;não;;8718.05;1637.87;5.3;8339.92;114.0;275;;0.5273;False;True;
EXTREMO;350950205001946;Campinas;3509502;;Sudeste;não;;17959.05;3391.86;5.3;16181.01;173.0;563;0.0072;0.1261;True;True;
EXTREMO;350950205002163;Campinas;3509502;;Sudeste;não;;17833.44;3391.86;5.3;16181.01;109.0;291;0.0;0.1203;True;True;
EXTREMO;350950205002332;Campinas;3509502;;Sudeste;não;;17808.75;3391.86;5.3;16181.01;164.0;442;0.0;0.0204;True;True;
EXTREMO;350950205002333;Campinas;3509502;;Sudeste;não;;17955.09;3391.86;5.3;16181.01;200.0;525;0.0;0.0705;True;True;
EXTREMO;351880005001193;Guarulhos;3518800;Centro;Sudeste;não;;12511.65;2361.56;5.3;9209.94;104.0;291;;0.1546;False;True;
EXTREMO;351880005001201;Guarulhos;3518800;Centro;Sudeste;não;;12445.31;2361.56;5.3;9209.94;138.0;447;;0.1902;False;True;
EXTREMO;351880005001505;Guarulhos;3518800;Picanço;Sudeste;não;;12469.05;2361.56;5.3;9209.94;206.0;512;;0.2695;False;True;
EXTREMO;431490205001495;Porto Alegre;4314902;Bela Vista;Sul;não;;21089.46;3986.89;5.3;20311.57;314.0;805;0.0057;0.0286;True;True;
EXTREMO;431490205001535;Porto Alegre;4314902;Moinhos de Vento;Sul;não;;20953.16;3986.89;5.3;20311.57;159.0;321;;0.028;True;True;
EXTREMO;500270405070147;Campo Grande;5002704;Novos Estados;Centro-Oeste;não;;14636.3;2744.05;5.3;10591.42;234.0;722;0.0129;0.2188;True;True;
EXTREMO;500270405070180;Campo Grande;5002704;Santa Fé;Centro-Oeste;não;;14666.81;2744.05;5.3;10591.42;127.0;324;;0.1698;True;True;
EXTREMO;520870705030016;Goiânia;5208707;;Centro-Oeste;não;;16476.29;3112.75;5.3;13875.71;243.0;574;;0.3014;True;True;
EXTREMO;130260305100028;Manaus;1302603;Vila Buriti;Norte;não;;9700.25;1852.55;5.2;6265.62;76.0;252;;0.5278;False;True;
EXTREMO;130260305110019;Manaus;1302603;Parque 10 de Novembro;Norte;não;;9562.48;1852.55;5.2;6265.62;225.0;594;0.0;0.463;False;True;
EXTREMO;130260305110072;Manaus;1302603;Flores;Norte;não;;9611.63;1852.55;5.2;6265.62;297.0;763;0.0049;0.5845;False;True;
EXTREMO;130260305110081;Manaus;1302603;Flores;Norte;não;;9681.76;1852.55;5.2;6265.62;271.0;755;0.0047;0.5709;False;True;
EXTREMO;130260305130069;Manaus;1302603;Ponta Negra;Norte;não;;9660.98;1852.55;5.2;6265.62;124.0;357;;0.5154;False;True;
EXTREMO;130260305130124;Manaus;1302603;Tarumã;Norte;não;;9546.87;1852.55;5.2;6265.62;230.0;720;0.0056;0.5083;False;True;
EXTREMO;150140205000070;Belém;1501402;Nazaré;Norte;não;;9420.11;1802.79;5.2;8315.28;238.0;603;0.0073;0.4245;False;True;
EXTREMO;150140205000172;Belém;1501402;Nazaré;Norte;não;;9321.16;1802.79;5.2;8315.28;196.0;536;0.0063;0.4739;False;True;
EXTREMO;150140205000251;Belém;1501402;Umarizal;Norte;não;;9419.26;1802.79;5.2;8315.28;211.0;522;0.0;0.5575;False;True;
EXTREMO;150140245000297;Belém;1501402;Parque Verde;Norte;não;;9339.02;1802.79;5.2;8315.28;246.0;703;;0.4609;False;True;
EXTREMO;150140275000289;Belém;1501402;Pedreira;Norte;não;;9428.34;1802.79;5.2;8315.28;132.0;350;0.0108;0.6086;False;True;
EXTREMO;211120110000291;São José de Ribamar;2111201;Araçagy;Nordeste;não;;8557.58;1633.45;5.2;6196.06;148.0;442;0.0248;0.5973;False;True;
EXTREMO;211130005001171;São Luís;2111300;;Nordeste;não;;9116.44;1745.24;5.2;8425.68;214.0;550;0.0;0.5109;False;True;
EXTREMO;211130005001172;São Luís;2111300;;Nordeste;não;;9031.9;1745.24;5.2;8425.68;118.0;330;;0.5545;False;True;
EXTREMO;211130005001416;São Luís;2111300;;Nordeste;não;;9097.14;1745.24;5.2;8425.68;146.0;372;;0.6532;False;True;
EXTREMO;211130005001417;São Luís;2111300;;Nordeste;não;;9087.11;1745.24;5.2;8425.68;159.0;403;0.0148;0.5583;False;True;
EXTREMO;211130005001951;São Luís;2111300;;Nordeste;não;;9005.66;1745.24;5.2;8425.68;435.0;1091;0.0043;0.473;False;True;
EXTREMO;221100105070171;Teresina;2211001;Fátima;Nordeste;não;;9870.55;1913.0;5.2;8229.75;146.0;459;0.0167;0.4641;False;True;
EXTREMO;221100105070267;Teresina;2211001;Morros;Nordeste;não;;9952.95;1913.0;5.2;8229.75;105.0;310;0.0;0.5323;False;True;
EXTREMO;221100105070303;Teresina;2211001;Horto;Nordeste;não;;10006.24;1913.0;5.2;8229.75;139.0;391;;0.4834;False;True;
EXTREMO;221100105070316;Teresina;2211001;Jóquei;Nordeste;não;;9950.01;1913.0;5.2;8229.75;135.0;243;0.0;0.4486;False;True;
EXTREMO;221100105070355;Teresina;2211001;Morros;Nordeste;não;;9944.58;1913.0;5.2;8229.75;309.0;986;0.0334;0.5629;False;True;
EXTREMO;230440005130020;Fortaleza;2304400;Centro;Nordeste;não;;8880.97;1708.86;5.2;7273.3;343.0;899;0.0091;0.4171;False;True;
EXTREMO;230440005140152;Fortaleza;2304400;Jacarecanga;Nordeste;não;;8892.74;1708.86;5.2;7273.3;674.0;1843;0.0246;0.6001;False;True;
EXTREMO;230440005150073;Fortaleza;2304400;Aldeota;Nordeste;não;;8806.69;1708.86;5.2;7273.3;204.0;525;0.0109;0.379;False;True;
EXTREMO;230440005150088;Fortaleza;2304400;Aldeota;Nordeste;não;;8967.32;1708.86;5.2;7273.3;102.0;241;0.0133;0.4025;False;True;
EXTREMO;230440005150116;Fortaleza;2304400;Meireles;Nordeste;não;;8825.67;1708.86;5.2;7273.3;262.0;598;0.0094;0.4498;False;True;
EXTREMO;230440005150124;Fortaleza;2304400;Varjota;Nordeste;não;;8926.51;1708.86;5.2;7273.3;101.0;263;0.0177;0.4715;False;True;
EXTREMO;230440005150149;Fortaleza;2304400;Papicu;Nordeste;não;;8814.71;1708.86;5.2;7273.3;133.0;394;0.016;0.4695;False;True;
EXTREMO;230440005170241;Fortaleza;2304400;Fátima;Nordeste;não;;8965.78;1708.86;5.2;7273.3;233.0;599;0.0091;0.3272;False;True;
EXTREMO;260345405100010;Camaragibe;2603454;Aldeia dos Camarás;Nordeste;não;;8324.05;1595.08;5.2;4403.49;114.0;374;0.0316;0.4332;False;True;
EXTREMO;260345405100024;Camaragibe;2603454;Borralho;Nordeste;não;;8273.0;1595.08;5.2;4403.49;53.0;167;0.0303;0.4311;False;True;
EXTREMO;270430205060003;Maceió;2704302;Ponta Verde;Nordeste;não;;8921.13;1721.69;5.2;8099.28;191.0;489;;0.411;False;True;
EXTREMO;270430205060009;Maceió;2704302;Ponta Verde;Nordeste;não;;9021.53;1721.69;5.2;8099.28;332.0;934;;0.4443;False;True;
EXTREMO;270430205060154;Maceió;2704302;Mangabeiras;Nordeste;não;;8897.42;1721.69;5.2;8099.28;193.0;486;;0.3519;False;True;
EXTREMO;270430205080108;Maceió;2704302;Farol;Nordeste;não;;8961.06;1721.69;5.2;8099.28;207.0;596;;0.4044;False;True;
EXTREMO;292740805060001;Salvador;2927408;Rio Vermelho;Nordeste;não;;8460.39;1637.87;5.2;8339.92;173.0;463;;0.473;False;True;
EXTREMO;292740805060251;Salvador;2927408;Pituba;Nordeste;não;;8597.03;1637.87;5.2;8339.92;148.0;359;0.0;0.468;False;True;
EXTREMO;292740805060258;Salvador;2927408;Pituba;Nordeste;não;;8573.48;1637.87;5.2;8339.92;184.0;390;0.0;0.4897;False;True;
EXTREMO;292740805060320;Salvador;2927408;Itaigara;Nordeste;não;;8566.02;1637.87;5.2;8339.92;306.0;766;0.0085;0.4543;False;True;
EXTREMO;292740805060336;Salvador;2927408;STIEP;Nordeste;não;;8483.98;1637.87;5.2;8339.92;322.0;686;;0.5539;False;True;
EXTREMO;292740805060367;Salvador;2927408;Pituba;Nordeste;não;;8474.77;1637.87;5.2;8339.92;228.0;476;0.0;0.5252;False;True;
EXTREMO;292740805090036;Salvador;2927408;Stella Maris;Nordeste;não;;8476.41;1637.87;5.2;8339.92;208.0;612;;0.6013;False;True;
EXTREMO;292740805270043;Salvador;2927408;Garcia;Nordeste;não;;8470.4;1637.87;5.2;8339.92;220.0;580;;0.5534;False;True;
EXTREMO;292740805270162;Salvador;2927408;Chame-Chame;Nordeste;não;;8452.04;1637.87;5.2;8339.92;166.0;327;0.0;0.2355;False;True;
EXTREMO;292740805270195;Salvador;2927408;Barra;Nordeste;não;;8540.68;1637.87;5.2;8339.92;116.0;161;0.0;0.4907;False;True;
EXTREMO;292740805270297;Salvador;2927408;Ondina;Nordeste;não;;8542.26;1637.87;5.2;8339.92;160.0;321;0.013;0.3302;False;True;
EXTREMO;292740805270365;Salvador;2927408;Barra;Nordeste;não;;8597.3;1637.87;5.2;8339.92;37.0;85;0.0;0.4706;False;True;
EXTREMO;311230705000063;Capelinha;3112307;;Sudeste;não;;9623.4;1838.62;5.2;5461.35;15.0;45;0.0;0.6667;False;True;
EXTREMO;330170205000525;Duque de Caxias;3301702;Vinte e Cinco de Agosto;Sudeste;não;;9455.67;1832.16;5.2;4394.04;331.0;905;0.004;0.3282;False;True;
EXTREMO;330240305040104;Macaé;3302403;Praia do Pecado;Sudeste;não;;13326.13;2538.99;5.2;10040.85;218.0;548;;0.2956;False;True;
EXTREMO;330350005100296;Nova Iguaçu;3303500;Centro;Sudeste;não;;9269.72;1773.89;5.2;4578.21;175.0;406;0.0;0.2734;False;True;
EXTREMO;330350005100342;Nova Iguaçu;3303500;Centro;Sudeste;não;;9271.21;1773.89;5.2;4578.21;234.0;582;;0.3196;False;True;
EXTREMO;350280405000185;Araçatuba;3502804;;Sudeste;não;;14666.24;2795.87;5.2;8365.39;251.0;706;0.0135;0.1657;True;True;
EXTREMO;350950205001387;Campinas;3509502;;Sudeste;não;;17605.47;3391.86;5.2;16181.01;66.0;192;;0.0625;True;True;
EXTREMO;350950205001438;Campinas;3509502;;Sudeste;não;;17765.34;3391.86;5.2;16181.01;209.0;547;;0.0987;True;True;
EXTREMO;350950205001737;Campinas;3509502;;Sudeste;não;;17640.63;3391.86;5.2;16181.01;67.0;150;0.0;0.0933;True;True;
EXTREMO;350950205001932;Campinas;3509502;;Sudeste;não;;17494.82;3391.86;5.2;16181.01;227.0;728;;0.0577;True;True;
EXTREMO;350950205002335;Campinas;3509502;;Sudeste;não;;17566.41;3391.86;5.2;16181.01;222.0;554;;0.1264;True;True;
EXTREMO;350950205002475;Campinas;3509502;;Sudeste;não;;17477.81;3391.86;5.2;16181.01;34.0;102;0.0;0.1078;True;True;
EXTREMO;350950210000149;Campinas;3509502;;Sudeste;não;;17539.31;3391.86;5.2;16181.01;64.0;162;;0.0926;True;True;
EXTREMO;351870105000437;Guarujá;3518701;Enseada;Sudeste;não;;13358.82;2593.08;5.2;12458.12;17.0;36;0.0;0.0;False;True;
EXTREMO;351880005000033;Guarulhos;3518800;Maia;Sudeste;não;;12378.66;2361.56;5.2;9209.94;214.0;601;0.0056;0.1514;False;True;
EXTREMO;351880005001295;Guarulhos;3518800;Vila Augusta;Sudeste;não;;12191.75;2361.56;5.2;9209.94;101.0;342;0.0;0.1754;False;True;
EXTREMO;351880005001904;Guarulhos;3518800;Ponte Grande;Sudeste;não;;12342.23;2361.56;5.2;9209.94;116.0;311;0.0;0.283;False;True;
EXTREMO;410690205010189;Curitiba;4106902;Batel;Sul;não;;21242.31;4115.5;5.2;17999.52;195.0;462;;0.0433;True;True;
EXTREMO;410690205090272;Curitiba;4106902;Cidade Industrial de Curitiba;Sul;não;;21575.48;4115.5;5.2;17999.52;82.0;260;0.0;0.0385;True;True;
EXTREMO;431490205000244;Porto Alegre;4314902;Petrópolis;Sul;não;;20543.42;3986.89;5.2;20311.57;256.0;618;0.0;0.0243;True;True;
EXTREMO;431490205001486;Porto Alegre;4314902;Rio Branco;Sul;não;;20561.64;3986.89;5.2;20311.57;282.0;604;;0.0149;True;True;
EXTREMO;500270405070013;Campo Grande;5002704;Autonomista;Centro-Oeste;não;;14158.14;2744.05;5.2;10591.42;281.0;756;;0.1204;True;True;
EXTREMO;500270405070045;Campo Grande;5002704;Veraneio;Centro-Oeste;não;;14241.92;2744.05;5.2;10591.42;191.0;563;;0.1758;True;True;
EXTREMO;500270405070114;Campo Grande;5002704;Carandá;Centro-Oeste;não;;14338.63;2744.05;5.2;10591.42;295.0;676;0.0055;0.1538;True;True;
EXTREMO;520870705090037;Goiânia;5208707;;Centro-Oeste;não;;16051.8;3112.75;5.2;13875.71;375.0;999;;0.3153;True;True;
EXTREMO;520870705280009;Goiânia;5208707;;Centro-Oeste;não;;16218.19;3112.75;5.2;13875.71;214.0;683;;0.2928;True;True;
EXTREMO;130260305080212;Manaus;1302603;Planalto;Norte;não;;9486.15;1852.55;5.1;6265.62;246.0;835;0.0046;0.5772;False;True;
EXTREMO;130260305090297;Manaus;1302603;São Francisco;Norte;não;;9447.09;1852.55;5.1;6265.62;212.0;666;;0.509;False;True;
EXTREMO;130260305110328;Manaus;1302603;Flores;Norte;não;;9480.0;1852.55;5.1;6265.62;82.0;284;;0.5599;False;True;
EXTREMO;130260305120311;Manaus;1302603;Novo Aleixo;Norte;não;;9409.35;1852.55;5.1;6265.62;240.0;755;;0.543;False;True;
EXTREMO;130260305120510;Manaus;1302603;Colônia Terra Nova;Norte;não;;9514.06;1852.55;5.1;6265.62;290.0;983;0.0119;0.7569;False;True;
EXTREMO;130260305130062;Manaus;1302603;Tarumã-Açu;Norte;não;;9371.86;1852.55;5.1;6265.62;201.0;688;0.0;0.5828;False;True;
EXTREMO;130260305130150;Manaus;1302603;Tarumã;Norte;não;;9481.38;1852.55;5.1;6265.62;326.0;1103;0.0047;0.6364;False;True;
EXTREMO;150140205000013;Belém;1501402;Batista Campos;Norte;não;;9133.8;1802.79;5.1;8315.28;106.0;289;;0.5225;False;True;
EXTREMO;150140205000074;Belém;1501402;Nazaré;Norte;não;;9180.67;1802.79;5.1;8315.28;324.0;800;0.0083;0.4425;False;True;
EXTREMO;150140205000181;Belém;1501402;Umarizal;Norte;não;;9124.54;1802.79;5.1;8315.28;209.0;509;0.0068;0.5344;False;True;
EXTREMO;150140205000229;Belém;1501402;Marco;Norte;não;;9241.98;1802.79;5.1;8315.28;129.0;357;;0.563;False;True;
EXTREMO;150140205000244;Belém;1501402;Nazaré;Norte;não;;9143.27;1802.79;5.1;8315.28;227.0;621;;0.4944;False;True;
EXTREMO;150140250000010;Belém;1501402;Souza;Norte;não;;9217.17;1802.79;5.1;8315.28;287.0;904;0.0068;0.6283;False;True;
EXTREMO;150140275000054;Belém;1501402;Pedreira;Norte;não;;9242.78;1802.79;5.1;8315.28;293.0;909;0.0077;0.5699;False;True;
EXTREMO;211130005000155;São Luís;2111300;;Nordeste;não;;8826.03;1745.24;5.1;8425.68;161.0;445;;0.3551;False;True;
EXTREMO;211130005000158;São Luís;2111300;;Nordeste;não;;8959.39;1745.24;5.1;8425.68;189.0;470;;0.4872;False;True;
EXTREMO;211130005000165;São Luís;2111300;;Nordeste;não;;8972.06;1745.24;5.1;8425.68;186.0;353;;0.5694;False;True;
EXTREMO;211130005001541;São Luís;2111300;;Nordeste;não;;8894.67;1745.24;5.1;8425.68;190.0;607;0.0081;0.5486;False;True;
EXTREMO;221100105070010;Teresina;2211001;Iningá;Nordeste;não;;9810.89;1913.0;5.1;8229.75;303.0;872;0.0065;0.5103;False;True;
EXTREMO;221100105070131;Teresina;2211001;São Cristóvão;Nordeste;não;;9719.7;1913.0;5.1;8229.75;266.0;838;0.0149;0.4678;False;True;
EXTREMO;221100105070145;Teresina;2211001;Morada do Sol;Nordeste;não;;9702.49;1913.0;5.1;8229.75;194.0;638;0.0128;0.4937;False;True;
EXTREMO;221100105070165;Teresina;2211001;Morada do Sol;Nordeste;não;;9665.2;1913.0;5.1;8229.75;209.0;725;0.0078;0.5821;False;True;
EXTREMO;230440005130064;Fortaleza;2304400;Centro;Nordeste;não;;8783.05;1708.86;5.1;7273.3;145.0;435;0.0201;0.3885;False;True;
EXTREMO;230440005130066;Fortaleza;2304400;Centro;Nordeste;não;;8679.28;1708.86;5.1;7273.3;225.0;507;;0.4694;False;True;
EXTREMO;230440005130067;Fortaleza;2304400;Centro;Nordeste;não;;8654.03;1708.86;5.1;7273.3;247.0;600;0.0;0.4333;False;True;
EXTREMO;230440005150055;Fortaleza;2304400;Aldeota;Nordeste;não;;8665.52;1708.86;5.1;7273.3;142.0;374;;0.3636;False;True;
EXTREMO;230440005150076;Fortaleza;2304400;Aldeota;Nordeste;não;;8641.9;1708.86;5.1;7273.3;394.0;1102;0.0053;0.4528;False;True;
EXTREMO;230440005150140;Fortaleza;2304400;Papicu;Nordeste;não;;8664.99;1708.86;5.1;7273.3;212.0;554;;0.3466;False;True;
EXTREMO;230440005150156;Fortaleza;2304400;Mucuripe;Nordeste;não;;8721.3;1708.86;5.1;7273.3;287.0;651;0.0051;0.4255;False;True;
EXTREMO;230440005150228;Fortaleza;2304400;Aldeota;Nordeste;não;;8691.13;1708.86;5.1;7273.3;184.0;487;0.012;0.4497;False;True;
EXTREMO;230440005150276;Fortaleza;2304400;Papicu;Nordeste;não;;8630.27;1708.86;5.1;7273.3;253.0;687;0.01;0.3348;False;True;
EXTREMO;230440005150346;Fortaleza;2304400;Papicu;Nordeste;não;;8716.56;1708.86;5.1;7273.3;326.0;612;0.0;0.3268;False;True;
EXTREMO;230440005150385;Fortaleza;2304400;Joaquim Távora;Nordeste;não;;8775.81;1708.86;5.1;7273.3;254.0;648;0.0087;0.4614;False;True;
EXTREMO;230440005170300;Fortaleza;2304400;Fátima;Nordeste;não;;8678.41;1708.86;5.1;7273.3;305.0;763;0.0109;0.4548;False;True;
EXTREMO;230440005180334;Fortaleza;2304400;Passaré;Nordeste;não;;8687.77;1708.86;5.1;7273.3;136.0;420;;0.5143;False;True;
EXTREMO;230440005190227;Fortaleza;2304400;Sapiranga / Coité;Nordeste;não;;8794.24;1708.86;5.1;7273.3;145.0;452;0.0215;0.4248;False;True;
EXTREMO;230440005200332;Fortaleza;2304400;Cidade dos Funcionários;Nordeste;não;;8687.94;1708.86;5.1;7273.3;219.0;681;0.0051;0.4728;False;True;
EXTREMO;270430205060081;Maceió;2704302;Jatiúca;Nordeste;não;;8843.87;1721.69;5.1;8099.28;207.0;459;;0.4488;False;True;
EXTREMO;270430205060086;Maceió;2704302;Jatiúca;Nordeste;não;;8783.84;1721.69;5.1;8099.28;304.0;827;0.0043;0.4256;False;True;
EXTREMO;270430205060131;Maceió;2704302;Pajuçara;Nordeste;não;;8821.33;1721.69;5.1;8099.28;168.0;326;;0.408;False;True;
EXTREMO;270430205080109;Maceió;2704302;Farol;Nordeste;não;;8796.33;1721.69;5.1;8099.28;215.0;632;;0.3987;False;True;
EXTREMO;291080005110169;Feira de Santana;2910800;Lagoa Salgada;Nordeste;não;;8933.45;1753.99;5.1;6770.95;136.0;419;;0.5895;False;True;
EXTREMO;291640105000130;Itapetinga;2916401;;Nordeste;não;;7351.34;1445.72;5.1;4163.84;38.0;112;0.0;0.5536;False;True;
EXTREMO;292740805060365;Salvador;2927408;Imbuí;Nordeste;não;;8395.36;1637.87;5.1;8339.92;459.0;1097;;0.6554;False;True;
EXTREMO;292740805070254;Salvador;2927408;Candeal;Nordeste;não;;8357.07;1637.87;5.1;8339.92;183.0;412;;0.466;False;True;
EXTREMO;292740805070366;Salvador;2927408;Vila Laura;Nordeste;não;;8342.21;1637.87;5.1;8339.92;429.0;1156;0.0032;0.7258;False;True;
EXTREMO;292740805090220;Salvador;2927408;Pituaçu;Nordeste;não;;8362.71;1637.87;5.1;8339.92;343.0;956;0.0154;0.6287;False;True;
EXTREMO;292740805220695;Salvador;2927408;Caminho das Árvores;Nordeste;não;;8409.75;1637.87;5.1;8339.92;329.0;696;0.0065;0.6681;False;True;
EXTREMO;292740805270144;Salvador;2927408;Barra;Nordeste;não;;8352.72;1637.87;5.1;8339.92;255.0;470;;0.4894;False;True;
EXTREMO;292740805270180;Salvador;2927408;Chame-Chame;Nordeste;não;;8392.07;1637.87;5.1;8339.92;131.0;342;0.0097;0.5029;False;True;
EXTREMO;330520805060059;São Pedro da Aldeia;3305208;Nova São Pedro;Sudeste;não;;11702.76;2285.26;5.1;9607.69;153.0;491;;0.3381;False;True;
EXTREMO;350280405000368;Araçatuba;3502804;;Sudeste;não;;14155.56;2795.87;5.1;8365.39;27.0;81;0.0;0.0741;True;True;
EXTREMO;351880005001699;Guarulhos;3518800;Vila Rio;Sudeste;não;;11949.53;2361.56;5.1;9209.94;83.0;268;0.0;0.2015;False;True;
EXTREMO;351880005001730;Guarulhos;3518800;Vila Augusta;Sudeste;não;;12156.52;2361.56;5.1;9209.94;80.0;241;0.0;0.2407;False;True;
EXTREMO;410690205010223;Curitiba;4106902;Bigorrilho;Sul;não;;20996.24;4115.5;5.1;17999.52;92.0;229;0.0;0.0349;True;True;
EXTREMO;410690205050258;Curitiba;4106902;Mossunguê;Sul;não;;21061.33;4115.5;5.1;17999.52;202.0;530;0.0;0.0415;True;True;
EXTREMO;431490205001493;Porto Alegre;4314902;Bela Vista;Sul;não;;20314.84;3986.89;5.1;20311.57;179.0;422;;0.0355;True;True;
EXTREMO;500270405060015;Campo Grande;5002704;Centro;Centro-Oeste;não;;13957.1;2744.05;5.1;10591.42;240.0;522;;0.2146;False;True;
EXTREMO;500270405060122;Campo Grande;5002704;Centro;Centro-Oeste;não;;14035.17;2744.05;5.1;10591.42;227.0;482;0.0;0.1328;False;True;
EXTREMO;520870705020019;Goiânia;5208707;;Centro-Oeste;não;;15740.83;3112.75;5.1;13875.71;147.0;373;0.0;0.2574;True;True;
EXTREMO;520870705130060;Goiânia;5208707;;Centro-Oeste;não;;15822.56;3112.75;5.1;13875.71;172.0;475;0.0;0.1789;True;True;
EXTREMO;520870705130101;Goiânia;5208707;;Centro-Oeste;não;;15949.22;3112.75;5.1;13875.71;256.0;682;0.0;0.2815;True;True;
EXTREMO;520870705140011;Goiânia;5208707;;Centro-Oeste;não;;15859.79;3112.75;5.1;13875.71;186.0;507;0.007;0.2189;True;True;
EXTREMO;130260305090246;Manaus;1302603;Coroado;Norte;não;;9291.84;1852.55;5.0;6265.62;207.0;524;0.0168;0.6412;False;True;
EXTREMO;130260305110005;Manaus;1302603;Aleixo;Norte;não;;9349.64;1852.55;5.0;6265.62;217.0;471;;0.5732;False;True;
EXTREMO;130260305110097;Manaus;1302603;Adrianópolis;Norte;não;;9196.85;1852.55;5.0;6265.62;107.0;272;0.0;0.5294;False;True;
EXTREMO;130260305110379;Manaus;1302603;Flores;Norte;não;;9265.95;1852.55;5.0;6265.62;293.0;795;;0.5296;False;True;
EXTREMO;150140205000073;Belém;1501402;Nazaré;Norte;não;;9097.03;1802.79;5.0;8315.28;298.0;698;0.0064;0.4427;False;True;
EXTREMO;150140205000117;Belém;1501402;Umarizal;Norte;não;;8938.06;1802.79;5.0;8315.28;156.0;427;0.0108;0.5714;False;True;
EXTREMO;150140205000124;Belém;1501402;Umarizal;Norte;não;;8942.75;1802.79;5.0;8315.28;221.0;602;;0.5233;False;True;
EXTREMO;150140205000232;Belém;1501402;Marco;Norte;não;;8935.22;1802.79;5.0;8315.28;310.0;955;0.0098;0.4953;False;True;
EXTREMO;150140245000298;Belém;1501402;Parque Verde;Norte;não;;8971.42;1802.79;5.0;8315.28;222.0;642;;0.6262;False;True;
EXTREMO;150140250000128;Belém;1501402;Mangueirão;Norte;não;;8967.94;1802.79;5.0;8315.28;387.0;1078;0.0046;0.6243;False;True;
EXTREMO;150140250000140;Belém;1501402;Val-de-Cães;Norte;não;;9090.38;1802.79;5.0;8315.28;422.0;1460;0.0038;0.6582;False;True;
EXTREMO;211120110000433;São José de Ribamar;2111201;Araçagy;Nordeste;não;;8124.65;1633.45;5.0;6196.06;105.0;333;;0.5225;False;True;
EXTREMO;211130005000315;São Luís;2111300;;Nordeste;não;;8711.85;1745.24;5.0;8425.68;286.0;846;0.0088;0.5106;False;True;
EXTREMO;211130005001152;São Luís;2111300;;Nordeste;não;;8697.0;1745.24;5.0;8425.68;129.0;326;0.0;0.5307;False;True;
EXTREMO;221100105070017;Teresina;2211001;Iningá;Nordeste;não;;9495.7;1913.0;5.0;8229.75;304.0;914;0.0089;0.6094;False;True;
EXTREMO;221100105070185;Teresina;2211001;Fátima;Nordeste;não;;9593.48;1913.0;5.0;8229.75;151.0;435;0.0157;0.5287;False;True;
EXTREMO;221100105070273;Teresina;2211001;Iningá;Nordeste;não;;9626.69;1913.0;5.0;8229.75;237.0;698;0.0096;0.4957;False;True;
EXTREMO;221100105070394;Teresina;2211001;Iningá;Nordeste;não;;9579.06;1913.0;5.0;8229.75;173.0;562;0.0097;0.4982;False;True;
EXTREMO;230440005150107;Fortaleza;2304400;Meireles;Nordeste;não;;8573.24;1708.86;5.0;7273.3;258.0;606;0.0055;0.4125;False;True;
EXTREMO;230440005150414;Fortaleza;2304400;Dionísio Torres;Nordeste;não;;8497.48;1708.86;5.0;7273.3;83.0;248;;0.3669;False;True;
EXTREMO;230440005170240;Fortaleza;2304400;Fátima;Nordeste;não;;8538.49;1708.86;5.0;7273.3;234.0;631;0.0056;0.4422;False;True;
EXTREMO;230440005190038;Fortaleza;2304400;Praia do Futuro I;Nordeste;não;;8554.0;1708.86;5.0;7273.3;212.0;592;0.0102;0.5017;False;True;
EXTREMO;230440005190258;Fortaleza;2304400;Engenheiro Luciano Cavalcante;Nordeste;não;;8616.0;1708.86;5.0;7273.3;186.0;502;0.0221;0.5578;False;True;
EXTREMO;230440005200042;Fortaleza;2304400;Parque Iracema;Nordeste;não;;8539.19;1708.86;5.0;7273.3;223.0;578;;0.4533;False;True;
EXTREMO;270430205060077;Maceió;2704302;Jatiúca;Nordeste;não;;8629.87;1721.69;5.0;8099.28;217.0;505;;0.3723;False;True;
EXTREMO;270430205060088;Maceió;2704302;Jatiúca;Nordeste;não;;8573.32;1721.69;5.0;8099.28;205.0;508;0.0088;0.3366;False;True;
EXTREMO;270430205060089;Maceió;2704302;Jatiúca;Nordeste;não;;8552.83;1721.69;5.0;8099.28;286.0;677;0.0051;0.3604;False;True;
EXTREMO;270430205060155;Maceió;2704302;Jatiúca;Nordeste;não;;8635.95;1721.69;5.0;8099.28;230.0;638;;0.4122;False;True;
EXTREMO;291080005080184;Feira de Santana;2910800;Pedra do Descanso;Nordeste;não;;8740.73;1753.99;5.0;6770.95;102.0;301;0.0128;0.6279;False;True;
EXTREMO;291080005090005;Feira de Santana;2910800;Santa Mônica;Nordeste;não;;8794.31;1753.99;5.0;6770.95;173.0;487;0.0073;0.5975;False;True;
EXTREMO;330240305040083;Macaé;3302403;Imboassica;Sudeste;não;;12641.8;2538.99;5.0;10040.85;367.0;1231;0.0;0.3095;False;True;
EXTREMO;330350005100252;Nova Iguaçu;3303500;Centro;Sudeste;não;;8834.9;1773.89;5.0;4578.21;125.0;348;0.0;0.2759;False;True;
EXTREMO;350950205000143;Campinas;3509502;;Sudeste;não;;16892.11;3391.86;5.0;16181.01;195.0;381;0.0;0.0604;True;True;
EXTREMO;350950205002264;Campinas;3509502;;Sudeste;não;;16904.26;3391.86;5.0;16181.01;97.0;262;;0.0954;True;True;
EXTREMO;350950205002409;Campinas;3509502;;Sudeste;não;;17121.06;3391.86;5.0;16181.01;119.0;323;;0.0836;True;True;
EXTREMO;351870105000369;Guarujá;3518701;Astúrias;Sudeste;não;;12841.67;2593.08;5.0;12458.12;36.0;76;0.0;0.1711;False;True;
EXTREMO;351880005001198;Guarulhos;3518800;Centro;Sudeste;não;;11837.59;2361.56;5.0;9209.94;134.0;391;0.0;0.156;False;True;
EXTREMO;351880005001199;Guarulhos;3518800;Centro;Sudeste;não;;11911.94;2361.56;5.0;9209.94;132.0;388;0.0;0.1005;False;True;
EXTREMO;351880005001200;Guarulhos;3518800;Centro;Sudeste;não;;11904.04;2361.56;5.0;9209.94;137.0;433;0.0;0.164;False;True;
EXTREMO;351880005001203;Guarulhos;3518800;Centro;Sudeste;não;;11875.94;2361.56;5.0;9209.94;135.0;405;0.0;0.2321;False;True;
EXTREMO;351880005001324;Guarulhos;3518800;Gopoúva;Sudeste;não;;11714.29;2361.56;5.0;9209.94;14.0;29;0.0;0.0;False;True;
EXTREMO;351880005001677;Guarulhos;3518800;Vila Augusta;Sudeste;não;;11842.0;2361.56;5.0;9209.94;116.0;345;0.0;0.1449;False;True;
EXTREMO;354870805000701;São Bernardo do Campo;3548708;Paulicéia;Sudeste;não;;16887.69;3371.95;5.0;14607.28;222.0;583;;0.271;True;True;
EXTREMO;500270405060013;Campo Grande;5002704;Centro;Centro-Oeste;não;;13590.44;2744.05;5.0;10591.42;281.0;679;0.0083;0.1163;False;True;
EXTREMO;500270405060124;Campo Grande;5002704;São Francisco;Centro-Oeste;não;;13853.36;2744.05;5.0;10591.42;180.0;443;0.0;0.1648;False;True;
EXTREMO;500270405070027;Campo Grande;5002704;Chácara Cachoeira;Centro-Oeste;não;;13771.21;2744.05;5.0;10591.42;259.0;691;0.0;0.1939;False;True;
EXTREMO;500270405070142;Campo Grande;5002704;Chácara Cachoeira;Centro-Oeste;não;;13669.9;2744.05;5.0;10591.42;102.0;264;0.0;0.1742;False;True;
EXTREMO;520870705030001;Goiânia;5208707;;Centro-Oeste;não;;15595.68;3112.75;5.0;13875.71;306.0;834;0.0061;0.1679;True;True;
EXTREMO;520870705040015;Goiânia;5208707;;Centro-Oeste;não;;15490.44;3112.75;5.0;13875.71;290.0;763;;0.2831;True;True;
EXTREMO;520870705280017;Goiânia;5208707;;Centro-Oeste;não;;15506.67;3112.75;5.0;13875.71;233.0;745;0.0082;0.2362;True;True;
EXTREMO;130260305110018;Manaus;1302603;Parque 10 de Novembro;Norte;não;;9046.97;1852.55;4.9;6265.62;233.0;651;;0.5545;False;True;
EXTREMO;130260305110041;Manaus;1302603;Flores;Norte;não;;9164.16;1852.55;4.9;6265.62;241.0;633;0.0076;0.4882;False;True;
EXTREMO;130260305110324;Manaus;1302603;Parque 10 de Novembro;Norte;não;;9101.65;1852.55;4.9;6265.62;176.0;410;0.0;0.4976;False;True;
EXTREMO;150140205000014;Belém;1501402;Batista Campos;Norte;não;;8826.22;1802.79;4.9;8315.28;238.0;609;0.0187;0.4499;False;True;
EXTREMO;150140205000171;Belém;1501402;Marco;Norte;não;;8878.67;1802.79;4.9;8315.28;318.0;766;0.0;0.5744;False;True;
EXTREMO;150140205000180;Belém;1501402;Marco;Norte;não;;8914.25;1802.79;4.9;8315.28;218.0;622;0.0;0.5257;False;True;
EXTREMO;150140205000189;Belém;1501402;Batista Campos;Norte;não;;8778.76;1802.79;4.9;8315.28;152.0;454;;0.5176;False;True;
EXTREMO;150140250000150;Belém;1501402;Castanheira;Norte;não;;8893.79;1802.79;4.9;8315.28;249.0;657;0.0108;0.6788;False;True;
EXTREMO;150140275000252;Belém;1501402;Sacramenta;Norte;não;;8919.38;1802.79;4.9;8315.28;233.0;632;0.0;0.5823;False;True;
EXTREMO;150140275000390;Belém;1501402;Pedreira;Norte;não;;8743.73;1802.79;4.9;8315.28;479.0;1261;0.0122;0.5781;False;True;
EXTREMO;211130005001169;São Luís;2111300;;Nordeste;não;;8493.5;1745.24;4.9;8425.68;326.0;909;;0.4818;False;True;
EXTREMO;211130005001174;São Luís;2111300;;Nordeste;não;;8585.77;1745.24;4.9;8425.68;216.0;580;0.0063;0.5241;False;True;
EXTREMO;211130005001180;São Luís;2111300;;Nordeste;não;;8628.28;1745.24;4.9;8425.68;141.0;400;;0.5025;False;True;
EXTREMO;211130005001587;São Luís;2111300;;Nordeste;não;;8471.78;1745.24;4.9;8425.68;318.0;835;0.01;0.5114;False;True;
EXTREMO;211130005001694;São Luís;2111300;;Nordeste;não;;8473.26;1745.24;4.9;8425.68;102.0;239;;0.477;False;True;
EXTREMO;221100105070058;Teresina;2211001;Santa Isabel;Nordeste;não;;9388.82;1913.0;4.9;8229.75;307.0;976;0.007;0.5543;False;True;
EXTREMO;221100105070216;Teresina;2211001;Iningá;Nordeste;não;;9316.87;1913.0;4.9;8229.75;146.0;499;0.0093;0.4529;False;True;
EXTREMO;221100105070266;Teresina;2211001;Morada do Sol;Nordeste;não;;9280.64;1913.0;4.9;8229.75;191.0;537;;0.5028;False;True;
EXTREMO;221100105070386;Teresina;2211001;Horto;Nordeste;não;;9312.55;1913.0;4.9;8229.75;233.0;625;0.0078;0.5072;False;True;
EXTREMO;230440005150109;Fortaleza;2304400;Meireles;Nordeste;não;;8361.69;1708.86;4.9;7273.3;149.0;312;;0.3365;False;True;
EXTREMO;230440005150142;Fortaleza;2304400;Papicu;Nordeste;não;;8361.17;1708.86;4.9;7273.3;236.0;542;0.0111;0.4077;False;True;
EXTREMO;230440005150305;Fortaleza;2304400;Vicente Pinzón;Nordeste;não;;8291.45;1708.86;4.9;7273.3;167.0;394;;0.3629;False;True;
EXTREMO;230440005150376;Fortaleza;2304400;Mucuripe;Nordeste;não;;8410.0;1708.86;4.9;7273.3;124.0;273;;0.4872;False;True;
EXTREMO;230440005150434;Fortaleza;2304400;Dionísio Torres;Nordeste;não;;8331.08;1708.86;4.9;7273.3;350.0;903;0.0089;0.3699;False;True;
EXTREMO;230440005200306;Fortaleza;2304400;Parque Manibura;Nordeste;não;;8313.7;1708.86;4.9;7273.3;63.0;200;;0.555;False;True;
EXTREMO;260345405100041;Camaragibe;2603454;Aldeia dos Camarás;Nordeste;não;;7834.12;1595.08;4.9;4403.49;117.0;379;0.0348;0.4512;False;True;
EXTREMO;270430205080013;Maceió;2704302;Gruta de Lourdes;Nordeste;não;;8371.65;1721.69;4.9;8099.28;306.0;956;0.024;0.4236;False;True;
EXTREMO;270430205080099;Maceió;2704302;Farol;Nordeste;não;;8353.27;1721.69;4.9;8099.28;296.0;900;0.0111;0.4878;False;True;
EXTREMO;270430205080144;Maceió;2704302;Jardim Petrópolis;Nordeste;não;;8405.36;1721.69;4.9;8099.28;286.0;912;0.016;0.4638;False;True;
EXTREMO;291080005060233;Feira de Santana;2910800;Papagaio;Nordeste;não;;8587.7;1753.99;4.9;6770.95;113.0;309;0.0129;0.6311;False;True;
EXTREMO;291080005110125;Feira de Santana;2910800;Registro;Nordeste;não;;8527.05;1753.99;4.9;6770.95;186.0;535;;0.6131;False;True;
EXTREMO;320120905000399;Cachoeiro de Itapemirim;3201209;Dr. Gilberto Machado;Sudeste;não;;11119.3;2288.77;4.9;6063.63;160.0;461;;0.167;False;True;
EXTREMO;330350005100309;Nova Iguaçu;3303500;Centro;Sudeste;não;;8754.48;1773.89;4.9;4578.21;283.0;710;;0.1239;False;True;
EXTREMO;350950205001442;Campinas;3509502;;Sudeste;não;;16742.66;3391.86;4.9;16181.01;203.0;564;0.0127;0.1454;True;True;
EXTREMO;350950205001922;Campinas;3509502;;Sudeste;não;;16591.81;3391.86;4.9;16181.01;158.0;509;0.0;0.0511;True;True;
EXTREMO;350950205001925;Campinas;3509502;;Sudeste;não;;16576.66;3391.86;4.9;16181.01;172.0;533;;0.0976;True;True;
EXTREMO;350950205002002;Campinas;3509502;;Sudeste;não;;16716.89;3391.86;4.9;16181.01;172.0;449;;0.0624;True;True;
EXTREMO;350950205002366;Campinas;3509502;;Sudeste;não;;16595.44;3391.86;4.9;16181.01;138.0;452;;0.1106;True;True;
EXTREMO;351870105000367;Guarujá;3518701;Astúrias;Sudeste;não;;12827.94;2593.08;4.9;12458.12;88.0;209;;0.1244;False;True;
EXTREMO;351870105000380;Guarujá;3518701;Astúrias;Sudeste;não;;12721.95;2593.08;4.9;12458.12;43.0;106;;0.1321;False;True;
EXTREMO;351870105000435;Guarujá;3518701;Enseada;Sudeste;não;;12713.04;2593.08;4.9;12458.12;24.0;60;0.0;0.1167;False;True;
EXTREMO;351880005000032;Guarulhos;3518800;Maia;Sudeste;não;;11617.45;2361.56;4.9;9209.94;91.0;239;;0.2134;False;True;
EXTREMO;351880005001303;Guarulhos;3518800;Vila Augusta;Sudeste;não;;11513.52;2361.56;4.9;9209.94;134.0;350;;0.1629;False;True;
EXTREMO;351880005001365;Guarulhos;3518800;Vila Galvão;Sudeste;não;;11646.09;2361.56;4.9;9209.94;106.0;328;0.0199;0.1738;False;True;
EXTREMO;351880005001648;Guarulhos;3518800;Centro;Sudeste;não;;11665.48;2361.56;4.9;9209.94;96.0;248;0.0;0.1371;False;True;
EXTREMO;351880005001669;Guarulhos;3518800;Vila Augusta;Sudeste;não;;11466.81;2361.56;4.9;9209.94;85.0;251;0.0;0.1434;False;True;
EXTREMO;354870805000008;São Bernardo do Campo;3548708;Centro;Sudeste;não;;16604.04;3371.95;4.9;14607.28;209.0;554;;0.056;True;True;
EXTREMO;354870805000832;São Bernardo do Campo;3548708;Paulicéia;Sudeste;não;;16398.53;3371.95;4.9;14607.28;250.0;606;0.01;0.198;True;True;
EXTREMO;354870805001634;São Bernardo do Campo;3548708;Botujuru;Sudeste;não;;16542.04;3371.95;4.9;14607.28;151.0;508;;0.1142;True;True;
EXTREMO;354870805001636;São Bernardo do Campo;3548708;Botujuru;Sudeste;não;;16606.56;3371.95;4.9;14607.28;123.0;387;;0.1266;True;True;
EXTREMO;410690205010176;Curitiba;4106902;Batel;Sul;não;;20176.13;4115.5;4.9;17999.52;126.0;308;;0.0227;True;True;
EXTREMO;410690205060117;Curitiba;4106902;Água Verde;Sul;não;;20126.86;4115.5;4.9;17999.52;81.0;204;0.0;0.0245;True;True;
EXTREMO;430460605000477;Canoas;4304606;Centro;Sul;não;;13978.95;2840.43;4.9;10247.88;223.0;576;0.0;0.0538;False;True;
EXTREMO;430460605000487;Canoas;4304606;Marechal Rondon;Sul;não;;13950.83;2840.43;4.9;10247.88;126.0;371;0.0;0.0485;False;True;
EXTREMO;430460605000636;Canoas;4304606;Centro;Sul;não;;13910.63;2840.43;4.9;10247.88;159.0;454;0.0;0.0947;False;True;
EXTREMO;500270405120166;Campo Grande;5002704;Tiradentes;Centro-Oeste;não;;13551.59;2744.05;4.9;10591.42;271.0;719;;0.1961;False;True;
EXTREMO;520110805000512;Anápolis;5201108;;Centro-Oeste;não;;12512.88;2545.98;4.9;7466.73;236.0;587;0.0;0.2811;False;True;
EXTREMO;520870705040013;Goiânia;5208707;;Centro-Oeste;não;;15399.04;3112.75;4.9;13875.71;289.0;755;0.0061;0.2503;True;True;
EXTREMO;130260305110004;Manaus;1302603;Parque 10 de Novembro;Norte;não;;8930.95;1852.55;4.8;6265.62;134.0;436;0.0112;0.5023;False;True;
EXTREMO;130260305110012;Manaus;1302603;Parque 10 de Novembro;Norte;não;;8924.07;1852.55;4.8;6265.62;299.0;847;0.0274;0.5679;False;True;
EXTREMO;130260305110105;Manaus;1302603;Nossa Senhora das Graças;Norte;não;;8851.49;1852.55;4.8;6265.62;202.0;396;;0.4318;False;True;
EXTREMO;130260305110106;Manaus;1302603;Nossa Senhora das Graças;Norte;não;;8846.13;1852.55;4.8;6265.62;209.0;549;;0.5228;False;True;
EXTREMO;130260305110108;Manaus;1302603;Chapada;Norte;não;;8853.41;1852.55;4.8;6265.62;162.0;488;0.0;0.4918;False;True;
EXTREMO;130260305110191;Manaus;1302603;Chapada;Norte;não;;8908.62;1852.55;4.8;6265.62;77.0;191;0.0;0.3665;False;True;
EXTREMO;130260305110222;Manaus;1302603;Nossa Senhora das Graças;Norte;não;;8883.61;1852.55;4.8;6265.62;332.0;929;0.0054;0.5404;False;True;
EXTREMO;130260305110308;Manaus;1302603;Parque 10 de Novembro;Norte;não;;8898.27;1852.55;4.8;6265.62;400.0;1044;;0.545;False;True;
EXTREMO;130260305110340;Manaus;1302603;Aleixo;Norte;não;;8868.36;1852.55;4.8;6265.62;163.0;400;;0.5725;False;True;
EXTREMO;130260305140443;Manaus;1302603;São José Operário;Norte;não;;8891.25;1852.55;4.8;6265.62;125.0;365;0.0;0.5808;False;True;
EXTREMO;150080005000738;Ananindeua;1500800;;Norte;não;;8511.87;1772.53;4.8;6318.54;214.0;589;0.0;0.6452;False;True;
EXTREMO;150140205000015;Belém;1501402;Batista Campos;Norte;não;;8717.95;1802.79;4.8;8315.28;282.0;746;0.0076;0.4611;False;True;
EXTREMO;150140205000071;Belém;1501402;Nazaré;Norte;não;;8638.32;1802.79;4.8;8315.28;185.0;479;0.0092;0.4426;False;True;
EXTREMO;150140205000072;Belém;1501402;Nazaré;Norte;não;;8718.11;1802.79;4.8;8315.28;265.0;679;0.0082;0.458;False;True;
EXTREMO;150140205000139;Belém;1501402;Marco;Norte;não;;8584.47;1802.79;4.8;8315.28;250.0;727;0.0126;0.5131;False;True;
EXTREMO;211130005000266;São Luís;2111300;;Nordeste;não;;8454.83;1745.24;4.8;8425.68;163.0;552;0.0104;0.5072;False;True;
EXTREMO;211130005001146;São Luís;2111300;;Nordeste;não;;8436.66;1745.24;4.8;8425.68;136.0;325;0.0;0.4708;False;True;
EXTREMO;211130005001148;São Luís;2111300;;Nordeste;não;;8462.4;1745.24;4.8;8425.68;127.0;298;;0.4799;False;True;
EXTREMO;221100105070143;Teresina;2211001;São Cristóvão;Nordeste;não;;9173.99;1913.0;4.8;8229.75;250.0;637;0.0056;0.4317;False;True;
EXTREMO;221100105070163;Teresina;2211001;Morada do Sol;Nordeste;não;;9163.34;1913.0;4.8;8229.75;154.0;414;;0.4614;False;True;
EXTREMO;221100105070348;Teresina;2211001;Socopó;Nordeste;não;;9228.0;1913.0;4.8;8229.75;284.0;888;0.0508;0.6047;False;True;
EXTREMO;230440005150075;Fortaleza;2304400;Aldeota;Nordeste;não;;8284.92;1708.86;4.8;7273.3;386.0;996;0.0152;0.4669;False;True;
EXTREMO;230440005150416;Fortaleza;2304400;Dionísio Torres;Nordeste;não;;8274.51;1708.86;4.8;7273.3;99.0;258;;0.345;False;True;
EXTREMO;230440005150430;Fortaleza;2304400;Dionísio Torres;Nordeste;não;;8272.82;1708.86;4.8;7273.3;71.0;204;;0.3627;False;True;
EXTREMO;230440005150486;Fortaleza;2304400;Joaquim Távora;Nordeste;não;;8282.48;1708.86;4.8;7273.3;258.0;645;0.0074;0.4651;False;True;
EXTREMO;230440005190182;Fortaleza;2304400;Sapiranga / Coité;Nordeste;não;;8248.17;1708.86;4.8;7273.3;220.0;736;0.0118;0.5584;False;True;
EXTREMO;230440005200132;Fortaleza;2304400;Parque Iracema;Nordeste;não;;8218.04;1708.86;4.8;7273.3;108.0;261;;0.5632;False;True;
EXTREMO;230440005230424;Fortaleza;2304400;Pici;Nordeste;não;;8160.6;1708.86;4.8;7273.3;204.0;591;0.0163;0.4619;False;True;
EXTREMO;270430205060179;Maceió;2704302;Jatiúca;Nordeste;não;;8246.36;1721.69;4.8;8099.28;264.0;625;;0.416;False;True;
EXTREMO;291080005060176;Feira de Santana;2910800;Santo Antônio dos Prazeres;Nordeste;não;;8350.44;1753.99;4.8;6770.95;129.0;372;0.0128;0.6129;False;True;
EXTREMO;350280405000371;Araçatuba;3502804;;Sudeste;não;;13485.9;2795.87;4.8;8365.39;126.0;400;0.0;0.035;False;True;
EXTREMO;351870105000031;Guarujá;3518701;Enseada;Sudeste;não;;12471.4;2593.08;4.8;12458.12;10.0;30;0.0;0.0;False;True;
EXTREMO;351880005001299;Guarulhos;3518800;Vila Augusta;Sudeste;não;;11241.43;2361.56;4.8;9209.94;101.0;305;;0.1869;False;True;
EXTREMO;351880005001499;Guarulhos;3518800;Picanço;Sudeste;não;;11420.93;2361.56;4.8;9209.94;189.0;509;0.0;0.2829;False;True;
EXTREMO;351880005001501;Guarulhos;3518800;Picanço;Sudeste;não;;11398.88;2361.56;4.8;9209.94;114.0;302;;0.2914;False;True;
EXTREMO;351880005001506;Guarulhos;3518800;Picanço;Sudeste;não;;11419.29;2361.56;4.8;9209.94;208.0;543;0.0;0.2394;False;True;
EXTREMO;351880005001516;Guarulhos;3518800;Picanço;Sudeste;não;;11245.55;2361.56;4.8;9209.94;112.0;306;0.0;0.2484;False;True;
EXTREMO;354520905000301;Salto;3545209;;Sudeste;não;;14528.05;3039.58;4.8;7442.96;126.0;347;;0.0288;True;True;
EXTREMO;354870805001449;São Bernardo do Campo;3548708;Centro;Sudeste;não;;16153.01;3371.95;4.8;14607.28;100.0;326;;0.1411;True;True;
EXTREMO;354870805001510;São Bernardo do Campo;3548708;Centro;Sudeste;não;;16230.05;3371.95;4.8;14607.28;189.0;517;;0.1663;True;True;
EXTREMO;410690205010281;Curitiba;4106902;Juvevê;Sul;não;;19584.62;4115.5;4.8;17999.52;237.0;573;;0.0558;True;True;
EXTREMO;410690205010456;Curitiba;4106902;Alto da Glória;Sul;não;;19795.43;4115.5;4.8;17999.52;178.0;429;0.0;0.049;True;True;
EXTREMO;411850105000244;Pato Branco;4118501;Brasília;Sul;não;;16576.46;3466.51;4.8;12618.66;196.0;466;0.0074;0.2361;True;True;
EXTREMO;500270405060067;Campo Grande;5002704;Jardim dos Estados;Centro-Oeste;não;;13063.31;2744.05;4.8;10591.42;127.0;312;0.0;0.1538;False;True;
EXTREMO;500270405060070;Campo Grande;5002704;São Bento;Centro-Oeste;não;;13095.7;2744.05;4.8;10591.42;189.0;505;0.0068;0.1822;False;True;
EXTREMO;500270405070115;Campo Grande;5002704;Carandá;Centro-Oeste;não;;13170.4;2744.05;4.8;10591.42;179.0;427;;0.2108;False;True;
EXTREMO;520870705130098;Goiânia;5208707;;Centro-Oeste;não;;14989.23;3112.75;4.8;13875.71;135.0;410;0.0081;0.2024;True;True;
EXTREMO;130260305080294;Manaus;1302603;Da Paz;Norte;não;;8724.41;1852.55;4.7;6265.62;69.0;199;0.0;0.5628;False;True;
EXTREMO;130260305110263;Manaus;1302603;Adrianópolis;Norte;não;;8681.55;1852.55;4.7;6265.62;81.0;238;;0.458;False;True;
EXTREMO;130260305110290;Manaus;1302603;Parque 10 de Novembro;Norte;não;;8760.77;1852.55;4.7;6265.62;191.0;498;;0.4578;False;True;
EXTREMO;150140205000096;Belém;1501402;São Brás;Norte;não;;8400.39;1802.79;4.7;8315.28;321.0;912;0.005;0.5055;False;True;
EXTREMO;150140205000106;Belém;1501402;Umarizal;Norte;não;;8473.22;1802.79;4.7;8315.28;385.0;1095;0.005;0.5205;False;True;
EXTREMO;150140205000136;Belém;1501402;Marco;Norte;não;;8508.35;1802.79;4.7;8315.28;190.0;545;0.0063;0.5963;False;True;
EXTREMO;150140205000259;Belém;1501402;Marco;Norte;não;;8451.09;1802.79;4.7;8315.28;368.0;975;0.0059;0.5395;False;True;
EXTREMO;211120110000535;São José de Ribamar;2111201;Araçagy;Nordeste;não;;7686.63;1633.45;4.7;6196.06;153.0;468;;0.547;False;True;
EXTREMO;211120110000551;São José de Ribamar;2111201;Araçagy;Nordeste;não;;7696.42;1633.45;4.7;6196.06;108.0;308;;0.513;False;True;
EXTREMO;211120110000573;São José de Ribamar;2111201;Araçagy;Nordeste;não;;7605.13;1633.45;4.7;6196.06;121.0;387;0.0236;0.6047;False;True;
EXTREMO;221100105070189;Teresina;2211001;Piçarreira;Nordeste;não;;9073.44;1913.0;4.7;8229.75;186.0;478;0.0103;0.4895;False;True;
EXTREMO;230440005150127;Fortaleza;2304400;Varjota;Nordeste;não;;8034.65;1708.86;4.7;7273.3;173.0;426;;0.4742;False;True;
EXTREMO;230440005150219;Fortaleza;2304400;Aldeota;Nordeste;não;;8074.55;1708.86;4.7;7273.3;228.0;552;0.01;0.3623;False;True;
EXTREMO;230440005150399;Fortaleza;2304400;Joaquim Távora;Nordeste;não;;8006.51;1708.86;4.7;7273.3;180.0;506;0.0116;0.4664;False;True;
EXTREMO;230440005170296;Fortaleza;2304400;Fátima;Nordeste;não;;8025.78;1708.86;4.7;7273.3;178.0;406;;0.4532;False;True;
EXTREMO;230440005180335;Fortaleza;2304400;Passaré;Nordeste;não;;8024.82;1708.86;4.7;7273.3;497.0;1274;0.006;0.5188;False;True;
EXTREMO;230440005190200;Fortaleza;2304400;Engenheiro Luciano Cavalcante;Nordeste;não;;7973.13;1708.86;4.7;7273.3;526.0;1339;0.0389;0.5624;False;True;
EXTREMO;230440005200170;Fortaleza;2304400;Parque Iracema;Nordeste;não;;8024.77;1708.86;4.7;7273.3;457.0;1265;0.0101;0.4964;False;True;
EXTREMO;230440005200282;Fortaleza;2304400;Cambeba;Nordeste;não;;8107.69;1708.86;4.7;7273.3;255.0;789;0.0233;0.4639;False;True;
EXTREMO;230440005200307;Fortaleza;2304400;Parque Manibura;Nordeste;não;;7969.11;1708.86;4.7;7273.3;21.0;60;0.0;0.5667;False;True;
EXTREMO;230440005200329;Fortaleza;2304400;Cidade dos Funcionários;Nordeste;não;;8045.63;1708.86;4.7;7273.3;207.0;635;0.0072;0.4205;False;True;
EXTREMO;230440005200424;Fortaleza;2304400;Cambeba;Nordeste;não;;7962.12;1708.86;4.7;7273.3;129.0;302;0.0117;0.4702;False;True;
EXTREMO;230440005200433;Fortaleza;2304400;Curió;Nordeste;não;;8102.74;1708.86;4.7;7273.3;41.0;123;;0.5041;False;True;
EXTREMO;270430205060087;Maceió;2704302;Jatiúca;Nordeste;não;;8111.53;1721.69;4.7;8099.28;341.0;861;;0.4483;False;True;
EXTREMO;270430205060139;Maceió;2704302;Jatiúca;Nordeste;não;;8163.88;1721.69;4.7;8099.28;236.0;583;;0.4786;False;True;
EXTREMO;270430205060170;Maceió;2704302;Ponta Verde;Nordeste;não;;8127.21;1721.69;4.7;8099.28;155.0;346;;0.315;False;True;
EXTREMO;270430205060175;Maceió;2704302;Jatiúca;Nordeste;não;;8134.43;1721.69;4.7;8099.28;239.0;484;0.0;0.4236;False;True;
EXTREMO;291080005060095;Feira de Santana;2910800;Cidade Nova;Nordeste;não;;8268.97;1753.99;4.7;6770.95;76.0;239;;0.636;False;True;
EXTREMO;330240305040026;Macaé;3302403;Cavaleiros;Sudeste;não;;11982.33;2538.99;4.7;10040.85;228.0;564;;0.2784;False;True;
EXTREMO;351880005001296;Guarulhos;3518800;Vila Augusta;Sudeste;não;;11036.0;2361.56;4.7;9209.94;102.0;276;;0.1993;False;True;
EXTREMO;351880005001500;Guarulhos;3518800;Picanço;Sudeste;não;;11064.21;2361.56;4.7;9209.94;220.0;599;;0.2938;False;True;
EXTREMO;351880005001531;Guarulhos;3518800;Picanço;Sudeste;não;;11173.87;2361.56;4.7;9209.94;100.0;292;0.0;0.2911;False;True;
EXTREMO;351880005001532;Guarulhos;3518800;Picanço;Sudeste;não;;11073.92;2361.56;4.7;9209.94;115.0;339;0.0;0.2743;False;True;
EXTREMO;351880005001647;Guarulhos;3518800;Centro;Sudeste;não;;11020.53;2361.56;4.7;9209.94;96.0;271;;0.1697;False;True;
EXTREMO;351880005001649;Guarulhos;3518800;Centro;Sudeste;não;;11151.74;2361.56;4.7;9209.94;91.0;265;0.0225;0.1811;False;True;
EXTREMO;354870805001462;São Bernardo do Campo;3548708;Centro;Sudeste;não;;16013.13;3371.95;4.7;14607.28;108.0;325;;0.0585;True;True;
EXTREMO;354870805001637;São Bernardo do Campo;3548708;Botujuru;Sudeste;não;;15873.23;3371.95;4.7;14607.28;160.0;520;0.0069;0.1173;True;True;
EXTREMO;354880705000478;São Caetano do Sul;3548807;Cerâmica;Sudeste;não;;24794.39;5291.89;4.7;23908.99;177.0;589;0.0;0.0917;True;True;
EXTREMO;410690205010305;Curitiba;4106902;Hugo Lange;Sul;não;;19141.77;4115.5;4.7;17999.52;384.0;1043;0.0036;0.0566;True;True;
EXTREMO;410690205010380;Curitiba;4106902;Cristo Rei;Sul;não;;19205.91;4115.5;4.7;17999.52;205.0;561;0.0;0.0642;True;True;
EXTREMO;410690205010381;Curitiba;4106902;Cristo Rei;Sul;não;;19408.16;4115.5;4.7;17999.52;295.0;872;;0.0677;True;True;
EXTREMO;410690205050325;Curitiba;4106902;Campo Comprido;Sul;não;;19173.32;4115.5;4.7;17999.52;210.0;567;0.0068;0.0653;True;True;
EXTREMO;410690205050353;Curitiba;4106902;Mossunguê;Sul;não;;19302.15;4115.5;4.7;17999.52;161.0;437;0.0;0.0572;True;True;
EXTREMO;500270405060157;Campo Grande;5002704;Amambaí;Centro-Oeste;não;;12885.16;2744.05;4.7;10591.42;91.0;210;;0.2524;False;True;
EXTREMO;500270405070139;Campo Grande;5002704;Santa Fé;Centro-Oeste;não;;12858.11;2744.05;4.7;10591.42;117.0;292;0.0;0.1678;False;True;
EXTREMO;520110805000523;Anápolis;5201108;;Centro-Oeste;não;;11976.38;2545.98;4.7;7466.73;239.0;611;0.0;0.311;False;True;
EXTREMO;520870705040040;Goiânia;5208707;;Centro-Oeste;não;;14648.42;3112.75;4.7;13875.71;202.0;437;;0.1442;True;True;
EXTREMO;520870705130046;Goiânia;5208707;;Centro-Oeste;não;;14557.96;3112.75;4.7;13875.71;202.0;556;;0.2194;True;True;
EXTREMO;520870705580018;Goiânia;5208707;;Centro-Oeste;não;;14512.0;3112.75;4.7;13875.71;25.0;83;;0.3373;True;True;
EXTREMO;130260305110174;Manaus;1302603;Parque 10 de Novembro;Norte;não;;8468.41;1852.55;4.6;6265.62;127.0;357;0.0124;0.4342;False;True;
EXTREMO;130260305110296;Manaus;1302603;Adrianópolis;Norte;não;;8484.89;1852.55;4.6;6265.62;241.0;640;0.0258;0.5078;False;True;
EXTREMO;150080005000829;Ananindeua;1500800;;Norte;não;;8080.3;1772.53;4.6;6318.54;352.0;982;;0.6141;False;True;
EXTREMO;211120110000552;São José de Ribamar;2111201;Araçagy;Nordeste;não;;7536.78;1633.45;4.6;6196.06;119.0;360;0.0;0.5556;False;True;
EXTREMO;221100105070369;Teresina;2211001;Recanto das Palmeiras;Nordeste;não;;8872.41;1913.0;4.6;8229.75;383.0;914;;0.5274;False;True;
EXTREMO;230440005150125;Fortaleza;2304400;Varjota;Nordeste;não;;7829.65;1708.86;4.6;7273.3;284.0;725;0.0185;0.4097;False;True;
EXTREMO;230440005150135;Fortaleza;2304400;Papicu;Nordeste;não;;7926.05;1708.86;4.6;7273.3;233.0;607;;0.3921;False;True;
EXTREMO;230440005150222;Fortaleza;2304400;Aldeota;Nordeste;não;;7809.47;1708.86;4.6;7273.3;140.0;371;0.0119;0.3854;False;True;
EXTREMO;230440005150274;Fortaleza;2304400;Papicu;Nordeste;não;;7824.37;1708.86;4.6;7273.3;208.0;563;0.0215;0.4885;False;True;
EXTREMO;230440005150308;Fortaleza;2304400;Vicente Pinzón;Nordeste;não;;7795.09;1708.86;4.6;7273.3;111.0;307;0.0192;0.4397;False;True;
EXTREMO;230440005150408;Fortaleza;2304400;Joaquim Távora;Nordeste;não;;7933.1;1708.86;4.6;7273.3;392.0;1005;0.0184;0.5244;False;True;
EXTREMO;230440005150423;Fortaleza;2304400;Dionísio Torres;Nordeste;não;;7860.43;1708.86;4.6;7273.3;200.0;553;0.0059;0.4304;False;True;
EXTREMO;230440005160290;Fortaleza;2304400;São Gerardo;Nordeste;não;;7820.33;1708.86;4.6;7273.3;159.0;466;0.0099;0.4356;False;True;
EXTREMO;230440005170299;Fortaleza;2304400;Fátima;Nordeste;não;;7814.72;1708.86;4.6;7273.3;185.0;467;;0.4304;False;True;
EXTREMO;230440005180424;Fortaleza;2304400;Itaperi;Nordeste;não;;7826.55;1708.86;4.6;7273.3;237.0;741;0.0269;0.5682;False;True;
EXTREMO;230440005190137;Fortaleza;2304400;Edson Queiroz;Nordeste;não;;7942.04;1708.86;4.6;7273.3;550.0;1618;0.0073;0.5278;False;True;
EXTREMO;230440005190270;Fortaleza;2304400;Edson Queiroz;Nordeste;não;;7861.09;1708.86;4.6;7273.3;297.0;754;0.0064;0.4324;False;True;
EXTREMO;230440005200387;Fortaleza;2304400;Parque Manibura;Nordeste;não;;7887.18;1708.86;4.6;7273.3;231.0;745;0.0108;0.5128;False;True;
EXTREMO;291080005110170;Feira de Santana;2910800;Lagoa Salgada;Nordeste;não;;8137.43;1753.99;4.6;6770.95;179.0;481;0.0224;0.6279;False;True;
EXTREMO;330170205000570;Duque de Caxias;3301702;Centro;Sudeste;não;;8357.26;1832.16;4.6;4394.04;146.0;377;0.0093;0.3926;False;True;
EXTREMO;330240305040024;Macaé;3302403;Glória;Sudeste;não;;11603.07;2538.99;4.6;10040.85;175.0;555;;0.3063;False;True;
EXTREMO;330240305040106;Macaé;3302403;Praia Campista;Sudeste;não;;11675.51;2538.99;4.6;10040.85;138.0;343;;0.3761;False;True;
EXTREMO;330350005100013;Nova Iguaçu;3303500;Centro;Sudeste;não;;8075.9;1773.89;4.6;4578.21;169.0;418;;0.1746;False;True;
EXTREMO;330350005100297;Nova Iguaçu;3303500;Centro;Sudeste;não;;8211.72;1773.89;4.6;4578.21;171.0;401;;0.2369;False;True;
EXTREMO;351880005000085;Guarulhos;3518800;Macedo;Sudeste;não;;10915.39;2361.56;4.6;9209.94;224.0;658;0.0;0.2036;False;True;
EXTREMO;351880005001497;Guarulhos;3518800;Picanço;Sudeste;não;;10892.21;2361.56;4.6;9209.94;161.0;460;0.0;0.2696;False;True;
EXTREMO;351880005001498;Guarulhos;3518800;Picanço;Sudeste;não;;10869.28;2361.56;4.6;9209.94;161.0;452;0.0;0.2566;False;True;
EXTREMO;351880005001645;Guarulhos;3518800;Centro;Sudeste;não;;10765.67;2361.56;4.6;9209.94;119.0;356;;0.1404;False;True;
EXTREMO;354870805001451;São Bernardo do Campo;3548708;Centro;Sudeste;não;;15640.91;3371.95;4.6;14607.28;110.0;364;0.0;0.0824;True;True;
EXTREMO;410690205010338;Curitiba;4106902;Bigorrilho;Sul;não;;19068.45;4115.5;4.6;17999.52;145.0;279;0.0;0.0179;True;True;
EXTREMO;410690205090281;Curitiba;4106902;Cidade Industrial de Curitiba;Sul;não;;18739.69;4115.5;4.6;17999.52;119.0;379;;0.1135;True;True;
EXTREMO;500270405060065;Campo Grande;5002704;Jardim dos Estados;Centro-Oeste;não;;12732.11;2744.05;4.6;10591.42;268.0;592;;0.1639;False;True;
EXTREMO;500270405070127;Campo Grande;5002704;Margarida;Centro-Oeste;não;;12530.21;2744.05;4.6;10591.42;311.0;777;;0.2021;False;True;
EXTREMO;500270405070216;Campo Grande;5002704;Autonomista;Centro-Oeste;não;;12706.25;2744.05;4.6;10591.42;16.0;37;0.0;0.0;False;True;
EXTREMO;500270405080190;Campo Grande;5002704;Nasser;Centro-Oeste;não;;12709.76;2744.05;4.6;10591.42;267.0;785;;0.2178;False;True;
EXTREMO;520110805000141;Anápolis;5201108;;Centro-Oeste;não;;11723.89;2545.98;4.6;7466.73;96.0;306;0.0;0.219;False;True;
EXTREMO;520110805000423;Anápolis;5201108;;Centro-Oeste;não;;11606.54;2545.98;4.6;7466.73;131.0;439;0.01;0.4487;False;True;
EXTREMO;520860805000078;Goianésia;5208608;;Centro-Oeste;não;;10668.62;2323.24;4.6;7625.59;28.0;86;0.0508;0.3721;False;True;
EXTREMO;520870705040048;Goiânia;5208707;;Centro-Oeste;não;;14240.38;3112.75;4.6;13875.71;107.0;303;;0.2805;True;True;
EXTREMO;520870705040053;Goiânia;5208707;;Centro-Oeste;não;;14351.22;3112.75;4.6;13875.71;158.0;374;0.0086;0.2834;True;True;
EXTREMO;520870705040059;Goiânia;5208707;;Centro-Oeste;não;;14401.99;3112.75;4.6;13875.71;98.0;192;0.0;0.2865;True;True;
EXTREMO;520870705090032;Goiânia;5208707;;Centro-Oeste;não;;14200.83;3112.75;4.6;13875.71;243.0;624;;0.2292;True;True;
EXTREMO;520870705090040;Goiânia;5208707;;Centro-Oeste;não;;14329.05;3112.75;4.6;13875.71;229.0;610;0.0066;0.3721;True;True;
EXTREMO;520870705100029;Goiânia;5208707;;Centro-Oeste;não;;14174.83;3112.75;4.6;13875.71;375.0;1024;0.0063;0.2725;True;True;
EXTREMO;520870705130021;Goiânia;5208707;;Centro-Oeste;não;;14170.0;3112.75;4.6;13875.71;182.0;472;;0.197;True;True;
EXTREMO;520870705130085;Goiânia;5208707;;Centro-Oeste;não;;14217.28;3112.75;4.6;13875.71;272.0;806;;0.227;True;True;
EXTREMO;520870705130099;Goiânia;5208707;;Centro-Oeste;não;;14284.74;3112.75;4.6;13875.71;205.0;563;0.0;0.167;True;True;
EXTREMO;520870705330037;Goiânia;5208707;;Centro-Oeste;não;;14355.03;3112.75;4.6;13875.71;299.0;962;0.0086;0.3004;True;True;
EXTREMO;520870705340010;Goiânia;5208707;;Centro-Oeste;não;;14303.72;3112.75;4.6;13875.71;290.0;969;;0.4169;True;True;
EXTREMO;130260305070214;Manaus;1302603;Santo Agostinho;Norte;não;;8346.02;1852.55;4.5;6265.62;253.0;727;0.0068;0.5378;False;True;
EXTREMO;130260305070242;Manaus;1302603;São Jorge;Norte;não;;8427.95;1852.55;4.5;6265.62;114.0;339;;0.5546;False;True;
EXTREMO;130260305090247;Manaus;1302603;Coroado;Norte;não;;8339.07;1852.55;4.5;6265.62;179.0;489;0.0077;0.5787;False;True;
EXTREMO;130260305100274;Manaus;1302603;São Lázaro;Norte;não;;8270.0;1852.55;4.5;6265.62;34.0;112;0.0;0.5179;False;True;
EXTREMO;130260305110024;Manaus;1302603;Parque 10 de Novembro;Norte;não;;8397.1;1852.55;4.5;6265.62;316.0;888;0.0068;0.5631;False;True;
EXTREMO;130260305110284;Manaus;1302603;Parque 10 de Novembro;Norte;não;;8278.58;1852.55;4.5;6265.62;285.0;749;0.0061;0.4406;False;True;
EXTREMO;130260305120612;Manaus;1302603;Colônia Santo Antônio;Norte;não;;8373.59;1852.55;4.5;6265.62;291.0;856;0.0046;0.6168;False;True;
EXTREMO;150080005000538;Ananindeua;1500800;;Norte;não;;7950.07;1772.53;4.5;6318.54;149.0;422;0.0;0.6137;False;True;
EXTREMO;211120110000228;São José de Ribamar;2111201;Araçagy;Nordeste;não;;7396.93;1633.45;4.5;6196.06;77.0;229;;0.6419;False;True;
EXTREMO;211120110000534;São José de Ribamar;2111201;Araçagy;Nordeste;não;;7327.5;1633.45;4.5;6196.06;99.0;300;0.0123;0.5;False;True;
EXTREMO;221100105070138;Teresina;2211001;São Cristóvão;Nordeste;não;;8559.35;1913.0;4.5;8229.75;189.0;530;0.0147;0.4792;False;True;
EXTREMO;221100105070169;Teresina;2211001;Santa Isabel;Nordeste;não;;8665.46;1913.0;4.5;8229.75;298.0;791;0.0;0.445;False;True;
EXTREMO;221100105070262;Teresina;2211001;Santa Isabel;Nordeste;não;;8684.56;1913.0;4.5;8229.75;51.0;143;;0.5245;False;True;
EXTREMO;230440005150087;Fortaleza;2304400;Aldeota;Nordeste;não;;7694.19;1708.86;4.5;7273.3;296.0;641;0.0084;0.4306;False;True;
EXTREMO;230440005150201;Fortaleza;2304400;Vicente Pinzón;Nordeste;não;;7652.55;1708.86;4.5;7273.3;202.0;583;0.0101;0.4923;False;True;
EXTREMO;230440005150255;Fortaleza;2304400;Meireles;Nordeste;não;;7755.25;1708.86;4.5;7273.3;130.0;276;0.0;0.5399;False;True;
EXTREMO;230440005150307;Fortaleza;2304400;Vicente Pinzón;Nordeste;não;;7660.97;1708.86;4.5;7273.3;161.0;416;;0.4519;False;True;
EXTREMO;230440005150329;Fortaleza;2304400;Aldeota;Nordeste;não;;7627.36;1708.86;4.5;7273.3;111.0;312;0.0;0.4263;False;True;
EXTREMO;230440005150432;Fortaleza;2304400;Dionísio Torres;Nordeste;não;;7683.8;1708.86;4.5;7273.3;184.0;522;0.0065;0.4808;False;True;
EXTREMO;230440005160235;Fortaleza;2304400;São Gerardo;Nordeste;não;;7733.63;1708.86;4.5;7273.3;410.0;1216;0.009;0.5518;False;True;
EXTREMO;230440005170200;Fortaleza;2304400;Benfica;Nordeste;não;;7756.75;1708.86;4.5;7273.3;700.0;1658;0.0105;0.5265;False;True;
EXTREMO;230440005170217;Fortaleza;2304400;Damas;Nordeste;não;;7691.66;1708.86;4.5;7273.3;192.0;489;0.0074;0.5092;False;True;
EXTREMO;230440005170236;Fortaleza;2304400;Fátima;Nordeste;não;;7672.43;1708.86;4.5;7273.3;181.0;496;0.0138;0.4677;False;True;
EXTREMO;230440005170325;Fortaleza;2304400;Fátima;Nordeste;não;;7772.38;1708.86;4.5;7273.3;321.0;720;0.015;0.4972;False;True;
EXTREMO;230440005190136;Fortaleza;2304400;Edson Queiroz;Nordeste;não;;7623.49;1708.86;4.5;7273.3;436.0;1417;0.0274;0.4517;False;True;
EXTREMO;230440005190156;Fortaleza;2304400;Sapiranga / Coité;Nordeste;não;;7649.25;1708.86;4.5;7273.3;176.0;512;0.0234;0.4961;False;True;
EXTREMO;291080005080193;Feira de Santana;2910800;Pedra do Descanso;Nordeste;não;;7847.03;1753.99;4.5;6770.95;88.0;262;0.0448;0.5649;False;True;
EXTREMO;320120905000398;Cachoeiro de Itapemirim;3201209;Dr. Gilberto Machado;Sudeste;não;;10259.66;2288.77;4.5;6063.63;272.0;714;;0.1919;False;True;
EXTREMO;330170205000575;Duque de Caxias;3301702;Vinte e Cinco de Agosto;Sudeste;não;;8155.11;1832.16;4.5;4394.04;143.0;381;0.0;0.357;False;True;
EXTREMO;330350005100146;Nova Iguaçu;3303500;Jardim Tropical;Sudeste;não;;7904.59;1773.89;4.5;4578.21;245.0;782;0.0239;0.4744;False;True;
EXTREMO;330490410000531;São Gonçalo;3304904;Arsenal;Sudeste;não;;8332.69;1853.3;4.5;4772.51;88.0;260;;0.4038;False;True;
EXTREMO;351880005000020;Guarulhos;3518800;Centro;Sudeste;não;;10647.6;2361.56;4.5;9209.94;261.0;673;0.0101;0.2006;False;True;
EXTREMO;351880005000839;Guarulhos;3518800;Ponte Grande;Sudeste;não;;10738.05;2361.56;4.5;9209.94;182.0;606;;0.1997;False;True;
EXTREMO;351880005001250;Guarulhos;3518800;Macedo;Sudeste;não;;10520.69;2361.56;4.5;9209.94;58.0;156;0.0;0.1795;False;True;
EXTREMO;351880005001351;Guarulhos;3518800;Vila Galvão;Sudeste;não;;10714.04;2361.56;4.5;9209.94;115.0;314;0.0;0.1592;False;True;
EXTREMO;351880005001670;Guarulhos;3518800;Vila Augusta;Sudeste;não;;10734.1;2361.56;4.5;9209.94;94.0;273;0.0;0.1758;False;True;
EXTREMO;351880005001678;Guarulhos;3518800;Vila Augusta;Sudeste;não;;10628.72;2361.56;4.5;9209.94;115.0;359;;0.2006;False;True;
EXTREMO;354870805001509;São Bernardo do Campo;3548708;Centro;Sudeste;não;;15282.78;3371.95;4.5;14607.28;177.0;513;0.0;0.1754;True;True;
EXTREMO;354870805001539;São Bernardo do Campo;3548708;Centro;Sudeste;não;;15082.71;3371.95;4.5;14607.28;207.0;650;0.0;0.1585;True;True;
EXTREMO;354870805001543;São Bernardo do Campo;3548708;Centro;Sudeste;não;;15070.93;3371.95;4.5;14607.28;172.0;535;0.0;0.114;True;True;
EXTREMO;410690205010265;Curitiba;4106902;Ahú;Sul;não;;18639.65;4115.5;4.5;17999.52;380.0;1043;;0.0479;True;True;
EXTREMO;412550605000593;São José dos Pinhais;4125506;Costeira;Sul;não;;13375.0;2945.26;4.5;8498.86;38.0;111;0.0;0.2162;False;True;
EXTREMO;500270405060108;Campo Grande;5002704;São Francisco;Centro-Oeste;não;;12376.25;2744.05;4.5;10591.42;194.0;512;0.0098;0.2246;False;True;
EXTREMO;500270405060119;Campo Grande;5002704;Bela Vista;Centro-Oeste;não;;12275.4;2744.05;4.5;10591.42;186.0;518;;0.1641;False;True;
EXTREMO;500270405070012;Campo Grande;5002704;Autonomista;Centro-Oeste;não;;12359.65;2744.05;4.5;10591.42;233.0;660;0.0053;0.197;False;True;
EXTREMO;500270405070031;Campo Grande;5002704;Chácara Cachoeira;Centro-Oeste;não;;12259.68;2744.05;4.5;10591.42;219.0;515;;0.1845;False;True;
EXTREMO;520870705090029;Goiânia;5208707;;Centro-Oeste;não;;14028.63;3112.75;4.5;13875.71;271.0;646;;0.2693;False;True;
EXTREMO;520870705090036;Goiânia;5208707;;Centro-Oeste;não;;13879.69;3112.75;4.5;13875.71;90.0;239;;0.2594;False;True;
EXTREMO;520870705130087;Goiânia;5208707;;Centro-Oeste;não;;14106.31;3112.75;4.5;13875.71;409.0;963;;0.3032;True;True;
EXTREMO;520870705130090;Goiânia;5208707;;Centro-Oeste;não;;14047.75;3112.75;4.5;13875.71;333.0;853;0.0044;0.2485;False;True;
EXTREMO;130260305070076;Manaus;1302603;Compensa;Norte;não;;8152.18;1852.55;4.4;6265.62;272.0;804;0.0059;0.5137;False;True;
EXTREMO;130260305070246;Manaus;1302603;São Jorge;Norte;não;;8176.94;1852.55;4.4;6265.62;65.0;185;0.0;0.4432;False;True;
EXTREMO;130260305080248;Manaus;1302603;Da Paz;Norte;não;;8205.55;1852.55;4.4;6265.62;220.0;584;;0.5788;False;True;
EXTREMO;130260305090224;Manaus;1302603;Japiim;Norte;não;;8132.23;1852.55;4.4;6265.62;163.0;483;0.0104;0.5631;False;True;
EXTREMO;130260305090231;Manaus;1302603;Japiim;Norte;não;;8184.93;1852.55;4.4;6265.62;184.0;509;;0.6267;False;True;
EXTREMO;130260305090245;Manaus;1302603;São Francisco;Norte;não;;8241.31;1852.55;4.4;6265.62;295.0;781;0.0079;0.6645;False;True;
EXTREMO;130260305110017;Manaus;1302603;Parque 10 de Novembro;Norte;não;;8147.46;1852.55;4.4;6265.62;173.0;540;0.0062;0.5556;False;True;
EXTREMO;130260305110083;Manaus;1302603;Aleixo;Norte;não;;8170.45;1852.55;4.4;6265.62;225.0;711;0.0;0.5387;False;True;
EXTREMO;130260305110214;Manaus;1302603;Flores;Norte;não;;8175.63;1852.55;4.4;6265.62;335.0;798;;0.5815;False;True;
EXTREMO;130260305110291;Manaus;1302603;Flores;Norte;não;;8173.69;1852.55;4.4;6265.62;165.0;547;0.0;0.4826;False;True;
EXTREMO;130260305130115;Manaus;1302603;Ponta Negra;Norte;não;;8214.2;1852.55;4.4;6265.62;170.0;395;0.0;0.5722;False;True;
EXTREMO;130260305130163;Manaus;1302603;Tarumã;Norte;não;;8214.71;1852.55;4.4;6265.62;190.0;653;0.0062;0.6447;False;True;
EXTREMO;150080005000118;Ananindeua;1500800;;Norte;não;;7715.1;1772.53;4.4;6318.54;331.0;1004;0.0062;0.6544;False;True;
EXTREMO;221100105070001;Teresina;2211001;Zoobotânico;Nordeste;não;;8324.42;1913.0;4.4;8229.75;96.0;266;0.0;0.5752;False;True;
EXTREMO;221100105070076;Teresina;2211001;Piçarreira;Nordeste;não;;8478.35;1913.0;4.4;8229.75;209.0;650;0.0313;0.6062;False;True;
EXTREMO;221100105070142;Teresina;2211001;Fátima;Nordeste;não;;8380.36;1913.0;4.4;8229.75;169.0;509;0.0283;0.5403;False;True;
EXTREMO;221100105070351;Teresina;2211001;São João;Nordeste;não;;8396.73;1913.0;4.4;8229.75;96.0;271;0.0124;0.4502;False;True;
EXTREMO;230440005130019;Fortaleza;2304400;Centro;Nordeste;não;;7506.39;1708.86;4.4;7273.3;173.0;365;;0.4575;False;True;
EXTREMO;230440005130063;Fortaleza;2304400;Centro;Nordeste;não;;7599.57;1708.86;4.4;7273.3;213.0;545;;0.4;False;True;
EXTREMO;230440005150101;Fortaleza;2304400;Meireles;Nordeste;não;;7500.0;1708.86;4.4;7273.3;147.0;387;0.0174;0.5039;False;True;
EXTREMO;230440005160240;Fortaleza;2304400;São Gerardo;Nordeste;não;;7495.32;1708.86;4.4;7273.3;279.0;758;0.0205;0.5172;False;True;
EXTREMO;230440005190105;Fortaleza;2304400;Sapiranga / Coité;Nordeste;não;;7585.99;1708.86;4.4;7273.3;383.0;1137;0.0084;0.4354;False;True;
EXTREMO;230440005190201;Fortaleza;2304400;Engenheiro Luciano Cavalcante;Nordeste;não;;7565.55;1708.86;4.4;7273.3;556.0;1398;0.0138;0.5508;False;True;
EXTREMO;230440005200281;Fortaleza;2304400;Cambeba;Nordeste;não;;7469.01;1708.86;4.4;7273.3;171.0;483;0.0115;0.4907;False;True;
EXTREMO;230440005200370;Fortaleza;2304400;José de Alencar;Nordeste;não;;7454.39;1708.86;4.4;7273.3;130.0;324;0.0105;0.4383;False;True;
EXTREMO;230440005200422;Fortaleza;2304400;Cambeba;Nordeste;não;;7516.59;1708.86;4.4;7273.3;206.0;505;;0.4574;False;True;
EXTREMO;260345405100046;Camaragibe;2603454;Aldeia dos Camarás;Nordeste;não;;7061.3;1595.08;4.4;4403.49;61.0;199;0.0;0.4221;False;True;
EXTREMO;291080005060069;Feira de Santana;2910800;Mangabeira;Nordeste;não;;7679.29;1753.99;4.4;6770.95;85.0;268;0.0;0.5821;False;True;
EXTREMO;320120905000406;Cachoeiro de Itapemirim;3201209;Dr. Gilberto Machado;Sudeste;não;;10173.27;2288.77;4.4;6063.63;285.0;768;;0.1641;False;True;
EXTREMO;330350005100308;Nova Iguaçu;3303500;Centro;Sudeste;não;;7810.32;1773.89;4.4;4578.21;120.0;320;0.0;0.175;False;True;
EXTREMO;330350005100355;Nova Iguaçu;3303500;da Luz;Sudeste;não;;7836.75;1773.89;4.4;4578.21;168.0;422;0.0085;0.4289;False;True;
EXTREMO;330490405000314;São Gonçalo;3304904;Pedro Alcântara;Sudeste;não;;8227.29;1853.3;4.4;4772.51;248.0;594;;0.5017;False;True;
EXTREMO;351880005001279;Guarulhos;3518800;Vila Augusta;Sudeste;não;;10380.48;2361.56;4.4;9209.94;198.0;538;;0.1654;False;True;
EXTREMO;351880005001639;Guarulhos;3518800;Paraventi;Sudeste;não;;10330.95;2361.56;4.4;9209.94;134.0;425;;0.1388;False;True;
EXTREMO;351880005001646;Guarulhos;3518800;Centro;Sudeste;não;;10502.4;2361.56;4.4;9209.94;119.0;336;0.0;0.1875;False;True;
EXTREMO;351880005001693;Guarulhos;3518800;Vila Rio;Sudeste;não;;10352.33;2361.56;4.4;9209.94;154.0;463;;0.2786;False;True;
EXTREMO;354870805001299;São Bernardo do Campo;3548708;Nova Petrópolis;Sudeste;não;;14997.86;3371.95;4.4;14607.28;209.0;541;0.0069;0.1941;True;True;
EXTREMO;354870805001458;São Bernardo do Campo;3548708;Centro;Sudeste;não;;14919.41;3371.95;4.4;14607.28;110.0;372;;0.1855;True;True;
EXTREMO;354870805001499;São Bernardo do Campo;3548708;Centro;Sudeste;não;;14750.03;3371.95;4.4;14607.28;103.0;305;;0.2131;True;True;
EXTREMO;410690205060489;Curitiba;4106902;Portão;Sul;não;;18201.4;4115.5;4.4;17999.52;223.0;674;;0.0875;True;True;
EXTREMO;410690205060607;Curitiba;4106902;Campo Comprido;Sul;não;;18260.81;4115.5;4.4;17999.52;176.0;593;;0.0506;True;True;
EXTREMO;500270405060004;Campo Grande;5002704;Centro;Centro-Oeste;não;;11951.14;2744.05;4.4;10591.42;227.0;526;0.0064;0.1996;False;True;
EXTREMO;500270405060102;Campo Grande;5002704;Jardim dos Estados;Centro-Oeste;não;;12057.87;2744.05;4.4;10591.42;140.0;333;;0.1802;False;True;
EXTREMO;500270405060136;Campo Grande;5002704;Cruzeiro;Centro-Oeste;não;;11977.59;2744.05;4.4;10591.42;119.0;281;;0.1922;False;True;
EXTREMO;500270405070101;Campo Grande;5002704;Santa Fé;Centro-Oeste;não;;12164.42;2744.05;4.4;10591.42;188.0;461;;0.1518;False;True;
EXTREMO;500270405070126;Campo Grande;5002704;Margarida;Centro-Oeste;não;;11968.71;2744.05;4.4;10591.42;305.0;770;;0.2052;False;True;
EXTREMO;500270405120201;Campo Grande;5002704;Vilas Boas;Centro-Oeste;não;;12091.82;2744.05;4.4;10591.42;184.0;538;;0.2026;False;True;
EXTREMO;130260305080096;Manaus;1302603;Da Paz;Norte;não;;7934.27;1852.55;4.3;6265.62;227.0;659;;0.5812;False;True;
EXTREMO;130260305110247;Manaus;1302603;Parque 10 de Novembro;Norte;não;;7888.23;1852.55;4.3;6265.62;58.0;201;0.0;0.5025;False;True;
EXTREMO;130260305130114;Manaus;1302603;Ponta Negra;Norte;não;;8035.2;1852.55;4.3;6265.62;206.0;514;0.0;0.6381;False;True;
EXTREMO;150080005000617;Ananindeua;1500800;;Norte;não;;7675.81;1772.53;4.3;6318.54;181.0;650;0.0072;0.5585;False;True;
EXTREMO;211120110000434;São José de Ribamar;2111201;Araçagy;Nordeste;não;;7021.34;1633.45;4.3;6196.06;169.0;518;0.0071;0.556;False;True;
EXTREMO;221100105070260;Teresina;2211001;Santa Isabel;Nordeste;não;;8274.2;1913.0;4.3;8229.75;205.0;539;;0.4879;False;True;
EXTREMO;230440005130032;Fortaleza;2304400;Centro;Nordeste;não;;7397.75;1708.86;4.3;7273.3;301.0;705;0.0078;0.5035;False;True;
EXTREMO;230440005130062;Fortaleza;2304400;Centro;Nordeste;não;;7356.38;1708.86;4.3;7273.3;253.0;580;;0.4655;False;True;
EXTREMO;230440005150072;Fortaleza;2304400;Aldeota;Nordeste;não;;7420.56;1708.86;4.3;7273.3;284.0;696;0.0064;0.3908;False;True;
EXTREMO;230440005150143;Fortaleza;2304400;Papicu;Nordeste;não;;7356.96;1708.86;4.3;7273.3;226.0;605;0.0056;0.3868;False;True;
EXTREMO;230440005150273;Fortaleza;2304400;Papicu;Nordeste;não;;7349.53;1708.86;4.3;7273.3;214.0;573;0.0123;0.4555;False;True;
EXTREMO;230440005150386;Fortaleza;2304400;Joaquim Távora;Nordeste;não;;7402.74;1708.86;4.3;7273.3;243.0;636;0.0172;0.4277;False;True;
EXTREMO;230440005150389;Fortaleza;2304400;Joaquim Távora;Nordeste;não;;7385.22;1708.86;4.3;7273.3;219.0;568;0.0239;0.4912;False;True;
EXTREMO;230440005170114;Fortaleza;2304400;Vila União;Nordeste;não;;7277.04;1708.86;4.3;7273.3;412.0;1134;;0.4665;False;True;
EXTREMO;230440005170231;Fortaleza;2304400;Fátima;Nordeste;não;;7430.59;1708.86;4.3;7273.3;282.0;768;0.0102;0.4922;False;True;
EXTREMO;230440005170275;Fortaleza;2304400;Parreão;Nordeste;não;;7334.2;1708.86;4.3;7273.3;394.0;1085;0.0102;0.3871;False;True;
EXTREMO;230440005170310;Fortaleza;2304400;Fátima;Nordeste;não;;7359.71;1708.86;4.3;7273.3;199.0;519;0.0088;0.4701;False;True;
EXTREMO;291080005080186;Feira de Santana;2910800;Pedra do Descanso;Nordeste;não;;7475.27;1753.99;4.3;6770.95;73.0;181;0.0194;0.7182;False;True;
EXTREMO;330170205000526;Duque de Caxias;3301702;Vinte e Cinco de Agosto;Sudeste;não;;7814.54;1832.16;4.3;4394.04;80.0;208;0.0;0.3702;False;True;
EXTREMO;330240305040075;Macaé;3302403;Glória;Sudeste;não;;10836.63;2538.99;4.3;10040.85;97.0;238;;0.3782;False;True;
EXTREMO;330240305040096;Macaé;3302403;Cancela Preta;Sudeste;não;;10978.95;2538.99;4.3;10040.85;67.0;178;0.0245;0.2528;False;True;
EXTREMO;350280405000348;Araçatuba;3502804;;Sudeste;não;;12073.67;2795.87;4.3;8365.39;6.0;16;0.0;0.1875;False;True;
EXTREMO;350280405000388;Araçatuba;3502804;;Sudeste;não;;12058.9;2795.87;4.3;8365.39;153.0;366;0.0;0.0492;False;True;
EXTREMO;351880005001289;Guarulhos;3518800;Vila Augusta;Sudeste;não;;10203.06;2361.56;4.3;9209.94;146.0;390;;0.1667;False;True;
EXTREMO;351880005001293;Guarulhos;3518800;Vila Augusta;Sudeste;não;;10050.78;2361.56;4.3;9209.94;146.0;430;0.0;0.2767;False;True;
EXTREMO;351880005001304;Guarulhos;3518800;Vila Augusta;Sudeste;não;;10100.92;2361.56;4.3;9209.94;123.0;292;;0.2089;False;True;
EXTREMO;351880005001533;Guarulhos;3518800;Picanço;Sudeste;não;;10171.17;2361.56;4.3;9209.94;114.0;343;;0.2974;False;True;
EXTREMO;351880005001668;Guarulhos;3518800;Vila Augusta;Sudeste;não;;10205.88;2361.56;4.3;9209.94;87.0;258;0.0;0.2403;False;True;
EXTREMO;351880005001689;Guarulhos;3518800;Vila Galvão;Sudeste;não;;10255.89;2361.56;4.3;9209.94;45.0;122;0.0;0.1721;False;True;
EXTREMO;430460605000638;Canoas;4304606;Marechal Rondon;Sul;não;;12309.0;2840.43;4.3;10247.88;429.0;909;;0.1056;False;True;
EXTREMO;500270405060120;Campo Grande;5002704;Cruzeiro;Centro-Oeste;não;;11875.72;2744.05;4.3;10591.42;163.0;391;;0.1816;False;True;
EXTREMO;500270405060144;Campo Grande;5002704;Centro;Centro-Oeste;não;;11822.16;2744.05;4.3;10591.42;210.0;460;;0.2478;False;True;
EXTREMO;500270405070024;Campo Grande;5002704;Chácara Cachoeira;Centro-Oeste;não;;11789.38;2744.05;4.3;10591.42;231.0;629;0.0058;0.1558;False;True;
EXTREMO;130260305060114;Manaus;1302603;Centro;Norte;não;;7730.07;1852.55;4.2;6265.62;91.0;219;;0.5388;False;True;
EXTREMO;130260305070019;Manaus;1302603;Compensa;Norte;não;;7699.22;1852.55;4.2;6265.62;224.0;750;0.0;0.58;False;True;
EXTREMO;130260305090225;Manaus;1302603;Japiim;Norte;não;;7752.86;1852.55;4.2;6265.62;276.0;746;0.0069;0.6019;False;True;
EXTREMO;130260305110192;Manaus;1302603;Aleixo;Norte;não;;7738.36;1852.55;4.2;6265.62;239.0;753;0.0135;0.6242;False;True;
EXTREMO;130260305110315;Manaus;1302603;Chapada;Norte;não;;7722.69;1852.55;4.2;6265.62;218.0;562;;0.5036;False;True;
EXTREMO;130260305140505;Manaus;1302603;São José Operário;Norte;não;;7755.55;1852.55;4.2;6265.62;575.0;1559;0.0033;0.7004;False;True;
EXTREMO;150080005000734;Ananindeua;1500800;;Norte;não;;7460.73;1772.53;4.2;6318.54;125.0;370;;0.6243;False;True;
EXTREMO;260345405100043;Camaragibe;2603454;Aldeia dos Camarás;Nordeste;não;;6666.75;1595.08;4.2;4403.49;115.0;323;0.0578;0.5666;False;True;
EXTREMO;291080005110106;Feira de Santana;2910800;Sim;Nordeste;não;;7364.52;1753.99;4.2;6770.95;782.0;2246;0.0385;0.6932;False;True;
EXTREMO;330520805080073;São Pedro da Aldeia;3305208;Balneário São Pedro;Sudeste;não;;9708.0;2285.26;4.2;9607.69;26.0;72;;0.2778;False;True;
EXTREMO;350280405000602;Araçatuba;3502804;;Sudeste;não;;11819.45;2795.87;4.2;8365.39;122.0;310;;0.2032;False;True;
EXTREMO;351880005001311;Guarulhos;3518800;Vila Augusta;Sudeste;não;;9879.96;2361.56;4.2;9209.94;207.0;270;0.0;0.2889;False;True;
EXTREMO;351880005001508;Guarulhos;3518800;Picanço;Sudeste;não;;10028.27;2361.56;4.2;9209.94;197.0;503;;0.1392;False;True;
EXTREMO;351880005001644;Guarulhos;3518800;Centro;Sudeste;não;;9940.53;2361.56;4.2;9209.94;117.0;303;;0.1947;False;True;
EXTREMO;354520905000262;Salto;3545209;;Sudeste;não;;12903.86;3039.58;4.2;7442.96;230.0;690;0.0075;0.129;False;True;
EXTREMO;412550605000172;São José dos Pinhais;4125506;São Pedro;Sul;não;;12442.99;2945.26;4.2;8498.86;219.0;541;;0.1294;False;True;
EXTREMO;430460605000016;Canoas;4304606;Centro;Sul;não;;11965.55;2840.43;4.2;10247.88;204.0;515;0.0066;0.0369;False;True;
EXTREMO;500270405070007;Campo Grande;5002704;Autonomista;Centro-Oeste;não;;11470.8;2744.05;4.2;10591.42;171.0;473;0.0;0.2389;False;True;
EXTREMO;500270405070020;Campo Grande;5002704;Santa Fé;Centro-Oeste;não;;11552.12;2744.05;4.2;10591.42;165.0;419;;0.2601;False;True;
EXTREMO;500270405070113;Campo Grande;5002704;Chácara Cachoeira;Centro-Oeste;não;;11441.68;2744.05;4.2;10591.42;234.0;621;;0.2126;False;True;
EXTREMO;130260305100152;Manaus;1302603;São Lázaro;Norte;não;;7529.7;1852.55;4.1;6265.62;188.0;643;;0.633;False;True;
EXTREMO;130260305110208;Manaus;1302603;Flores;Norte;não;;7545.87;1852.55;4.1;6265.62;128.0;276;0.0;0.5;False;True;
EXTREMO;150080005000131;Ananindeua;1500800;;Norte;não;;7261.24;1772.53;4.1;6318.54;111.0;363;;0.5675;False;True;
EXTREMO;150080005000500;Ananindeua;1500800;;Norte;não;;7326.02;1772.53;4.1;6318.54;191.0;538;;0.6375;False;True;
EXTREMO;150080005000724;Ananindeua;1500800;;Norte;não;;7339.39;1772.53;4.1;6318.54;198.0;523;0.0;0.6463;False;True;
EXTREMO;211120110000056;São José de Ribamar;2111201;Parque Das Palmeiras;Nordeste;não;;6622.33;1633.45;4.1;6196.06;108.0;325;;0.5108;False;True;
EXTREMO;211120110000082;São José de Ribamar;2111201;Araçagy;Nordeste;não;;6649.13;1633.45;4.1;6196.06;106.0;299;0.0198;0.5719;False;True;
EXTREMO;211120110000392;São José de Ribamar;2111201;Miritiua;Nordeste;não;;6759.51;1633.45;4.1;6196.06;146.0;430;0.0;0.5837;False;True;
EXTREMO;291080005090045;Feira de Santana;2910800;Santa Mônica;Nordeste;não;;7212.97;1753.99;4.1;6770.95;208.0;612;0.02;0.5392;False;True;
EXTREMO;291080005090119;Feira de Santana;2910800;Capuchinhos;Nordeste;não;;7175.15;1753.99;4.1;6770.95;123.0;351;0.0247;0.5954;False;True;
EXTREMO;291080005110199;Feira de Santana;2910800;Registro;Nordeste;não;;7256.1;1753.99;4.1;6770.95;171.0;477;;0.7065;False;True;
EXTREMO;291080005110221;Feira de Santana;2910800;Registro;Nordeste;não;;7270.95;1753.99;4.1;6770.95;149.0;427;0.0091;0.6417;False;True;
EXTREMO;312230605000003;Divinópolis;3122306;;Sudeste;não;;9935.86;2407.86;4.1;7127.51;292.0;726;0.0094;0.168;False;True;
EXTREMO;330170205000005;Duque de Caxias;3301702;Centro;Sudeste;não;;7494.18;1832.16;4.1;4394.04;11.0;23;0.0;0.3913;False;True;
EXTREMO;330240305040037;Macaé;3302403;Glória;Sudeste;não;;10465.25;2538.99;4.1;10040.85;284.0;807;0.0076;0.2999;False;True;
EXTREMO;330240305040076;Macaé;3302403;Glória;Sudeste;não;;10408.27;2538.99;4.1;10040.85;206.0;561;0.0;0.3601;False;True;
EXTREMO;330240305040101;Macaé;3302403;Cavaleiros;Sudeste;não;;10516.41;2538.99;4.1;10040.85;173.0;421;;0.3183;False;True;
EXTREMO;330490410000620;São Gonçalo;3304904;Maria Paula;Sudeste;não;;7629.55;1853.3;4.1;4772.51;254.0;650;0.0;0.3677;False;True;
EXTREMO;351880005000995;Guarulhos;3518800;Centro;Sudeste;não;;9632.99;2361.56;4.1;9209.94;214.0;585;;0.1761;False;True;
EXTREMO;351880005001287;Guarulhos;3518800;Vila Augusta;Sudeste;não;;9623.28;2361.56;4.1;9209.94;135.0;350;0.0;0.2086;False;True;
EXTREMO;351880005001298;Guarulhos;3518800;Vila Augusta;Sudeste;não;;9725.56;2361.56;4.1;9209.94;97.0;290;0.0;0.231;False;True;
EXTREMO;500270405060059;Campo Grande;5002704;Cruzeiro;Centro-Oeste;não;;11363.34;2744.05;4.1;10591.42;112.0;287;0.0;0.2404;False;True;
EXTREMO;500270405060066;Campo Grande;5002704;Jardim dos Estados;Centro-Oeste;não;;11365.74;2744.05;4.1;10591.42;343.0;693;0.0;0.127;False;True;
EXTREMO;500270405070019;Campo Grande;5002704;Santa Fé;Centro-Oeste;não;;11329.08;2744.05;4.1;10591.42;206.0;460;;0.1696;False;True;
EXTREMO;500270405070026;Campo Grande;5002704;Chácara Cachoeira;Centro-Oeste;não;;11292.07;2744.05;4.1;10591.42;165.0;442;0.0163;0.1312;False;True;
EXTREMO;500270405070144;Campo Grande;5002704;Carandá;Centro-Oeste;não;;11123.73;2744.05;4.1;10591.42;159.0;429;;0.2145;False;True;
EXTREMO;520110805000513;Anápolis;5201108;;Centro-Oeste;não;;10478.76;2545.98;4.1;7466.73;345.0;921;;0.3616;False;True;
EXTREMO;130260305090222;Manaus;1302603;Japiim;Norte;não;;7423.94;1852.55;4.0;6265.62;163.0;476;;0.6429;False;True;
EXTREMO;130260305090278;Manaus;1302603;Raiz;Norte;não;;7417.04;1852.55;4.0;6265.62;145.0;392;;0.5383;False;True;
EXTREMO;130260305110031;Manaus;1302603;Parque 10 de Novembro;Norte;não;;7502.77;1852.55;4.0;6265.62;192.0;380;0.0;0.4842;False;True;
EXTREMO;130260305110197;Manaus;1302603;Chapada;Norte;não;;7358.35;1852.55;4.0;6265.62;267.0;668;0.0;0.4805;False;True;
EXTREMO;130260305110319;Manaus;1302603;Flores;Norte;não;;7317.65;1852.55;4.0;6265.62;323.0;689;0.0087;0.5385;False;True;
EXTREMO;130260305120812;Manaus;1302603;Santa Etelvina;Norte;não;;7443.33;1852.55;4.0;6265.62;30.0;96;0.0;0.6042;False;True;
EXTREMO;150080005000603;Ananindeua;1500800;;Norte;não;;7061.76;1772.53;4.0;6318.54;291.0;978;0.0172;0.6135;False;True;
EXTREMO;150080005000645;Ananindeua;1500800;;Norte;não;;7178.05;1772.53;4.0;6318.54;135.0;425;0.0264;0.6706;False;True;
EXTREMO;211120110000396;São José de Ribamar;2111201;Miritiua;Nordeste;não;;6521.43;1633.45;4.0;6196.06;24.0;69;0.0;0.7391;False;True;
EXTREMO;211120110000540;São José de Ribamar;2111201;Araçagy;Nordeste;não;;6539.02;1633.45;4.0;6196.06;73.0;221;;0.6335;False;True;
EXTREMO;291080005110085;Feira de Santana;2910800;Sim;Nordeste;não;;7098.72;1753.99;4.0;6770.95;185.0;593;;0.6796;False;True;
EXTREMO;312230605000196;Divinópolis;3122306;;Sudeste;não;;9674.91;2407.86;4.0;7127.51;11.0;32;0.0;0.2188;False;True;
EXTREMO;320120905000407;Cachoeiro de Itapemirim;3201209;Dr. Gilberto Machado;Sudeste;não;;9052.14;2288.77;4.0;6063.63;118.0;294;;0.2177;False;True;
EXTREMO;330240305040017;Macaé;3302403;Cavaleiros;Sudeste;não;;10069.07;2538.99;4.0;10040.85;154.0;361;;0.2521;False;True;
EXTREMO;330240305040107;Macaé;3302403;Glória;Sudeste;não;;10124.42;2538.99;4.0;10040.85;78.0;237;0.0166;0.3924;False;True;
EXTREMO;330350005100348;Nova Iguaçu;3303500;Centro;Sudeste;não;;7037.13;1773.89;4.0;4578.21;68.0;154;0.0;0.2468;False;True;
EXTREMO;350280405000007;Araçatuba;3502804;;Sudeste;não;;11075.64;2795.87;4.0;8365.39;188.0;418;0.0;0.0837;False;True;
EXTREMO;350280405000018;Araçatuba;3502804;;Sudeste;não;;11314.65;2795.87;4.0;8365.39;315.0;660;0.0;0.0879;False;True;
EXTREMO;351880005001192;Guarulhos;3518800;Centro;Sudeste;não;;9541.8;2361.56;4.0;9209.94;179.0;457;0.0129;0.1926;False;True;
EXTREMO;351880005001249;Guarulhos;3518800;Macedo;Sudeste;não;;9406.4;2361.56;4.0;9209.94;63.0;186;;0.2688;False;True;
EXTREMO;351880005001280;Guarulhos;3518800;Vila Augusta;Sudeste;não;;9462.78;2361.56;4.0;9209.94;210.0;530;;0.1981;False;True;
EXTREMO;351880005001286;Guarulhos;3518800;Vila Augusta;Sudeste;não;;9553.72;2361.56;4.0;9209.94;129.0;323;0.0;0.192;False;True;
EXTREMO;351880005001292;Guarulhos;3518800;Vila Augusta;Sudeste;não;;9464.57;2361.56;4.0;9209.94;144.0;381;0.0;0.2231;False;True;
EXTREMO;351880005001302;Guarulhos;3518800;Vila Augusta;Sudeste;não;;9481.96;2361.56;4.0;9209.94;123.0;324;0.0;0.2685;False;True;
EXTREMO;351880005001361;Guarulhos;3518800;Vila Galvão;Sudeste;não;;9489.58;2361.56;4.0;9209.94;146.0;423;;0.1891;False;True;
EXTREMO;351880005001637;Guarulhos;3518800;Paraventi;Sudeste;não;;9359.25;2361.56;4.0;9209.94;180.0;542;0.0;0.1734;False;True;
EXTREMO;351880005001638;Guarulhos;3518800;Paraventi;Sudeste;não;;9381.52;2361.56;4.0;9209.94;149.0;471;0.0082;0.1189;False;True;
EXTREMO;351880005001732;Guarulhos;3518800;Vila Augusta;Sudeste;não;;9485.55;2361.56;4.0;9209.94;85.0;249;0.0;0.2008;False;True;
EXTREMO;430460605000023;Canoas;4304606;Marechal Rondon;Sul;não;;11454.45;2840.43;4.0;10247.88;151.0;440;0.0078;0.0932;False;True;
EXTREMO;500270405060071;Campo Grande;5002704;Itanhangá;Centro-Oeste;não;;10878.04;2744.05;4.0;10591.42;263.0;716;0.0079;0.2528;False;True;
EXTREMO;500270405060097;Campo Grande;5002704;Centro;Centro-Oeste;não;;10964.11;2744.05;4.0;10591.42;213.0;466;;0.191;False;True;
EXTREMO;500270405060104;Campo Grande;5002704;São Bento;Centro-Oeste;não;;10967.79;2744.05;4.0;10591.42;165.0;428;;0.2313;False;True;
EXTREMO;500270405070118;Campo Grande;5002704;Carandá;Centro-Oeste;não;;10897.88;2744.05;4.0;10591.42;157.0;414;0.0207;0.2222;False;True;
EXTREMO;130260305070021;Manaus;1302603;São Jorge;Norte;não;;7144.82;1852.55;3.9;6265.62;181.0;553;0.0067;0.5986;False;True;
EXTREMO;130260305070220;Manaus;1302603;Compensa;Norte;não;;7305.89;1852.55;3.9;6265.62;246.0;668;0.0096;0.6302;False;True;
EXTREMO;130260305070244;Manaus;1302603;São Jorge;Norte;não;;7245.81;1852.55;3.9;6265.62;120.0;375;0.0095;0.568;False;True;
EXTREMO;130260305080279;Manaus;1302603;Nova Esperança;Norte;não;;7313.99;1852.55;3.9;6265.62;298.0;824;0.006;0.6286;False;True;
EXTREMO;130260305100002;Manaus;1302603;São Lázaro;Norte;não;;7207.95;1852.55;3.9;6265.62;283.0;920;;0.6065;False;True;
EXTREMO;130260305110020;Manaus;1302603;Parque 10 de Novembro;Norte;não;;7174.26;1852.55;3.9;6265.62;328.0;854;;0.5246;False;True;
EXTREMO;130260305110128;Manaus;1302603;Nossa Senhora das Graças;Norte;não;;7252.84;1852.55;3.9;6265.62;58.0;179;0.0;0.6425;False;True;
EXTREMO;130260305110217;Manaus;1302603;Flores;Norte;não;;7315.11;1852.55;3.9;6265.62;230.0;565;;0.6301;False;True;
EXTREMO;130260305110329;Manaus;1302603;Flores;Norte;não;;7238.89;1852.55;3.9;6265.62;351.0;1130;0.0045;0.5788;False;True;
EXTREMO;130260305110344;Manaus;1302603;Flores;Norte;não;;7291.77;1852.55;3.9;6265.62;235.0;654;0.008;0.5673;False;True;
EXTREMO;130260305110373;Manaus;1302603;Parque 10 de Novembro;Norte;não;;7176.92;1852.55;3.9;6265.62;319.0;1000;0.0049;0.533;False;True;
EXTREMO;150080005000432;Ananindeua;1500800;;Norte;não;;6989.07;1772.53;3.9;6318.54;71.0;231;;0.6017;False;True;
EXTREMO;150080005000504;Ananindeua;1500800;;Norte;não;;6982.2;1772.53;3.9;6318.54;251.0;683;0.0052;0.6105;False;True;
EXTREMO;150080005000540;Ananindeua;1500800;;Norte;não;;6835.58;1772.53;3.9;6318.54;396.0;1150;;0.6652;False;True;
EXTREMO;150080005000810;Ananindeua;1500800;;Norte;não;;6911.89;1772.53;3.9;6318.54;348.0;1130;0.0066;0.6283;False;True;
EXTREMO;211120110000225;São José de Ribamar;2111201;Araçagy;Nordeste;não;;6395.17;1633.45;3.9;6196.06;149.0;317;;0.6309;False;True;
EXTREMO;211120110000564;São José de Ribamar;2111201;Miritiua;Nordeste;não;;6409.62;1633.45;3.9;6196.06;50.0;152;0.0;0.5921;False;True;
EXTREMO;291080005080028;Feira de Santana;2910800;Centro;Nordeste;não;;6870.82;1753.99;3.9;6770.95;80.0;185;;0.5622;False;True;
EXTREMO;291080005080178;Feira de Santana;2910800;Muchila;Nordeste;não;;6903.04;1753.99;3.9;6770.95;184.0;524;;0.6221;False;True;
EXTREMO;291080005090040;Feira de Santana;2910800;Santa Mônica;Nordeste;não;;6891.46;1753.99;3.9;6770.95;257.0;704;0.0263;0.5085;False;True;
EXTREMO;291080005090134;Feira de Santana;2910800;Santa Mônica;Nordeste;não;;6778.24;1753.99;3.9;6770.95;296.0;769;0.0091;0.5683;False;True;
EXTREMO;330170205000042;Duque de Caxias;3301702;Vinte e Cinco de Agosto;Sudeste;não;;7074.57;1832.16;3.9;4394.04;195.0;526;;0.3536;False;True;
EXTREMO;330350005100375;Nova Iguaçu;3303500;da Luz;Sudeste;não;;6982.7;1773.89;3.9;4578.21;317.0;851;0.0071;0.4383;False;True;
EXTREMO;350280405000617;Araçatuba;3502804;;Sudeste;não;;10768.16;2795.87;3.9;8365.39;212.0;660;0.0;0.1591;False;True;
EXTREMO;351880005000035;Guarulhos;3518800;Maia;Sudeste;não;;9326.06;2361.56;3.9;9209.94;288.0;797;0.0144;0.1832;False;True;
EXTREMO;354520905000197;Salto;3545209;;Sudeste;não;;11831.75;3039.58;3.9;7442.96;232.0;698;;0.1261;False;True;
EXTREMO;430460605000488;Canoas;4304606;Marechal Rondon;Sul;não;;11060.65;2840.43;3.9;10247.88;259.0;746;0.0048;0.0764;False;True;
EXTREMO;500270405060012;Campo Grande;5002704;Centro;Centro-Oeste;não;;10663.35;2744.05;3.9;10591.42;166.0;368;0.0249;0.2038;False;True;
EXTREMO;500270405070029;Campo Grande;5002704;Chácara Cachoeira;Centro-Oeste;não;;10662.67;2744.05;3.9;10591.42;231.0;586;;0.2287;False;True;
EXTREMO;500270405070030;Campo Grande;5002704;Chácara Cachoeira;Centro-Oeste;não;;10776.7;2744.05;3.9;10591.42;222.0;614;;0.2427;False;True;
EXTREMO;500270405070102;Campo Grande;5002704;Carandá;Centro-Oeste;não;;10780.62;2744.05;3.9;10591.42;318.0;807;0.0044;0.2156;False;True;
EXTREMO;500270405070143;Campo Grande;5002704;Carandá;Centro-Oeste;não;;10657.36;2744.05;3.9;10591.42;154.0;432;0.0;0.2523;False;True;
EXTREMO;520110805000156;Anápolis;5201108;;Centro-Oeste;não;;9998.0;2545.98;3.9;7466.73;319.0;933;0.0038;0.3258;False;True;
EXTREMO;520110805000547;Anápolis;5201108;;Centro-Oeste;não;;9988.75;2545.98;3.9;7466.73;293.0;746;;0.3606;False;True;
EXTREMO;130260305080213;Manaus;1302603;Planalto;Norte;não;;6976.58;1852.55;3.8;6265.62;264.0;911;0.0082;0.6345;False;True;
EXTREMO;130260305080284;Manaus;1302603;Redenção;Norte;não;;6959.18;1852.55;3.8;6265.62;24.0;77;;0.4545;False;True;
EXTREMO;130260305090228;Manaus;1302603;Japiim;Norte;não;;6992.78;1852.55;3.8;6265.62;178.0;519;;0.6108;False;True;
EXTREMO;130260305090230;Manaus;1302603;Japiim;Norte;não;;7014.69;1852.55;3.8;6265.62;283.0;700;0.0;0.5929;False;True;
EXTREMO;130260305110075;Manaus;1302603;Flores;Norte;não;;6994.3;1852.55;3.8;6265.62;136.0;453;;0.6269;False;True;
EXTREMO;130260305110110;Manaus;1302603;Chapada;Norte;não;;7083.54;1852.55;3.8;6265.62;112.0;271;0.0;0.4908;False;True;
EXTREMO;130260305110126;Manaus;1302603;Nossa Senhora das Graças;Norte;não;;6956.5;1852.55;3.8;6265.62;199.0;593;0.0114;0.516;False;True;
EXTREMO;130260305110146;Manaus;1302603;Dom Pedro I;Norte;não;;6959.54;1852.55;3.8;6265.62;237.0;763;;0.6776;False;True;
EXTREMO;130260305110147;Manaus;1302603;Dom Pedro I;Norte;não;;7106.63;1852.55;3.8;6265.62;171.0;537;0.0084;0.4898;False;True;
EXTREMO;130260305110215;Manaus;1302603;Flores;Norte;não;;6984.49;1852.55;3.8;6265.62;145.0;333;0.0;0.6697;False;True;
EXTREMO;130260305110267;Manaus;1302603;Adrianópolis;Norte;não;;7122.56;1852.55;3.8;6265.62;254.0;628;0.0055;0.4809;False;True;
EXTREMO;130260305110321;Manaus;1302603;Parque 10 de Novembro;Norte;não;;6974.67;1852.55;3.8;6265.62;130.0;399;;0.5213;False;True;
EXTREMO;211120110000226;São José de Ribamar;2111201;Araçagy;Nordeste;não;;6266.82;1633.45;3.8;6196.06;189.0;452;0.0;0.5288;False;True;
EXTREMO;211120110000533;São José de Ribamar;2111201;Araçagy;Nordeste;não;;6229.43;1633.45;3.8;6196.06;81.0;210;;0.6667;False;True;
EXTREMO;260345405100013;Camaragibe;2603454;Aldeia dos Camarás;Nordeste;não;;6027.27;1595.08;3.8;4403.49;140.0;396;0.038;0.3763;False;True;
EXTREMO;330350005100055;Nova Iguaçu;3303500;Centro;Sudeste;não;;6682.42;1773.89;3.8;4578.21;172.0;422;;0.3341;False;True;
EXTREMO;330350005100323;Nova Iguaçu;3303500;Centro;Sudeste;não;;6796.16;1773.89;3.8;4578.21;229.0;618;0.0;0.3689;False;True;
EXTREMO;330490410000621;São Gonçalo;3304904;Maria Paula;Sudeste;não;;7077.75;1853.3;3.8;4772.51;165.0;467;;0.4454;False;True;
EXTREMO;350280405000611;Araçatuba;3502804;;Sudeste;não;;10559.8;2795.87;3.8;8365.39;103.0;239;0.0;0.0921;False;True;
EXTREMO;430460605000604;Canoas;4304606;Marechal Rondon;Sul;não;;10875.6;2840.43;3.8;10247.88;61.0;178;;0.1573;False;True;
EXTREMO;520110805000153;Anápolis;5201108;;Centro-Oeste;não;;9559.35;2545.98;3.8;7466.73;408.0;1259;0.0109;0.3304;False;True;
EXTREMO;520110805000615;Anápolis;5201108;;Centro-Oeste;não;;9609.54;2545.98;3.8;7466.73;192.0;537;;0.352;False;True;
EXTREMO;130260305090223;Manaus;1302603;Japiim;Norte;não;;6800.94;1852.55;3.7;6265.62;263.0;642;;0.6371;False;True;
EXTREMO;130260305110183;Manaus;1302603;Parque 10 de Novembro;Norte;não;;6943.78;1852.55;3.7;6265.62;78.0;205;0.0;0.6146;False;True;
EXTREMO;130260305110209;Manaus;1302603;Flores;Norte;não;;6875.52;1852.55;3.7;6265.62;215.0;478;0.0;0.5105;False;True;
EXTREMO;130260305110378;Manaus;1302603;Chapada;Norte;não;;6804.07;1852.55;3.7;6265.62;166.0;391;0.0262;0.5703;False;True;
EXTREMO;130260305120789;Manaus;1302603;Colônia Terra Nova;Norte;não;;6866.17;1852.55;3.7;6265.62;278.0;824;;0.6092;False;True;
EXTREMO;130260305130083;Manaus;1302603;Ponta Negra;Norte;não;;6828.64;1852.55;3.7;6265.62;70.0;211;;0.5877;False;True;
EXTREMO;130260305140508;Manaus;1302603;São José Operário;Norte;não;;6940.84;1852.55;3.7;6265.62;152.0;516;0.0118;0.6841;False;True;
EXTREMO;150080005000484;Ananindeua;1500800;;Norte;não;;6573.63;1772.53;3.7;6318.54;309.0;1081;0.0127;0.6337;False;True;
EXTREMO;150080005000531;Ananindeua;1500800;;Norte;não;;6555.89;1772.53;3.7;6318.54;248.0;683;0.0052;0.6633;False;True;
EXTREMO;150080005000533;Ananindeua;1500800;;Norte;não;;6555.92;1772.53;3.7;6318.54;214.0;580;;0.6414;False;True;
EXTREMO;270470805000090;Marechal Deodoro;2704708;;Nordeste;não;;7172.36;1963.78;3.7;7087.91;133.0;337;0.0;0.5252;False;True;
EXTREMO;330350005100047;Nova Iguaçu;3303500;Centro;Sudeste;não;;6486.77;1773.89;3.7;4578.21;188.0;496;;0.375;False;True;
EXTREMO;330350005100054;Nova Iguaçu;3303500;Centro;Sudeste;não;;6613.83;1773.89;3.7;4578.21;49.0;127;0.0;0.3307;False;True;
EXTREMO;330350005100330;Nova Iguaçu;3303500;Rancho Novo;Sudeste;não;;6509.61;1773.89;3.7;4578.21;262.0;656;;0.343;False;True;
EXTREMO;330490410000302;São Gonçalo;3304904;Maria Paula;Sudeste;não;;6820.64;1853.3;3.7;4772.51;231.0;615;0.0;0.3268;False;True;
EXTREMO;350280405000365;Araçatuba;3502804;;Sudeste;não;;10479.75;2795.87;3.7;8365.39;166.0;459;;0.2658;False;True;
EXTREMO;350280405000619;Araçatuba;3502804;;Sudeste;não;;10468.58;2795.87;3.7;8365.39;190.0;438;;0.1233;False;True;
EXTREMO;411850105000231;Pato Branco;4118501;Parzianello;Sul;não;;12668.45;3466.51;3.7;12618.66;180.0;496;0.0099;0.1169;False;True;
EXTREMO;430460605000076;Canoas;4304606;Marechal Rondon;Sul;não;;10618.7;2840.43;3.7;10247.88;1353.0;3122;0.0031;0.0887;False;True;
EXTREMO;130260305080161;Manaus;1302603;Da Paz;Norte;não;;6626.95;1852.55;3.6;6265.62;158.0;501;0.0112;0.5349;False;True;
EXTREMO;130260305110162;Manaus;1302603;Parque 10 de Novembro;Norte;não;;6713.42;1852.55;3.6;6265.62;249.0;722;0.0051;0.6662;False;True;
EXTREMO;130260305130101;Manaus;1302603;Tarumã-Açu;Norte;não;;6645.92;1852.55;3.6;6265.62;253.0;669;0.0056;0.6323;False;True;
EXTREMO;130260305130145;Manaus;1302603;Ponta Negra;Norte;não;;6600.79;1852.55;3.6;6265.62;71.0;249;0.0;0.5261;False;True;
EXTREMO;150080005000532;Ananindeua;1500800;;Norte;não;;6362.68;1772.53;3.6;6318.54;258.0;713;;0.6662;False;True;
EXTREMO;150080005000669;Ananindeua;1500800;;Norte;não;;6417.08;1772.53;3.6;6318.54;155.0;497;;0.6097;False;True;
EXTREMO;291640105000136;Itapetinga;2916401;;Nordeste;não;;5211.06;1445.72;3.6;4163.84;106.0;286;0.0;0.6049;False;True;
EXTREMO;312230605000008;Divinópolis;3122306;;Sudeste;não;;8568.76;2407.86;3.6;7127.51;256.0;579;0.0;0.2332;False;True;
EXTREMO;312230605000023;Divinópolis;3122306;;Sudeste;não;;8626.57;2407.86;3.6;7127.51;147.0;338;;0.216;False;True;
EXTREMO;312230605000035;Divinópolis;3122306;;Sudeste;não;;8773.94;2407.86;3.6;7127.51;198.0;537;;0.1732;False;True;
EXTREMO;330350005100331;Nova Iguaçu;3303500;Rancho Novo;Sudeste;não;;6425.67;1773.89;3.6;4578.21;318.0;773;0.0;0.4787;False;True;
EXTREMO;330350005100351;Nova Iguaçu;3303500;Centro;Sudeste;não;;6336.35;1773.89;3.6;4578.21;126.0;335;0.0178;0.5552;False;True;
EXTREMO;330490405000656;São Gonçalo;3304904;Pedro Alcântara;Sudeste;não;;6671.98;1853.3;3.6;4772.51;324.0;871;0.0041;0.3927;False;True;
EXTREMO;330490410000372;São Gonçalo;3304904;Arsenal;Sudeste;não;;6733.52;1853.3;3.6;4772.51;240.0;724;0.0;0.4144;False;True;
EXTREMO;330490425000151;São Gonçalo;3304904;Pita II;Sudeste;não;;6741.68;1853.3;3.6;4772.51;27.0;63;0.0;0.3333;False;True;
EXTREMO;350280405000026;Araçatuba;3502804;;Sudeste;não;;10006.03;2795.87;3.6;8365.39;158.0;329;0.0;0.0851;False;True;
EXTREMO;520110805000158;Anápolis;5201108;;Centro-Oeste;não;;9069.33;2545.98;3.6;7466.73;152.0;341;;0.3695;False;True;
EXTREMO;520110805000522;Anápolis;5201108;;Centro-Oeste;não;;9198.9;2545.98;3.6;7466.73;221.0;585;;0.2188;False;True;
EXTREMO;130260305080009;Manaus;1302603;Planalto;Norte;não;;6546.77;1852.55;3.5;6265.62;242.0;775;0.0107;0.5626;False;True;
EXTREMO;130260305080040;Manaus;1302603;Planalto;Norte;não;;6510.57;1852.55;3.5;6265.62;291.0;923;0.0039;0.636;False;True;
EXTREMO;130260305090229;Manaus;1302603;Japiim;Norte;não;;6497.22;1852.55;3.5;6265.62;269.0;680;0.0;0.6441;False;True;
EXTREMO;130260305110016;Manaus;1302603;Parque 10 de Novembro;Norte;não;;6519.37;1852.55;3.5;6265.62;248.0;645;;0.5364;False;True;
EXTREMO;130260305110068;Manaus;1302603;Flores;Norte;não;;6394.95;1852.55;3.5;6265.62;220.0;646;0.0134;0.596;False;True;
EXTREMO;130260305110119;Manaus;1302603;Dom Pedro I;Norte;não;;6535.47;1852.55;3.5;6265.62;144.0;401;;0.4863;False;True;
EXTREMO;130260305110141;Manaus;1302603;Chapada;Norte;não;;6530.76;1852.55;3.5;6265.62;185.0;450;0.0076;0.4556;False;True;
EXTREMO;130260305110243;Manaus;1302603;Novo Aleixo;Norte;não;;6558.56;1852.55;3.5;6265.62;124.0;429;0.0;0.634;False;True;
EXTREMO;130260305110255;Manaus;1302603;Dom Pedro I;Norte;não;;6511.06;1852.55;3.5;6265.62;223.0;650;;0.5769;False;True;
EXTREMO;130260305110266;Manaus;1302603;Aleixo;Norte;não;;6457.87;1852.55;3.5;6265.62;131.0;369;;0.6152;False;True;
EXTREMO;130260305120581;Manaus;1302603;Colônia Santo Antônio;Norte;não;;6559.77;1852.55;3.5;6265.62;232.0;685;;0.6336;False;True;
EXTREMO;320120905000058;Cachoeiro de Itapemirim;3201209;Guandú;Sudeste;não;;7962.42;2288.77;3.5;6063.63;167.0;444;;0.2455;False;True;
EXTREMO;330350005100008;Nova Iguaçu;3303500;Caonze;Sudeste;não;;6227.52;1773.89;3.5;4578.21;191.0;395;;0.319;False;True;
EXTREMO;330350005100011;Nova Iguaçu;3303500;Centro;Sudeste;não;;6255.16;1773.89;3.5;4578.21;159.0;381;;0.3648;False;True;
EXTREMO;330350005170006;Nova Iguaçu;3303500;Paraíso;Sudeste;não;;6159.58;1773.89;3.5;4578.21;42.0;119;;0.3193;False;True;
EXTREMO;330490405000655;São Gonçalo;3304904;Pedro Alcântara;Sudeste;não;;6501.36;1853.3;3.5;4772.51;328.0;833;0.0178;0.3962;False;True;
EXTREMO;330490405000683;São Gonçalo;3304904;Centro;Sudeste;não;;6503.43;1853.3;3.5;4772.51;254.0;683;0.0;0.3397;False;True;
EXTREMO;330490420000439;São Gonçalo;3304904;Parada Quarenta;Sudeste;não;;6555.4;1853.3;3.5;4772.51;213.0;523;0.0087;0.4302;False;True;
EXTREMO;350280405000020;Araçatuba;3502804;;Sudeste;não;;9705.6;2795.87;3.5;8365.39;117.0;244;;0.0615;False;True;
EXTREMO;350280405000372;Araçatuba;3502804;;Sudeste;não;;9849.06;2795.87;3.5;8365.39;54.0;179;0.0;0.1173;False;True;
EXTREMO;520860805000018;Goianésia;5208608;;Centro-Oeste;não;;8160.15;2323.24;3.5;7625.59;275.0;736;0.0221;0.4375;False;True;
EXTREMO;130260305090149;Manaus;1302603;Coroado;Norte;não;;6378.61;1852.55;3.4;6265.62;122.0;364;;0.5247;False;True;
EXTREMO;130260305110216;Manaus;1302603;Flores;Norte;não;;6346.3;1852.55;3.4;6265.62;45.0;150;0.0;0.5067;False;True;
EXTREMO;130260305120625;Manaus;1302603;Colônia Terra Nova;Norte;não;;6375.68;1852.55;3.4;6265.62;600.0;1770;0.0066;0.709;False;True;
EXTREMO;130260305130105;Manaus;1302603;Tarumã;Norte;não;;6291.87;1852.55;3.4;6265.62;212.0;613;0.0;0.7292;False;True;
EXTREMO;130260305130106;Manaus;1302603;Tarumã;Norte;não;;6274.0;1852.55;3.4;6265.62;224.0;638;0.0;0.768;False;True;
EXTREMO;291640105000008;Itapetinga;2916401;;Nordeste;não;;4959.3;1445.72;3.4;4163.84;178.0;479;0.0122;0.5574;False;True;
EXTREMO;312230605000529;Divinópolis;3122306;;Sudeste;não;;8306.93;2407.86;3.4;7127.51;167.0;481;0.008;0.341;False;True;
EXTREMO;320120905000258;Cachoeiro de Itapemirim;3201209;Dr. Gilberto Machado;Sudeste;não;;7702.08;2288.77;3.4;6063.63;322.0;842;0.0;0.2969;False;True;
EXTREMO;330170205000003;Duque de Caxias;3301702;Centro;Sudeste;não;;6151.73;1832.16;3.4;4394.04;92.0;210;0.0;0.3667;False;True;
EXTREMO;330170205000788;Duque de Caxias;3301702;Vinte e Cinco de Agosto;Sudeste;não;;6202.99;1832.16;3.4;4394.04;67.0;181;;0.4144;False;True;
EXTREMO;330350005100324;Nova Iguaçu;3303500;Centro;Sudeste;não;;6004.94;1773.89;3.4;4578.21;113.0;276;0.0251;0.3587;False;True;
EXTREMO;330490405000027;São Gonçalo;3304904;Vila Yara;Sudeste;não;;6350.97;1853.3;3.4;4772.51;219.0;545;;0.5523;False;True;
EXTREMO;350280405000005;Araçatuba;3502804;;Sudeste;não;;9613.95;2795.87;3.4;8365.39;84.0;161;;0.0932;False;True;
EXTREMO;350280405000134;Araçatuba;3502804;;Sudeste;não;;9574.71;2795.87;3.4;8365.39;173.0;402;;0.1592;False;True;
EXTREMO;350280405000345;Araçatuba;3502804;;Sudeste;não;;9480.0;2795.87;3.4;8365.39;10.0;30;0.0;0.2333;False;True;
EXTREMO;412550605000269;São José dos Pinhais;4125506;Dom Rodrigo;Sul;não;;9886.26;2945.26;3.4;8498.86;27.0;78;;0.2051;False;True;
EXTREMO;260345405100040;Camaragibe;2603454;Aldeia dos Camarás;Nordeste;não;;5325.31;1595.08;3.3;4403.49;178.0;497;0.0495;0.5372;False;True;
EXTREMO;312230605000208;Divinópolis;3122306;;Sudeste;não;;7831.97;2407.86;3.3;7127.51;224.0;529;0.0063;0.259;False;True;
EXTREMO;312230605000396;Divinópolis;3122306;;Sudeste;não;;7828.94;2407.86;3.3;7127.51;142.0;421;;0.1829;False;True;
EXTREMO;330170205000053;Duque de Caxias;3301702;Vinte e Cinco de Agosto;Sudeste;não;;5989.21;1832.16;3.3;4394.04;64.0;146;;0.3014;False;True;
EXTREMO;330170205000594;Duque de Caxias;3301702;Vinte e Cinco de Agosto;Sudeste;não;;5995.51;1832.16;3.3;4394.04;89.0;221;;0.3077;False;True;
EXTREMO;330170205000787;Duque de Caxias;3301702;Vinte e Cinco de Agosto;Sudeste;não;;6109.21;1832.16;3.3;4394.04;73.0;194;0.0235;0.4021;False;True;
EXTREMO;330170210000526;Duque de Caxias;3301702;Jardim Primavera;Sudeste;não;;6092.62;1832.16;3.3;4394.04;126.0;347;;0.5043;False;True;
EXTREMO;330350005100310;Nova Iguaçu;3303500;da Luz;Sudeste;não;;5934.42;1773.89;3.3;4578.21;259.0;696;0.0069;0.4296;False;True;
EXTREMO;350280405000001;Araçatuba;3502804;;Sudeste;não;;9246.63;2795.87;3.3;8365.39;105.0;208;;0.1298;False;True;
EXTREMO;350280405000061;Araçatuba;3502804;;Sudeste;não;;9170.13;2795.87;3.3;8365.39;233.0;566;0.0;0.1007;False;True;
EXTREMO;350280405000070;Araçatuba;3502804;;Sudeste;não;;9119.11;2795.87;3.3;8365.39;229.0;512;;0.1211;False;True;
EXTREMO;350280405000523;Araçatuba;3502804;;Sudeste;não;;9091.07;2795.87;3.3;8365.39;140.0;386;0.0;0.1321;False;True;
EXTREMO;350280405000615;Araçatuba;3502804;;Sudeste;não;;9317.32;2795.87;3.3;8365.39;161.0;492;0.0;0.122;False;True;
EXTREMO;520110805000192;Anápolis;5201108;;Centro-Oeste;não;;8515.83;2545.98;3.3;7466.73;264.0;858;0.0286;0.296;False;True;
EXTREMO;520110805000514;Anápolis;5201108;;Centro-Oeste;não;;8457.3;2545.98;3.3;7466.73;127.0;336;0.0185;0.3393;False;True;
EXTREMO;291640105000078;Itapetinga;2916401;;Nordeste;não;;4560.43;1445.72;3.2;4163.84;165.0;405;0.0142;0.6321;False;True;
EXTREMO;291640105000079;Itapetinga;2916401;;Nordeste;não;;4599.42;1445.72;3.2;4163.84;275.0;698;0.0267;0.5401;False;True;
EXTREMO;311230705000049;Capelinha;3112307;;Sudeste;não;;5923.03;1838.62;3.2;5461.35;283.0;776;0.0124;0.5438;False;True;
EXTREMO;312230605000002;Divinópolis;3122306;;Sudeste;não;;7664.12;2407.86;3.2;7127.51;236.0;591;0.0075;0.2064;False;True;
EXTREMO;312230605000007;Divinópolis;3122306;;Sudeste;não;;7729.31;2407.86;3.2;7127.51;311.0;835;;0.2024;False;True;
EXTREMO;312230605000011;Divinópolis;3122306;;Sudeste;não;;7767.67;2407.86;3.2;7127.51;208.0;496;0.0089;0.256;False;True;
EXTREMO;312230605000012;Divinópolis;3122306;;Sudeste;não;;7644.32;2407.86;3.2;7127.51;161.0;340;0.0;0.2235;False;True;
EXTREMO;312230605000448;Divinópolis;3122306;;Sudeste;não;;7791.2;2407.86;3.2;7127.51;10.0;23;0.0;0.5217;False;True;
EXTREMO;330350005100019;Nova Iguaçu;3303500;da Luz;Sudeste;não;;5660.43;1773.89;3.2;4578.21;180.0;530;;0.6075;False;True;
EXTREMO;330350005120209;Nova Iguaçu;3303500;Jardim Alvorada;Sudeste;não;;5618.76;1773.89;3.2;4578.21;227.0;459;0.0;0.5272;False;True;
EXTREMO;330490425000178;São Gonçalo;3304904;Maria Paula II;Sudeste;não;;5871.33;1853.3;3.2;4772.51;185.0;446;;0.3341;False;True;
EXTREMO;330490425000216;São Gonçalo;3304904;Maria Paula II;Sudeste;não;;5838.19;1853.3;3.2;4772.51;152.0;382;;0.3613;False;True;
EXTREMO;350280405000380;Araçatuba;3502804;;Sudeste;não;;9017.91;2795.87;3.2;8365.39;146.0;349;;0.0831;False;True;
EXTREMO;351750505000018;Guapiaçu;3517505;;Sudeste;não;;8300.35;2589.16;3.2;5894.61;151.0;396;0.0137;0.1187;False;True;
EXTREMO;352940105000955;Mauá;3529401;RP1 (Regiões de Planejamento);Sudeste;não;;7638.36;2372.54;3.2;5747.12;159.0;426;0.0201;0.1784;False;True;
EXTREMO;510300705000050;Chapada dos Guimarães;5103007;;Centro-Oeste;não;;10351.08;3219.84;3.2;9734.23;48.0;135;;0.5852;False;True;
EXTREMO;520110805000154;Anápolis;5201108;;Centro-Oeste;não;;8203.13;2545.98;3.2;7466.73;306.0;964;0.0121;0.3143;False;True;
EXTREMO;520110805000381;Anápolis;5201108;;Centro-Oeste;não;;8221.48;2545.98;3.2;7466.73;140.0;462;;0.3377;False;True;
EXTREMO;260345405070073;Camaragibe;2603454;Alberto Maia;Nordeste;não;;4876.63;1595.08;3.1;4403.49;213.0;505;0.0124;0.602;False;True;
EXTREMO;312230605000219;Divinópolis;3122306;;Sudeste;não;;7351.91;2407.86;3.1;7127.51;353.0;829;0.0072;0.2847;False;True;
EXTREMO;320120905000045;Cachoeiro de Itapemirim;3201209;Dr. Gilberto Machado;Sudeste;não;;6988.87;2288.77;3.1;6063.63;108.0;233;0.0;0.2232;False;True;
EXTREMO;330350005100010;Nova Iguaçu;3303500;Centro;Sudeste;não;;5428.63;1773.89;3.1;4578.21;194.0;451;;0.3548;False;True;
EXTREMO;330350005100340;Nova Iguaçu;3303500;Caonze;Sudeste;não;;5516.32;1773.89;3.1;4578.21;208.0;470;0.0;0.4553;False;True;
EXTREMO;330490410000407;São Gonçalo;3304904;Várzea das Moças;Sudeste;não;;5792.45;1853.3;3.1;4772.51;183.0;414;;0.3285;False;True;
EXTREMO;330490410000470;São Gonçalo;3304904;Arrastão;Sudeste;não;;5782.24;1853.3;3.1;4772.51;335.0;845;;0.4852;False;True;
EXTREMO;330490420000378;São Gonçalo;3304904;Neves;Sudeste;não;;5655.84;1853.3;3.1;4772.51;278.0;694;;0.4625;False;True;
EXTREMO;330490425000059;São Gonçalo;3304904;Pita II;Sudeste;não;;5750.01;1853.3;3.1;4772.51;205.0;542;0.0;0.4114;False;True;
EXTREMO;520110805000085;Anápolis;5201108;;Centro-Oeste;não;;7900.17;2545.98;3.1;7466.73;131.0;307;;0.3225;False;True;
EXTREMO;520110805000527;Anápolis;5201108;;Centro-Oeste;não;;7818.44;2545.98;3.1;7466.73;351.0;736;;0.3655;False;True;
EXTREMO;291640105000001;Itapetinga;2916401;;Nordeste;não;;4288.81;1445.72;3.0;4163.84;137.0;289;0.0267;0.5813;False;True;
EXTREMO;320120905000001;Cachoeiro de Itapemirim;3201209;Centro;Sudeste;não;;6942.77;2288.77;3.0;6063.63;206.0;465;0.012;0.2581;False;True;
EXTREMO;330170205000458;Duque de Caxias;3301702;Vinte e Cinco de Agosto;Sudeste;não;;5506.78;1832.16;3.0;4394.04;131.0;371;0.0167;0.6739;False;True;
EXTREMO;330170205000737;Duque de Caxias;3301702;Vinte e Cinco de Agosto;Sudeste;não;;5411.77;1832.16;3.0;4394.04;182.0;434;0.0164;0.4055;False;True;
EXTREMO;330170205000801;Duque de Caxias;3301702;Bar dos Cavalheiros;Sudeste;não;;5522.6;1832.16;3.0;4394.04;166.0;438;;0.5776;False;True;
EXTREMO;330170205000828;Duque de Caxias;3301702;Vinte e Cinco de Agosto;Sudeste;não;;5416.88;1832.16;3.0;4394.04;93.0;258;0.0128;0.3527;False;True;
EXTREMO;330170205000847;Duque de Caxias;3301702;Bar dos Cavalheiros;Sudeste;não;;5532.8;1832.16;3.0;4394.04;163.0;450;;0.5689;False;True;
EXTREMO;330170215000403;Duque de Caxias;3301702;Santa Cruz da Serra;Sudeste;não;;5502.69;1832.16;3.0;4394.04;38.0;99;0.0;0.4343;False;True;
EXTREMO;330350005100053;Nova Iguaçu;3303500;Caonze;Sudeste;não;;5293.22;1773.89;3.0;4578.21;150.0;369;0.0;0.4011;False;True;
EXTREMO;330350005100224;Nova Iguaçu;3303500;Caonze;Sudeste;não;;5325.31;1773.89;3.0;4578.21;181.0;408;0.0084;0.3456;False;True;
EXTREMO;330490410000449;São Gonçalo;3304904;Arsenal;Sudeste;não;;5490.96;1853.3;3.0;4772.51;149.0;435;0.0;0.4759;False;True;
EXTREMO;330490420000414;São Gonçalo;3304904;Parada Quarenta;Sudeste;não;;5636.47;1853.3;3.0;4772.51;199.0;496;;0.3528;False;True;
EXTREMO;350280405000015;Araçatuba;3502804;;Sudeste;não;;8429.8;2795.87;3.0;8365.39;145.0;320;0.0;0.1531;False;True;
EXTREMO;350280405000385;Araçatuba;3502804;;Sudeste;não;;8424.17;2795.87;3.0;8365.39;177.0;415;0.011;0.2217;False;True;
EXTREMO;354520905000176;Salto;3545209;;Sudeste;não;;9056.69;3039.58;3.0;7442.96;269.0;799;0.0048;0.0951;False;True;
EXTREMO;412550605000469;São José dos Pinhais;4125506;São Domingos;Sul;não;;8899.93;2945.26;3.0;8498.86;153.0;448;;0.0893;False;True;
EXTREMO;520110805000306;Anápolis;5201108;;Centro-Oeste;não;;7564.46;2545.98;3.0;7466.73;307.0;808;0.0151;0.4307;False;True;
EXTREMO;330170205000736;Duque de Caxias;3301702;Vinte e Cinco de Agosto;Sudeste;não;;5351.56;1832.16;2.9;4394.04;62.0;153;0.0;0.4052;False;True;
EXTREMO;330170205000813;Duque de Caxias;3301702;Bar dos Cavalheiros;Sudeste;não;;5265.38;1832.16;2.9;4394.04;79.0;235;0.0256;0.4596;False;True;
EXTREMO;330170205000848;Duque de Caxias;3301702;Bar dos Cavalheiros;Sudeste;não;;5403.19;1832.16;2.9;4394.04;166.0;433;;0.4619;False;True;
EXTREMO;330350005100127;Nova Iguaçu;3303500;da Luz;Sudeste;não;;5183.31;1773.89;2.9;4578.21;159.0;441;;0.5374;False;True;
EXTREMO;330350005100329;Nova Iguaçu;3303500;Rancho Novo;Sudeste;não;;5144.76;1773.89;2.9;4578.21;264.0;663;;0.5309;False;True;
EXTREMO;330350005100343;Nova Iguaçu;3303500;Centro;Sudeste;não;;5160.35;1773.89;2.9;4578.21;80.0;178;0.0;0.236;False;True;
EXTREMO;330350005120064;Nova Iguaçu;3303500;Jardim Alvorada;Sudeste;não;;5151.0;1773.89;2.9;4578.21;142.0;417;0.0085;0.5875;False;True;
EXTREMO;330490405000928;São Gonçalo;3304904;Pedro Alcântara;Sudeste;não;;5347.83;1853.3;2.9;4772.51;23.0;55;;0.4727;False;True;
EXTREMO;330490405000945;São Gonçalo;3304904;Centro;Sudeste;não;;5386.24;1853.3;2.9;4772.51;121.0;324;0.0;0.4784;False;True;
EXTREMO;330490420000391;São Gonçalo;3304904;Neves;Sudeste;não;;5404.56;1853.3;2.9;4772.51;137.0;333;;0.4655;False;True;
EXTREMO;352940105000519;Mauá;3529401;RP1 (Regiões de Planejamento);Sudeste;não;;6899.49;2372.54;2.9;5747.12;102.0;281;0.0259;0.306;False;True;
EXTREMO;412550605000174;São José dos Pinhais;4125506;São Pedro;Sul;não;;8681.12;2945.26;2.9;8498.86;236.0;641;0.0059;0.1248;False;True;
EXTREMO;520110805000005;Anápolis;5201108;;Centro-Oeste;não;;7508.43;2545.98;2.9;7466.73;108.0;242;0.0136;0.3636;False;True;
EXTREMO;260345405070072;Camaragibe;2603454;Alberto Maia;Nordeste;não;;4413.99;1595.08;2.8;4403.49;167.0;427;;0.6464;False;True;
EXTREMO;330170205000568;Duque de Caxias;3301702;Centro;Sudeste;não;;5196.51;1832.16;2.8;4394.04;69.0;160;;0.4125;False;True;
EXTREMO;330170205000795;Duque de Caxias;3301702;Vinte e Cinco de Agosto;Sudeste;não;;5095.58;1832.16;2.8;4394.04;84.0;217;0.0;0.3318;False;True;
EXTREMO;330350005100135;Nova Iguaçu;3303500;da Luz;Sudeste;não;;4937.72;1773.89;2.8;4578.21;236.0;655;0.0266;0.4519;False;True;
EXTREMO;330350005120212;Nova Iguaçu;3303500;Jardim Alvorada;Sudeste;não;;4879.43;1773.89;2.8;4578.21;146.0;356;;0.632;False;True;
EXTREMO;330490405000325;São Gonçalo;3304904;Pedro Alcântara;Sudeste;não;;5202.92;1853.3;2.8;4772.51;252.0;556;0.0119;0.4514;False;True;
EXTREMO;330490405000343;São Gonçalo;3304904;Mutondo;Sudeste;não;;5187.01;1853.3;2.8;4772.51;224.0;510;0.0135;0.3961;False;True;
EXTREMO;330490405000941;São Gonçalo;3304904;Estrela do Norte;Sudeste;não;;5132.72;1853.3;2.8;4772.51;82.0;181;0.0;0.5193;False;True;
EXTREMO;330490425000200;São Gonçalo;3304904;Maria Paula II;Sudeste;não;;5263.12;1853.3;2.8;4772.51;178.0;436;0.0;0.3853;False;True;
EXTREMO;320120905000003;Cachoeiro de Itapemirim;3201209;Centro;Sudeste;não;;6214.0;2288.77;2.7;6063.63;111.0;257;;0.2296;False;True;
EXTREMO;330170205000022;Duque de Caxias;3301702;Centro;Sudeste;não;;4888.78;1832.16;2.7;4394.04;89.0;174;0.0186;0.3793;False;True;
EXTREMO;330170205000481;Duque de Caxias;3301702;Vinte e Cinco de Agosto;Sudeste;não;;4959.84;1832.16;2.7;4394.04;258.0;673;0.0104;0.3848;False;True;
EXTREMO;330170205000573;Duque de Caxias;3301702;Centro;Sudeste;não;;4926.78;1832.16;2.7;4394.04;51.0;121;;0.4628;False;True;
EXTREMO;330170205000789;Duque de Caxias;3301702;Vinte e Cinco de Agosto;Sudeste;não;;4882.22;1832.16;2.7;4394.04;48.0;128;0.0;0.2969;False;True;
EXTREMO;330170210000503;Duque de Caxias;3301702;Jardim Primavera;Sudeste;não;;4885.57;1832.16;2.7;4394.04;168.0;438;0.0;0.5571;False;True;
EXTREMO;330350005100062;Nova Iguaçu;3303500;da Luz;Sudeste;não;;4842.83;1773.89;2.7;4578.21;173.0;444;;0.4212;False;True;
EXTREMO;330350005100249;Nova Iguaçu;3303500;Centro;Sudeste;não;;4873.29;1773.89;2.7;4578.21;114.0;261;;0.3946;False;True;
EXTREMO;330350005100305;Nova Iguaçu;3303500;Centro;Sudeste;não;;4806.18;1773.89;2.7;4578.21;109.0;255;0.0175;0.4235;False;True;
EXTREMO;330490405000048;São Gonçalo;3304904;Estrela do Norte;Sudeste;não;;4940.69;1853.3;2.7;4772.51;116.0;274;0.0;0.4526;False;True;
EXTREMO;330490405000333;São Gonçalo;3304904;Pedro Alcântara;Sudeste;não;;5036.27;1853.3;2.7;4772.51;263.0;640;0.0214;0.5312;False;True;
EXTREMO;330490405000335;São Gonçalo;3304904;Pedro Alcântara;Sudeste;não;;4917.9;1853.3;2.7;4772.51;96.0;254;;0.5315;False;True;
EXTREMO;330490405000722;São Gonçalo;3304904;Colubandê;Sudeste;não;;5014.91;1853.3;2.7;4772.51;182.0;397;0.0148;0.4156;False;True;
EXTREMO;352940105000462;Mauá;3529401;RP3 (Regiões de Planejamento);Sudeste;não;;6522.22;2372.54;2.7;5747.12;167.0;487;0.008;0.3326;False;True;
EXTREMO;352940105000527;Mauá;3529401;RP4 (Regiões de Planejamento);Sudeste;não;;6323.31;2372.54;2.7;5747.12;233.0;600;;0.2;False;True;
EXTREMO;352940105000680;Mauá;3529401;RP1 (Regiões de Planejamento);Sudeste;não;;6407.76;2372.54;2.7;5747.12;183.0;493;0.0247;0.2211;False;True;
EXTREMO;352940105000745;Mauá;3529401;RP10 (Regiões de Planejamento);Sudeste;não;;6504.76;2372.54;2.7;5747.12;189.0;466;;0.2296;False;True;
EXTREMO;352940105000900;Mauá;3529401;RP3 (Regiões de Planejamento);Sudeste;não;;6349.22;2372.54;2.7;5747.12;106.0;335;0.0;0.397;False;True;
EXTREMO;352940105000911;Mauá;3529401;RP3 (Regiões de Planejamento);Sudeste;não;;6459.15;2372.54;2.7;5747.12;196.0;514;0.0125;0.2043;False;True;
EXTREMO;352940105000948;Mauá;3529401;RP4 (Regiões de Planejamento);Sudeste;não;;6295.57;2372.54;2.7;5747.12;307.0;823;0.0;0.3426;False;True;
EXTREMO;352940105001001;Mauá;3529401;RP4 (Regiões de Planejamento);Sudeste;não;;6287.37;2372.54;2.7;5747.12;74.0;194;;0.1804;False;True;
EXTREMO;354520905000308;Salto;3545209;;Sudeste;não;;8106.35;3039.58;2.7;7442.96;119.0;361;0.0143;0.133;False;True;
EXTREMO;330170205000059;Duque de Caxias;3301702;Vinte e Cinco de Agosto;Sudeste;não;;4833.65;1832.16;2.6;4394.04;178.0;392;0.0166;0.4745;False;True;
EXTREMO;330170205000279;Duque de Caxias;3301702;Parque Sarapuí;Sudeste;não;;4746.45;1832.16;2.6;4394.04;526.0;1305;0.0149;0.613;False;True;
EXTREMO;330170205000535;Duque de Caxias;3301702;Vinte e Cinco de Agosto;Sudeste;não;;4821.17;1832.16;2.6;4394.04;111.0;250;;0.404;False;True;
EXTREMO;330170205000762;Duque de Caxias;3301702;Centenário;Sudeste;não;;4807.19;1832.16;2.6;4394.04;124.0;357;0.0137;0.7031;False;True;
EXTREMO;330170205000794;Duque de Caxias;3301702;Vinte e Cinco de Agosto;Sudeste;não;;4717.79;1832.16;2.6;4394.04;179.0;470;0.0125;0.4106;False;True;
EXTREMO;330170215000450;Duque de Caxias;3301702;Cidade Parque Paulista;Sudeste;não;;4676.62;1832.16;2.6;4394.04;38.0;116;;0.4655;False;True;
EXTREMO;330350005100065;Nova Iguaçu;3303500;da Luz;Sudeste;não;;4694.95;1773.89;2.6;4578.21;231.0;591;0.0122;0.4738;False;True;
EXTREMO;330350005100356;Nova Iguaçu;3303500;da Luz;Sudeste;não;;4659.33;1773.89;2.6;4578.21;90.0;222;;0.3468;False;True;
EXTREMO;330350005120211;Nova Iguaçu;3303500;Jardim Alvorada;Sudeste;não;;4673.54;1773.89;2.6;4578.21;186.0;467;;0.651;False;True;
EXTREMO;330490405000334;São Gonçalo;3304904;Pedro Alcântara;Sudeste;não;;4790.53;1853.3;2.6;4772.51;270.0;671;0.0102;0.5455;False;True;
EXTREMO;330490405000476;São Gonçalo;3304904;Mutuá;Sudeste;não;;4824.0;1853.3;2.6;4772.51;25.0;73;0.0;0.4795;False;True;
EXTREMO;330490405000705;São Gonçalo;3304904;Pedro Alcântara;Sudeste;não;;4788.18;1853.3;2.6;4772.51;266.0;628;0.0125;0.5271;False;True;
EXTREMO;330490410000361;São Gonçalo;3304904;Lagoinha;Sudeste;não;;4777.54;1853.3;2.6;4772.51;187.0;537;;0.5102;False;True;
EXTREMO;330490420000269;São Gonçalo;3304904;Parada Quarenta;Sudeste;não;;4794.68;1853.3;2.6;4772.51;155.0;351;;0.416;False;True;
EXTREMO;330490425000189;São Gonçalo;3304904;Covanca II;Sudeste;não;;4887.86;1853.3;2.6;4772.51;274.0;608;0.0;0.4605;False;True;
EXTREMO;352940105000019;Mauá;3529401;RP4 (Regiões de Planejamento);Sudeste;não;;6188.21;2372.54;2.6;5747.12;125.0;343;;0.1953;False;True;
EXTREMO;352940105000742;Mauá;3529401;RP4 (Regiões de Planejamento);Sudeste;não;;6114.14;2372.54;2.6;5747.12;228.0;631;;0.3106;False;True;
EXTREMO;352940105000748;Mauá;3529401;RP4 (Regiões de Planejamento);Sudeste;não;;6091.28;2372.54;2.6;5747.12;237.0;599;0.0;0.3005;False;True;
EXTREMO;430535505000028;Charqueadas;4305355;Piratini;Sul;não;;7497.6;2839.32;2.6;5918.19;276.0;731;;0.0834;False;True;
EXTREMO;330170205000061;Duque de Caxias;3301702;Vinte e Cinco de Agosto;Sudeste;não;;4587.53;1832.16;2.5;4394.04;114.0;251;;0.3227;False;True;
EXTREMO;330170205000138;Duque de Caxias;3301702;Bar dos Cavalheiros;Sudeste;não;;4633.81;1832.16;2.5;4394.04;232.0;586;;0.6416;False;True;
EXTREMO;330170210000525;Duque de Caxias;3301702;Jardim Primavera;Sudeste;não;;4623.51;1832.16;2.5;4394.04;167.0;417;;0.4988;False;True;
EXTREMO;330170220000129;Duque de Caxias;3301702;Mantiquira;Sudeste;não;;4600.15;1832.16;2.5;4394.04;147.0;406;0.0202;0.4901;False;True;
EXTREMO;330170220000205;Duque de Caxias;3301702;Mantiquira;Sudeste;não;;4595.5;1832.16;2.5;4394.04;119.0;309;;0.5663;False;True;
EXTREMO;352010305000073;Igarapava;3520103;;Sudeste;não;;6030.09;2408.86;2.5;5607.0;51.0;143;0.0;0.4196;False;True;
EXTREMO;352940105000017;Mauá;3529401;RP4 (Regiões de Planejamento);Sudeste;não;;5931.93;2372.54;2.5;5747.12;162.0;445;0.0237;0.2719;False;True;
EXTREMO;352940105000532;Mauá;3529401;RP4 (Regiões de Planejamento);Sudeste;não;;5919.15;2372.54;2.5;5747.12;209.0;594;0.0102;0.3013;False;True;
EXTREMO;352940105000602;Mauá;3529401;RP1 (Regiões de Planejamento);Sudeste;não;;5971.28;2372.54;2.5;5747.12;84.0;199;0.0;0.2261;False;True;
EXTREMO;330170205000058;Duque de Caxias;3301702;Vinte e Cinco de Agosto;Sudeste;não;;4406.6;1832.16;2.4;4394.04;142.0;339;;0.4543;False;True;
EXTREMO;330170205000085;Duque de Caxias;3301702;Parque Duque;Sudeste;não;;4460.28;1832.16;2.4;4394.04;224.0;559;0.0101;0.5903;False;True;
EXTREMO;330170205000717;Duque de Caxias;3301702;Parque Duque;Sudeste;não;;4455.03;1832.16;2.4;4394.04;244.0;604;0.015;0.5381;False;True;
EXTREMO;330170215000308;Duque de Caxias;3301702;Cidade Parque Paulista;Sudeste;não;;4470.27;1832.16;2.4;4394.04;258.0;705;0.0244;0.505;False;True;
SUSPEITO;310620005650366;Belo Horizonte;3106200;Senhor dos Passos;Sudeste;sim;Senhor dos Passos;170418.06;3060.31;55.7;17598.99;186.0;518;0.0705;0.7529;True;True;e_favela + pct_analfab_acima + pct_raca_pretpardind_acima
SUSPEITO;150140255000432;Belém;1501402;Guamá;Norte;sim;Bacia do Tucunduba-Guamá;78444.47;1802.79;43.5;8315.28;87.0;312;0.0496;0.7404;True;True;e_favela + pct_analfab_acima
SUSPEITO;292740805220740;Salvador;2927408;Beiru / Tancredo Neves;Nordeste;sim;Beiru / Tancredo Neves;36672.29;1637.87;22.4;8339.92;218.0;546;0.0157;0.9194;True;True;e_favela
SUSPEITO;354520905000248;Salto;3545209;;Sudeste;não;;60597.49;3039.58;19.9;7442.96;183.0;502;0.0537;0.249;True;True;pct_analfab_acima
SUSPEITO;150140245000258;Belém;1501402;Coqueiro;Norte;sim;IBIFAM;29359.01;1802.79;16.3;8315.28;143.0;400;0.025;0.73;True;True;e_favela
SUSPEITO;330490420000049;São Gonçalo;3304904;Porto Velho;Sudeste;sim;Morro do Porto Velho (Tancredo Ribeiro);29589.72;1853.3;16.0;4772.51;214.0;587;0.0466;0.8007;True;True;e_favela + pct_analfab_acima + pct_raca_pretpardind_acima
SUSPEITO;330455705330089;Rio de Janeiro;3304557;Rocinha;Sudeste;sim;Rocinha;42148.18;2702.45;15.6;16100.61;109.0;243;0.0825;0.6914;True;True;e_favela + pct_analfab_acima + pct_raca_pretpardind_acima
SUSPEITO;355030881000403;São Paulo;3550308;;Sudeste;não;;40275.48;3108.9;13.0;20232.52;53.0;159;0.0588;0.5535;True;True;pct_analfab_acima
SUSPEITO;292740805080002;Salvador;2927408;Comércio;Nordeste;não;;18652.74;1637.87;11.4;8339.92;88.0;198;0.0702;0.3586;True;True;pct_analfab_acima
SUSPEITO;330455705290362;Rio de Janeiro;3304557;Barra da Tijuca;Sudeste;não;;29941.11;2702.45;11.1;16100.61;91.0;179;0.0244;0.0168;True;True;pct_analfab_acima
SUSPEITO;355030806000114;São Paulo;3550308;;Sudeste;não;;32866.69;3108.9;10.6;20232.52;100.0;337;0.0415;0.0356;True;True;pct_analfab_acima
SUSPEITO;150140275000312;Belém;1501402;Telégrafo;Norte;sim;Bacia do Una-Telégrafo;18107.68;1802.79;10.0;8315.28;161.0;505;0.007;0.6218;True;True;e_favela
SUSPEITO;130030005000058;Autazes;1300300;De Santa Luzia;Norte;não;;16414.4;1694.5;9.7;4591.68;75.0;272;0.0905;0.8456;True;True;pct_analfab_acima
SUSPEITO;330455705110432;Rio de Janeiro;3304557;Lagoa;Sudeste;não;;26138.49;2702.45;9.7;16100.61;125.0;287;0.0204;0.0557;True;True;pct_analfab_acima
SUSPEITO;221100105100082;Teresina;2211001;Santo Antônio;Nordeste;sim;Parque da Conquista;18392.37;1913.0;9.6;8229.75;60.0;180;0.0634;0.7444;True;True;e_favela
SUSPEITO;330350005180024;Nova Iguaçu;3303500;Rodilândia;Sudeste;não;;16802.11;1773.89;9.5;4578.21;102.0;284;0.0381;0.5387;True;True;pct_analfab_acima
SUSPEITO;355030828000025;São Paulo;3550308;;Sudeste;não;;27291.39;3108.9;8.8;20232.52;160.0;452;0.0309;0.5066;True;True;pct_analfab_acima
SUSPEITO;130260305070147;Manaus;1302603;São Raimundo;Norte;sim;São Raimundo;15928.46;1852.55;8.6;6265.62;249.0;796;0.0282;0.701;True;True;e_favela
SUSPEITO;330455705390198;Rio de Janeiro;3304557;Cordovil;Sudeste;sim;Cordovil;23030.75;2702.45;8.5;16100.61;313.0;785;0.0708;0.7529;True;True;e_favela + pct_analfab_acima + pct_raca_pretpardind_acima
SUSPEITO;130260305140140;Manaus;1302603;São José Operário;Norte;não;;13978.63;1852.55;7.5;6265.62;251.0;904;0.0457;0.7998;False;True;pct_analfab_acima
SUSPEITO;150140245000413;Belém;1501402;Coqueiro;Norte;sim;Assentamento Sideral;13609.9;1802.79;7.5;8315.28;98.0;287;0.0405;0.7247;False;True;e_favela + pct_analfab_acima
SUSPEITO;130260305110268;Manaus;1302603;Nossa Senhora das Graças;Norte;não;;13467.91;1852.55;7.3;6265.62;48.0;136;0.0887;0.375;False;True;pct_analfab_acima
SUSPEITO;211130005001609;São Luís;2111300;;Nordeste;sim;Andiroba;12055.29;1745.24;6.9;8425.68;103.0;336;0.0749;0.8482;False;True;e_favela + pct_analfab_acima + pct_raca_pretpardind_acima
SUSPEITO;355030871000224;São Paulo;3550308;;Sudeste;não;;21378.14;3108.9;6.9;20232.52;106.0;307;0.0269;0.1987;True;True;pct_analfab_acima
SUSPEITO;330455705290534;Rio de Janeiro;3304557;Recreio dos Bandeirantes;Sudeste;sim;Canal do Cortado;18242.6;2702.45;6.8;16100.61;131.0;328;0.0262;0.5427;True;True;e_favela + pct_analfab_acima
SUSPEITO;355030806000116;São Paulo;3550308;;Sudeste;não;;21290.22;3108.9;6.8;20232.52;96.0;289;0.0231;0.0554;True;True;pct_analfab_acima
SUSPEITO;330455705110347;Rio de Janeiro;3304557;Jardim Botânico;Sudeste;não;;17525.64;2702.45;6.5;16100.61;112.0;263;0.0259;0.6464;True;True;pct_analfab_acima
SUSPEITO;310620005620372;Belo Horizonte;3106200;Luxemburgo;Sudeste;não;;19412.71;3060.31;6.3;17598.99;116.0;285;0.0232;0.0632;True;True;pct_analfab_acima
SUSPEITO;230440005190090;Fortaleza;2304400;Manuel Dias Branco;Nordeste;não;;10633.33;1708.86;6.2;7273.3;6.0;24;0.0;0.8333;False;True;pct_raca_pretpardind_acima
SUSPEITO;211120110000391;São José de Ribamar;2111201;Araçagy;Nordeste;não;;9895.28;1633.45;6.1;6196.06;96.0;314;0.0537;0.6529;False;True;pct_analfab_acima
SUSPEITO;292740805060286;Salvador;2927408;Rio Vermelho;Nordeste;não;;9933.5;1637.87;6.1;8339.92;30.0;88;0.038;0.4432;False;True;pct_analfab_acima
SUSPEITO;292740805060196;Salvador;2927408;Pituba;Nordeste;não;;9908.93;1637.87;6.0;8339.92;83.0;146;0.0373;0.4384;False;True;pct_analfab_acima
SUSPEITO;431490205002619;Porto Alegre;4314902;Jardim Europa;Sul;não;;22940.05;3986.89;5.8;20311.57;278.0;824;0.0167;0.0886;True;True;pct_analfab_acima
SUSPEITO;520110805000341;Anápolis;5201108;;Centro-Oeste;não;;14660.75;2545.98;5.8;7466.73;324.0;915;0.0571;0.6448;True;True;pct_analfab_acima
SUSPEITO;230440005210039;Fortaleza;2304400;Ancuri;Nordeste;não;;9804.0;1708.86;5.7;7273.3;6.0;22;;0.7727;False;True;pct_raca_pretpardind_acima
SUSPEITO;150140205000005;Belém;1501402;Batista Campos;Norte;não;;10131.71;1802.79;5.6;8315.28;330.0;904;0.0333;0.4757;False;True;pct_analfab_acima
SUSPEITO;351880005001675;Guarulhos;3518800;Vila Augusta;Sudeste;não;;13198.99;2361.56;5.6;9209.94;118.0;413;0.0399;0.1477;False;True;pct_analfab_acima
SUSPEITO;292740805270320;Salvador;2927408;Federação;Nordeste;não;;8454.77;1637.87;5.2;8339.92;309.0;443;0.0816;0.4221;False;True;pct_analfab_acima
SUSPEITO;330350005180026;Nova Iguaçu;3303500;Rodilândia;Sudeste;não;;9195.03;1773.89;5.2;4578.21;186.0;464;0.0361;0.6315;False;True;pct_analfab_acima
SUSPEITO;150140255000474;Belém;1501402;Cremação;Norte;sim;Cremação;9081.71;1802.79;5.0;8315.28;207.0;522;;0.5709;False;True;e_favela
SUSPEITO;130260305130181;Manaus;1302603;Ponta Negra;Norte;não;;8711.84;1852.55;4.7;6265.62;69.0;228;0.0511;0.6711;False;True;pct_analfab_acima
SUSPEITO;260345405100027;Camaragibe;2603454;Borralho;Nordeste;não;;7369.91;1595.08;4.6;4403.49;47.0;127;0.1048;0.4173;False;True;pct_analfab_acima
SUSPEITO;130260305110175;Manaus;1302603;Parque 10 de Novembro;Norte;não;;8083.07;1852.55;4.4;6265.62;113.0;307;0.031;0.4658;False;True;pct_analfab_acima
SUSPEITO;130260305110253;Manaus;1302603;São Geraldo;Norte;sim;Igarapé da Cachoeira - São Jorge;8105.29;1852.55;4.4;6265.62;19.0;61;0.0588;0.6393;False;True;e_favela + pct_analfab_acima
SUSPEITO;330490410000128;São Gonçalo;3304904;Jardim Nova República;Sudeste;não;;8170.76;1853.3;4.4;4772.51;233.0;650;0.0534;0.6;False;True;pct_analfab_acima
SUSPEITO;130260305130008;Manaus;1302603;Tarumã;Norte;não;;8039.6;1852.55;4.3;6265.62;290.0;892;0.0377;0.6166;False;True;pct_analfab_acima
SUSPEITO;130260305120388;Manaus;1302603;Cidade Nova;Norte;sim;Loteamento Mundo Novo;7772.49;1852.55;4.2;6265.62;237.0;796;0.0215;0.7789;False;True;e_favela
SUSPEITO;130260305060084;Manaus;1302603;Praça 14 de Janeiro;Norte;sim;Praça 14 de Janeiro A;7364.0;1852.55;4.0;6265.62;231.0;624;0.0153;0.6298;False;True;e_favela
SUSPEITO;130260305110186;Manaus;1302603;Flores;Norte;sim;Comunidade União;7488.98;1852.55;4.0;6265.62;148.0;458;0.0228;0.6288;False;True;e_favela
SUSPEITO;330240305050133;Macaé;3302403;Visconde de Araújo;Sudeste;não;;10203.99;2538.99;4.0;10040.85;128.0;307;0.0338;0.6221;False;True;pct_analfab_acima
SUSPEITO;330350005180097;Nova Iguaçu;3303500;Rodilândia;Sudeste;não;;7131.62;1773.89;4.0;4578.21;306.0;870;0.0361;0.7379;False;True;pct_analfab_acima
SUSPEITO;330490425000164;São Gonçalo;3304904;Tribobó III;Sudeste;sim;Tribobó / Calha Seca;7333.6;1853.3;4.0;4772.51;271.0;776;0.0177;0.5825;False;True;e_favela
SUSPEITO;130260305070240;Manaus;1302603;Compensa;Norte;sim;Compensa I;7306.33;1852.55;3.9;6265.62;40.0;144;0.0;0.5903;False;True;e_favela
SUSPEITO;150080005000860;Ananindeua;1500800;;Norte;não;;6863.85;1772.53;3.9;6318.54;118.0;388;0.0297;0.5722;False;True;pct_analfab_acima
SUSPEITO;130260305080183;Manaus;1302603;Redenção;Norte;não;;6948.17;1852.55;3.8;6265.62;151.0;485;0.0363;0.7876;False;True;pct_analfab_acima
SUSPEITO;130260305090140;Manaus;1302603;Coroado;Norte;sim;Coroado III;7004.55;1852.55;3.8;6265.62;200.0;665;0.0328;0.8256;False;True;e_favela + pct_analfab_acima + pct_raca_pretpardind_acima
SUSPEITO;130260305140442;Manaus;1302603;São José Operário;Norte;não;;6959.64;1852.55;3.8;6265.62;130.0;459;0.0405;0.7146;False;True;pct_analfab_acima
SUSPEITO;352940105000551;Mauá;3529401;RP9 (Regiões de Planejamento);Sudeste;sim;Rua Colômbia / Parque das Américas;8009.68;2372.54;3.4;5747.12;50.0;112;0.0404;0.5268;False;True;e_favela + pct_analfab_acima
SUSPEITO;260345405100019;Camaragibe;2603454;Oitenta;Nordeste;não;;5248.11;1595.08;3.3;4403.49;35.0;111;0.1707;0.5766;False;True;pct_analfab_acima
SUSPEITO;520110805000548;Anápolis;5201108;;Centro-Oeste;não;;8051.88;2545.98;3.2;7466.73;276.0;743;0.0485;0.6595;False;True;pct_analfab_acima + pct_raca_pretpardind_acima
SUSPEITO;260345405100025;Camaragibe;2603454;Borralho;Nordeste;não;;4737.67;1595.08;3.0;4403.49;104.0;306;0.1157;0.3889;False;True;pct_analfab_acima
SUSPEITO;330350005120179;Nova Iguaçu;3303500;Jardim Pernambuco;Sudeste;não;;5306.34;1773.89;3.0;4578.21;298.0;428;0.0424;0.6822;False;True;pct_analfab_acima
SUSPEITO;510300705000041;Chapada dos Guimarães;5103007;;Centro-Oeste;não;;9816.91;3219.84;3.0;9734.23;35.0;75;0.058;0.5467;False;True;pct_analfab_acima
SUSPEITO;352940105000954;Mauá;3529401;RP1 (Regiões de Planejamento);Sudeste;não;;6864.38;2372.54;2.9;5747.12;54.0;162;0.0942;0.1481;False;True;pct_analfab_acima
SUSPEITO;330350005100304;Nova Iguaçu;3303500;Centro;Sudeste;não;;4940.46;1773.89;2.8;4578.21;35.0;94;0.0488;0.4362;False;True;pct_analfab_acima
SUSPEITO;320120917000006;Cachoeiro de Itapemirim;3201209;;Sudeste;não;;6233.33;2288.77;2.7;6063.63;15.0;41;0.0;0.7073;False;True;pct_raca_pretpardind_acima
