id,renda,lixo,banheiro,rotacao,metodo,normalizacao,p,variaveis,n,perdidos_vs_recorte,n_comum,n_fcu,kmo,msa_min,msa_min_variavel,bartlett_qui2,bartlett_gl,fatores_kaiser,fatores_horn,pares_mun_var_constantes,kmo_ok,msa_ok,comunalidade_ok,cargas_ok,comunalidade_min,comunalidade_min_variavel,carga_max_min,carga_max_min_variavel,elegivel,peso_f1,amp_peso_f1,amp_peso_var_max,auc_global_propria,auc_global_comum,auc_mun_propria,n_mun_propria,auc_mun_comum,n_mun_comum,faixas_indefinidas,posto_a,posto_b,posto_c,posto_medio,dist_ivs_bh,posicao,referencia,spearman_ref_propria,muda_faixa_ivs_bh_propria,muda_faixa_quartis_propria,spearman_ref_comum,muda_faixa_ivs_bh_comum,muda_faixa_quartis_comum
original·lixo_com·banheiro_fora·sem_rotacao·unico·municipal,original,com,fora,sem_rotacao,unico,municipal,7,"Água inadequada, Esgoto inadequado, Lixo inadequado, Razão de moradores, Analfabetismo 15+, Renda (invertida), Cor/raça PPI",87545,16563,73877,18901,0.7825533729,0.6995470302,Lixo inadequado,235084.3838,21,2,2,4,True,True,False,False,0.08516979248,Lixo inadequado,0.2918386412,Lixo inadequado,False,100,,,0.8529633138,0.8601252739,0.8311817279,31,0.8405866519,31,0,,,,,,,False,0.9738325608,12.10915293,14.40076884,0.9738315409,12.10931684,14.40096376
original·lixo_com·banheiro_fora·sem_rotacao·unico·global,original,com,fora,sem_rotacao,unico,global,7,"Água inadequada, Esgoto inadequado, Lixo inadequado, Razão de moradores, Analfabetismo 15+, Renda (invertida), Cor/raça PPI",87545,16563,73877,18901,0.7825533729,0.6995470302,Lixo inadequado,235084.3838,21,2,2,4,True,True,False,False,0.08516979248,Lixo inadequado,0.2918386412,Lixo inadequado,False,100,,,0.8452213588,0.8522709827,0.8066337986,31,0.8140590295,31,0,,,,,,,False,0.9331129001,16.83586453,18.16102223,0.9331104299,16.83609242,18.16126805
original·lixo_com·banheiro_fora·varimax·ss·municipal,original,com,fora,varimax,ss,municipal,7,"Água inadequada, Esgoto inadequado, Lixo inadequado, Razão de moradores, Analfabetismo 15+, Renda (invertida), Cor/raça PPI",87545,16563,73877,18901,0.7825533729,0.6995470302,Lixo inadequado,235084.3838,21,2,2,4,True,True,False,True,0.2534971461,Água inadequada,0.4823673694,Água inadequada,False,73.99575996,,,0.8494014319,0.8543112345,0.819067176,31,0.8186120242,31,0,,,,,,,False,0.8509246786,33.01524134,30.66136062,0.8509189094,33.01568824,30.66177565
original·lixo_com·banheiro_fora·varimax·ss·global,original,com,fora,varimax,ss,global,7,"Água inadequada, Esgoto inadequado, Lixo inadequado, Razão de moradores, Analfabetismo 15+, Renda (invertida), Cor/raça PPI",87545,16563,73877,18901,0.7825533729,0.6995470302,Lixo inadequado,235084.3838,21,2,2,4,True,True,False,True,0.2534971461,Água inadequada,0.4823673694,Água inadequada,False,73.99575996,,,0.8377111902,0.8420375778,0.7851247622,31,0.7920435166,31,0,,,,,,,False,0.7996541048,37.65261648,34.29708438,0.7996464379,37.65312614,34.29754863
original·lixo_com·banheiro_fora·varimax·50_50·municipal,original,com,fora,varimax,50_50,municipal,7,"Água inadequada, Esgoto inadequado, Lixo inadequado, Razão de moradores, Analfabetismo 15+, Renda (invertida), Cor/raça PPI",87545,16563,73877,18901,0.7825533729,0.6995470302,Lixo inadequado,235084.3838,21,2,2,4,True,True,False,True,0.2534971461,Água inadequada,0.4823673694,Água inadequada,False,50,,,0.8286714714,0.8330930537,0.7938685608,31,0.8017350875,31,0,,,,,,,False,0.7627857665,41.81894475,38.86813395,0.7627766777,41.81951081,38.86866007
original·lixo_com·banheiro_fora·varimax·50_50·global,original,com,fora,varimax,50_50,global,7,"Água inadequada, Esgoto inadequado, Lixo inadequado, Razão de moradores, Analfabetismo 15+, Renda (invertida), Cor/raça PPI",87545,16563,73877,18901,0.7825533729,0.6995470302,Lixo inadequado,235084.3838,21,2,2,4,True,True,False,True,0.2534971461,Água inadequada,0.4823673694,Água inadequada,False,50,,,0.8185121326,0.8222716286,0.7705539435,31,0.773027898,31,0,,,,,,,False,0.7165976786,44.30683018,42.43617856,0.7165867864,44.30742992,42.43675298
original·lixo_com·banheiro_fora·varimax·60_40·municipal,original,com,fora,varimax,60_40,municipal,7,"Água inadequada, Esgoto inadequado, Lixo inadequado, Razão de moradores, Analfabetismo 15+, Renda (invertida), Cor/raça PPI",87545,16563,73877,18901,0.7825533729,0.6995470302,Lixo inadequado,235084.3838,21,2,2,4,True,True,False,True,0.2534971461,Água inadequada,0.4823673694,Água inadequada,False,60,,,0.8366345703,0.8412261148,0.8013082962,31,0.8075956404,31,0,,,,,,,False,0.7954621773,39.20788327,35.63036357,0.7954543044,39.20841399,35.63084587
original·lixo_com·banheiro_fora·varimax·60_40·global,original,com,fora,varimax,60_40,global,7,"Água inadequada, Esgoto inadequado, Lixo inadequado, Razão de moradores, Analfabetismo 15+, Renda (invertida), Cor/raça PPI",87545,16563,73877,18901,0.7825533729,0.6995470302,Lixo inadequado,235084.3838,21,2,2,4,True,True,False,True,0.2534971461,Água inadequada,0.4823673694,Água inadequada,False,60,,,0.8260977629,0.8300669094,0.7772665615,31,0.7828778804,31,0,,,,,,,False,0.7485748113,42.03281085,39.18757952,0.7485651602,42.03337981,39.18810997
original·lixo_com·banheiro_fora·promax·ss_padrao·municipal,original,com,fora,promax,ss_padrao,municipal,7,"Água inadequada, Esgoto inadequado, Lixo inadequado, Razão de moradores, Analfabetismo 15+, Renda (invertida), Cor/raça PPI",87545,16563,73877,18901,0.7825533729,0.6995470302,Lixo inadequado,235084.3838,21,2,2,4,True,True,False,True,0.2534971461,Água inadequada,0.4785106929,Água inadequada,False,74.69248625,,,0.849988265,0.8547968734,0.8184229466,31,0.817524147,31,0,,,,,,,False,0.8536477318,32.60239855,30.35815804,0.8536420887,32.60283986,30.35856897
original·lixo_com·banheiro_fora·promax·ss_padrao·global,original,com,fora,promax,ss_padrao,global,7,"Água inadequada, Esgoto inadequado, Lixo inadequado, Razão de moradores, Analfabetismo 15+, Renda (invertida), Cor/raça PPI",87545,16563,73877,18901,0.7825533729,0.6995470302,Lixo inadequado,235084.3838,21,2,2,4,True,True,False,True,0.2534971461,Água inadequada,0.4785106929,Água inadequada,False,74.69248625,,,0.8387645643,0.843087263,0.7864200771,31,0.7943793797,31,0,,,,,,,False,0.8024371185,37.29797775,34.0020033,0.8024295612,37.29848261,34.00246355
original·lixo_com·banheiro_fora·promax·ss_estrutura·municipal,original,com,fora,promax,ss_estrutura,municipal,7,"Água inadequada, Esgoto inadequado, Lixo inadequado, Razão de moradores, Analfabetismo 15+, Renda (invertida), Cor/raça PPI",87545,16563,73877,18901,0.7825533729,0.6995470302,Lixo inadequado,235084.3838,21,2,2,4,True,True,False,True,0.2534971461,Água inadequada,0.4785106929,Água inadequada,False,73.40375922,,,0.8486197935,0.8533747708,0.8190772421,31,0.818285661,31,0,,,,,,,False,0.8472503294,33.33739408,30.8616909,0.8472444432,33.33784534,30.86210864
original·lixo_com·banheiro_fora·promax·ss_estrutura·global,original,com,fora,promax,ss_estrutura,global,7,"Água inadequada, Esgoto inadequado, Lixo inadequado, Razão de moradores, Analfabetismo 15+, Renda (invertida), Cor/raça PPI",87545,16563,73877,18901,0.7825533729,0.6995470302,Lixo inadequado,235084.3838,21,2,2,4,True,True,False,True,0.2534971461,Água inadequada,0.4785106929,Água inadequada,False,73.40375922,,,0.8375004344,0.841780835,0.7855644356,31,0.7935226272,31,0,,,,,,,False,0.7967318347,37.9043829,34.49741466,0.7967240559,37.90489598,34.49788161
original·lixo_com·banheiro_fora·promax·comunalidades·municipal,original,com,fora,promax,comunalidades,municipal,7,"Água inadequada, Esgoto inadequado, Lixo inadequado, Razão de moradores, Analfabetismo 15+, Renda (invertida), Cor/raça PPI",87545,16563,73877,18901,0.7825533729,0.6995470302,Lixo inadequado,235084.3838,21,2,2,4,True,True,False,True,0.2534971461,Água inadequada,0.4785106929,Água inadequada,False,80.23475467,,,0.8559795313,0.8611919213,0.8299096673,31,0.8216804044,31,0,,,,,,,False,0.8853155484,29.04653618,27.90952652,0.8853111176,29.04692936,27.9099043
original·lixo_com·banheiro_fora·promax·comunalidades·global,original,com,fora,promax,comunalidades,global,7,"Água inadequada, Esgoto inadequado, Lixo inadequado, Razão de moradores, Analfabetismo 15+, Renda (invertida), Cor/raça PPI",87545,16563,73877,18901,0.7825533729,0.6995470302,Lixo inadequado,235084.3838,21,2,2,4,True,True,False,True,0.2534971461,Água inadequada,0.4785106929,Água inadequada,False,80.23475467,,,0.8448286409,0.8494333331,0.7901338774,31,0.7996249687,31,0,,,,,,,False,0.8311858297,34.29031647,31.77671296,0.831179388,34.29078062,31.77714309
original·lixo_com·banheiro_fora·promax·50_50·municipal,original,com,fora,promax,50_50,municipal,7,"Água inadequada, Esgoto inadequado, Lixo inadequado, Razão de moradores, Analfabetismo 15+, Renda (invertida), Cor/raça PPI",87545,16563,73877,18901,0.7825533729,0.6995470302,Lixo inadequado,235084.3838,21,2,2,4,True,True,False,True,0.2534971461,Água inadequada,0.4785106929,Água inadequada,False,50,,,0.8285486518,0.8328756615,0.794132139,31,0.8017317184,31,0,,,,,,,False,0.7621355574,41.84060207,38.90738786,0.7621264751,41.84116843,38.90791451
original·lixo_com·banheiro_fora·promax·50_50·global,original,com,fora,promax,50_50,global,7,"Água inadequada, Esgoto inadequado, Lixo inadequado, Razão de moradores, Analfabetismo 15+, Renda (invertida), Cor/raça PPI",87545,16563,73877,18901,0.7825533729,0.6995470302,Lixo inadequado,235084.3838,21,2,2,4,True,True,False,True,0.2534971461,Água inadequada,0.4785106929,Água inadequada,False,50,,,0.8187433055,0.822492515,0.7718958862,31,0.773319934,31,0,,,,,,,False,0.7162987862,44.28517285,42.43482498,0.7162878844,44.2857723,42.43539938
original·lixo_com·banheiro_fora·promax·60_40·municipal,original,com,fora,promax,60_40,municipal,7,"Água inadequada, Esgoto inadequado, Lixo inadequado, Razão de moradores, Analfabetismo 15+, Renda (invertida), Cor/raça PPI",87545,16563,73877,18901,0.7825533729,0.6995470302,Lixo inadequado,235084.3838,21,2,2,4,True,True,False,True,0.2534971461,Água inadequada,0.4785106929,Água inadequada,False,60,,,0.8365063208,0.8409910967,0.801615616,31,0.8076748143,31,0,,,,,,,False,0.7947761858,39.22412626,35.6520209,0.7947683124,39.2246572,35.65250349
original·lixo_com·banheiro_fora·promax·60_40·global,original,com,fora,promax,60_40,global,7,"Água inadequada, Esgoto inadequado, Lixo inadequado, Razão de moradores, Analfabetismo 15+, Renda (invertida), Cor/raça PPI",87545,16563,73877,18901,0.7825533729,0.6995470302,Lixo inadequado,235084.3838,21,2,2,4,True,True,False,True,0.2534971461,Água inadequada,0.4785106929,Água inadequada,False,60,,,0.8263861962,0.8303403476,0.7787566407,31,0.7846075507,31,0,,,,,,,False,0.7482997023,42.07477192,39.17269011,0.7482900421,42.07534145,39.17322035
original·lixo_com·banheiro_v00495·sem_rotacao·unico·municipal,original,com,v00495,sem_rotacao,unico,municipal,8,"Água inadequada, Esgoto inadequado, Lixo inadequado, Razão de moradores, Analfabetismo 15+, Renda (invertida), Cor/raça PPI, Sem banheiro",75955,28153,73877,14705,0.7915047567,0.6905982355,Lixo inadequado,211934.3952,28,3,2,21,True,True,False,False,0.07538131615,Lixo inadequado,0.274556581,Lixo inadequado,False,100,,,0.8594344981,0.858072294,0.8429251391,31,0.8410415124,31,0,,,,,,,False,0.9764491027,9.843255096,10.64186903,0.9764481931,9.843388335,10.64201308
original·lixo_com·banheiro_v00495·sem_rotacao·unico·global,original,com,v00495,sem_rotacao,unico,global,8,"Água inadequada, Esgoto inadequado, Lixo inadequado, Razão de moradores, Analfabetismo 15+, Renda (invertida), Cor/raça PPI, Sem banheiro",75955,28153,73877,14705,0.7915047567,0.6905982355,Lixo inadequado,211934.3952,28,3,2,21,True,True,False,False,0.07538131615,Lixo inadequado,0.274556581,Lixo inadequado,False,100,,,0.8530269837,0.8518032191,0.8163674944,31,0.8147605189,31,0,,,,,,,False,0.9340008322,14.31820028,15.19396843,0.9339983975,14.31839409,15.1941741
original·lixo_com·banheiro_v00495·varimax·ss·municipal,original,com,v00495,varimax,ss,municipal,8,"Água inadequada, Esgoto inadequado, Lixo inadequado, Razão de moradores, Analfabetismo 15+, Renda (invertida), Cor/raça PPI, Sem banheiro",75955,28153,73877,14705,0.7915047567,0.6905982355,Lixo inadequado,211934.3952,28,3,2,21,True,True,True,True,0.3939868183,Sem banheiro,0.5326181078,Esgoto inadequado,True,66.39733368,8.638864781,16.88604855,0.8659816633,0.8649808877,0.83830799,31,0.8449556309,31,0,83,2.5,84.5,56.66666667,2,82,False,0.9462832128,18.26389453,18.16508297,0.9462811005,18.26414175,18.16532886
original·lixo_com·banheiro_v00495·varimax·ss·global,original,com,v00495,varimax,ss,global,8,"Água inadequada, Esgoto inadequado, Lixo inadequado, Razão de moradores, Analfabetismo 15+, Renda (invertida), Cor/raça PPI, Sem banheiro",75955,28153,73877,14705,0.7915047567,0.6905982355,Lixo inadequado,211934.3952,28,3,2,21,True,True,True,True,0.3939868183,Sem banheiro,0.5326181078,Esgoto inadequado,True,66.39733368,8.638864781,16.88604855,0.8567904617,0.8559454346,0.8067302902,31,0.8079585985,31,0,,,,,,,False,0.8912743979,23.31952679,22.19469937,0.8912702873,23.31984244,22.1949998
original·lixo_com·banheiro_v00495·varimax·50_50·municipal,original,com,v00495,varimax,50_50,municipal,8,"Água inadequada, Esgoto inadequado, Lixo inadequado, Razão de moradores, Analfabetismo 15+, Renda (invertida), Cor/raça PPI, Sem banheiro",75955,28153,73877,14705,0.7915047567,0.6905982355,Lixo inadequado,211934.3952,28,3,2,21,True,True,True,True,0.3939868183,Sem banheiro,0.5326181078,Esgoto inadequado,True,50,0,36.65217848,0.8511779123,0.8497815235,0.8088578089,31,0.8237422402,31,0,24.5,41.5,84.5,50.16666667,2,65,False,0.9120351949,25.88185928,22.97707031,0.9120317658,25.88220962,22.97738132
original·lixo_com·banheiro_v00495·varimax·50_50·global,original,com,v00495,varimax,50_50,global,8,"Água inadequada, Esgoto inadequado, Lixo inadequado, Razão de moradores, Analfabetismo 15+, Renda (invertida), Cor/raça PPI, Sem banheiro",75955,28153,73877,14705,0.7915047567,0.6905982355,Lixo inadequado,211934.3952,28,3,2,21,True,True,True,True,0.3939868183,Sem banheiro,0.5326181078,Esgoto inadequado,True,50,0,36.65217848,0.8378652248,0.8363983476,0.767003141,31,0.7646722779,31,0,,,,,,,False,0.8436683467,31.97433607,28.03947048,0.843662413,31.97476887,28.03985002
original·lixo_com·banheiro_v00495·varimax·60_40·municipal,original,com,v00495,varimax,60_40,municipal,8,"Água inadequada, Esgoto inadequado, Lixo inadequado, Razão de moradores, Analfabetismo 15+, Renda (invertida), Cor/raça PPI, Sem banheiro",75955,28153,73877,14705,0.7915047567,0.6905982355,Lixo inadequado,211934.3952,28,3,2,21,True,True,True,True,0.3939868183,Sem banheiro,0.5326181078,Esgoto inadequado,True,60,0,29.32174278,0.8613869968,0.860279805,0.8247956326,31,0.8387001561,31,0,24.5,11,84.5,40,1,6,False,0.9368310097,20.93045291,19.67297436,0.9368285307,20.93073622,19.67324066
original·lixo_com·banheiro_v00495·varimax·60_40·global,original,com,v00495,varimax,60_40,global,8,"Água inadequada, Esgoto inadequado, Lixo inadequado, Razão de moradores, Analfabetismo 15+, Renda (invertida), Cor/raça PPI, Sem banheiro",75955,28153,73877,14705,0.7915047567,0.6905982355,Lixo inadequado,211934.3952,28,3,2,21,True,True,True,True,0.3939868183,Sem banheiro,0.5326181078,Esgoto inadequado,True,60,0,29.32174278,0.8498002562,0.8487244062,0.7908788141,31,0.7954353339,31,0,,,,,,,False,0.8742235429,26.97690788,24.36719998,0.8742187788,26.97727303,24.36752981
original·lixo_com·banheiro_v00495·promax·ss_padrao·municipal,original,com,v00495,promax,ss_padrao,municipal,8,"Água inadequada, Esgoto inadequado, Lixo inadequado, Razão de moradores, Analfabetismo 15+, Renda (invertida), Cor/raça PPI, Sem banheiro",75955,28153,73877,14705,0.7915047567,0.6905982355,Lixo inadequado,211934.3952,28,3,2,21,True,True,True,True,0.3939868183,Sem banheiro,0.4949907305,Esgoto inadequado,True,65.6588699,10.10781294,15.18688342,0.863751628,0.8626154582,0.8363768257,31,0.8436321743,31,0,89,6,84.5,59.83333333,2,89,False,0.9348609796,20.54468177,19.89496196,0.9348584235,20.54495987,19.89523126
original·lixo_com·banheiro_v00495·promax·ss_padrao·global,original,com,v00495,promax,ss_padrao,global,8,"Água inadequada, Esgoto inadequado, Lixo inadequado, Razão de moradores, Analfabetismo 15+, Renda (invertida), Cor/raça PPI, Sem banheiro",75955,28153,73877,14705,0.7915047567,0.6905982355,Lixo inadequado,211934.3952,28,3,2,21,True,True,True,True,0.3939868183,Sem banheiro,0.4949907305,Esgoto inadequado,True,65.6588699,10.10781294,15.18688342,0.8554187555,0.8545742774,0.8052582027,31,0.8053166111,31,0,,,,,,,False,0.8782346306,25.38509434,23.39938818,0.8782300171,25.38543796,23.39970491
original·lixo_com·banheiro_v00495·promax·ss_estrutura·municipal,original,com,v00495,promax,ss_estrutura,municipal,8,"Água inadequada, Esgoto inadequado, Lixo inadequado, Razão de moradores, Analfabetismo 15+, Renda (invertida), Cor/raça PPI, Sem banheiro",75955,28153,73877,14705,0.7915047567,0.6905982355,Lixo inadequado,211934.3952,28,3,2,21,True,True,True,True,0.3939868183,Sem banheiro,0.4949907305,Esgoto inadequado,True,61.24470046,13.17622298,15.05422202,0.8604366262,0.8592280907,0.8274909747,31,0.8392904749,31,0,92,8,84.5,61.5,2,91,False,0.9267362531,22.23666044,20.82487344,0.9267333825,22.23696144,20.82515533
original·lixo_com·banheiro_v00495·promax·ss_estrutura·global,original,com,v00495,promax,ss_estrutura,global,8,"Água inadequada, Esgoto inadequado, Lixo inadequado, Razão de moradores, Analfabetismo 15+, Renda (invertida), Cor/raça PPI, Sem banheiro",75955,28153,73877,14705,0.7915047567,0.6905982355,Lixo inadequado,211934.3952,28,3,2,21,True,True,True,True,0.3939868183,Sem banheiro,0.4949907305,Esgoto inadequado,True,61.24470046,13.17622298,15.05422202,0.8500724046,0.8490606551,0.7943448166,31,0.7908370221,31,0,,,,,,,False,0.8647469796,27.81342213,24.77192128,0.8647418502,27.81379861,24.77225659
original·lixo_com·banheiro_v00495·promax·comunalidades·municipal,original,com,v00495,promax,comunalidades,municipal,8,"Água inadequada, Esgoto inadequado, Lixo inadequado, Razão de moradores, Analfabetismo 15+, Renda (invertida), Cor/raça PPI, Sem banheiro",75955,28153,73877,14705,0.7915047567,0.6905982355,Lixo inadequado,211934.3952,28,3,2,21,True,True,True,True,0.3939868183,Sem banheiro,0.4949907305,Esgoto inadequado,True,60.7353634,21.21779319,7.15048717,0.8599958809,0.8587767361,0.8264549901,31,0.8384430818,31,0,95,13.5,84.5,64.33333333,2,94,False,0.9256412106,22.46135521,20.93722082,0.9256382982,22.46165924,20.93750423
original·lixo_com·banheiro_v00495·promax·comunalidades·global,original,com,v00495,promax,comunalidades,global,8,"Água inadequada, Esgoto inadequado, Lixo inadequado, Razão de moradores, Analfabetismo 15+, Renda (invertida), Cor/raça PPI, Sem banheiro",75955,28153,73877,14705,0.7915047567,0.6905982355,Lixo inadequado,211934.3952,28,3,2,21,True,True,True,True,0.3939868183,Sem banheiro,0.4949907305,Esgoto inadequado,True,60.7353634,21.21779319,7.15048717,0.8494355167,0.848403137,0.7930352431,31,0.7894749019,31,0,,,,,,,False,0.8631307245,28.13963562,24.94788706,0.8631255334,28.14001651,24.94822475
original·lixo_com·banheiro_v00495·promax·50_50·municipal,original,com,v00495,promax,50_50,municipal,8,"Água inadequada, Esgoto inadequado, Lixo inadequado, Razão de moradores, Analfabetismo 15+, Renda (invertida), Cor/raça PPI, Sem banheiro",75955,28153,73877,14705,0.7915047567,0.6905982355,Lixo inadequado,211934.3952,28,3,2,21,True,True,True,True,0.3939868183,Sem banheiro,0.4949907305,Esgoto inadequado,True,50,0,35.27835598,0.8486325212,0.8471231152,0.8094172494,31,0.8060674368,31,0,24.5,65.5,84.5,58.16666667,2,86,False,0.8969276885,27.32207152,24.02745066,0.8969236837,27.32244136,24.0277759
original·lixo_com·banheiro_v00495·promax·50_50·global,original,com,v00495,promax,50_50,global,8,"Água inadequada, Esgoto inadequado, Lixo inadequado, Razão de moradores, Analfabetismo 15+, Renda (invertida), Cor/raça PPI, Sem banheiro",75955,28153,73877,14705,0.7915047567,0.6905982355,Lixo inadequado,211934.3952,28,3,2,21,True,True,True,True,0.3939868183,Sem banheiro,0.4949907305,Esgoto inadequado,True,50,0,35.27835598,0.836131697,0.8347393698,0.7641047623,31,0.7610922802,31,0,,,,,,,False,0.8299313428,33.27106852,28.80018409,0.8299248781,33.27151888,28.80057393
original·lixo_com·banheiro_v00495·promax·60_40·municipal,original,com,v00495,promax,60_40,municipal,8,"Água inadequada, Esgoto inadequado, Lixo inadequado, Razão de moradores, Analfabetismo 15+, Renda (invertida), Cor/raça PPI, Sem banheiro",75955,28153,73877,14705,0.7915047567,0.6905982355,Lixo inadequado,211934.3952,28,3,2,21,True,True,True,True,0.3939868183,Sem banheiro,0.4949907305,Esgoto inadequado,True,60,0,28.22268479,0.8593428719,0.8581081639,0.8248522218,31,0.8374719123,31,0,24.5,18,84.5,42.33333333,1,23,False,0.9240062887,22.75643629,21.14025826,0.9240033138,22.75674432,21.14054442
original·lixo_com·banheiro_v00495·promax·60_40·global,original,com,v00495,promax,60_40,global,8,"Água inadequada, Esgoto inadequado, Lixo inadequado, Razão de moradores, Analfabetismo 15+, Renda (invertida), Cor/raça PPI, Sem banheiro",75955,28153,73877,14705,0.7915047567,0.6905982355,Lixo inadequado,211934.3952,28,3,2,21,True,True,True,True,0.3939868183,Sem banheiro,0.4949907305,Esgoto inadequado,True,60,0,28.22268479,0.848513257,0.8474524605,0.7910653129,31,0.7874216301,31,0,,,,,,,False,0.8607890584,28.49833509,25.18070332,0.8607837777,28.49872085,25.18104417
original·lixo_com·banheiro_graduado·sem_rotacao·unico·municipal,original,com,graduado,sem_rotacao,unico,municipal,8,"Água inadequada, Esgoto inadequado, Lixo inadequado, Razão de moradores, Analfabetismo 15+, Renda (invertida), Cor/raça PPI, Banheiro graduado",73878,30230,73877,13470,0.7741475756,0.6426418374,Lixo inadequado,192171.6836,28,3,3,34,True,True,False,False,0.05876218587,Lixo inadequado,0.2424091291,Lixo inadequado,False,100,,,0.8569117467,0.8569720505,0.8454148682,31,0.8454148682,31,1,,,,,,,False,0.9762110023,10.02598879,10.21684399,0.9762100813,10.0261245,10.21698228
original·lixo_com·banheiro_graduado·sem_rotacao·unico·global,original,com,graduado,sem_rotacao,unico,global,8,"Água inadequada, Esgoto inadequado, Lixo inadequado, Razão de moradores, Analfabetismo 15+, Renda (invertida), Cor/raça PPI, Banheiro graduado",73878,30230,73877,13470,0.7741475756,0.6426418374,Lixo inadequado,192171.6836,28,3,3,34,True,True,False,False,0.05876218587,Lixo inadequado,0.2424091291,Lixo inadequado,False,100,,,0.853552576,0.8536159255,0.8216356075,31,0.8216356075,31,1,,,,,,,False,0.9334579097,13.24886976,14.08538401,0.9334554508,13.2490491,14.08557467
original·lixo_com·banheiro_graduado·varimax·ss·municipal,original,com,graduado,varimax,ss,municipal,8,"Água inadequada, Esgoto inadequado, Lixo inadequado, Razão de moradores, Analfabetismo 15+, Renda (invertida), Cor/raça PPI, Banheiro graduado",73878,30230,73877,13470,0.7741475756,0.6426418374,Lixo inadequado,192171.6836,28,3,3,34,True,True,False,True,0.2985807515,Banheiro graduado,0.5010129008,Esgoto inadequado,False,68.81423997,,,0.8613878362,0.8614488324,0.8422039837,31,0.8422039837,31,1,,,,,,,False,0.9288677856,21.27155581,19.81510057,0.9288649884,21.27184374,19.81536879
original·lixo_com·banheiro_graduado·varimax·ss·global,original,com,graduado,varimax,ss,global,8,"Água inadequada, Esgoto inadequado, Lixo inadequado, Razão de moradores, Analfabetismo 15+, Renda (invertida), Cor/raça PPI, Banheiro graduado",73878,30230,73877,13470,0.7741475756,0.6426418374,Lixo inadequado,192171.6836,28,3,3,34,True,True,False,True,0.2985807515,Banheiro graduado,0.5010129008,Esgoto inadequado,False,68.81423997,,,0.8503723357,0.8504354565,0.796808297,31,0.796808297,31,1,,,,,,,False,0.8630078291,26.23243726,23.47248166,0.8630026199,26.23279234,23.47279938
original·lixo_com·banheiro_graduado·varimax·50_50·municipal,original,com,graduado,varimax,50_50,municipal,8,"Água inadequada, Esgoto inadequado, Lixo inadequado, Razão de moradores, Analfabetismo 15+, Renda (invertida), Cor/raça PPI, Banheiro graduado",73878,30230,73877,13470,0.7741475756,0.6426418374,Lixo inadequado,192171.6836,28,3,3,34,True,True,False,True,0.2985807515,Banheiro graduado,0.5010129008,Esgoto inadequado,False,50,,,0.8385906177,0.8386499153,0.7954971952,31,0.7954971952,31,1,,,,,,,False,0.8672897342,29.61504101,24.7854571,0.867284582,29.61544188,24.7857926
original·lixo_com·banheiro_graduado·varimax·50_50·global,original,com,graduado,varimax,50_50,global,8,"Água inadequada, Esgoto inadequado, Lixo inadequado, Razão de moradores, Analfabetismo 15+, Renda (invertida), Cor/raça PPI, Banheiro graduado",73878,30230,73877,13470,0.7741475756,0.6426418374,Lixo inadequado,192171.6836,28,3,3,34,True,True,False,True,0.2985807515,Banheiro graduado,0.5010129008,Esgoto inadequado,False,50,,,0.8251186107,0.8251798491,0.7550157953,31,0.7550157953,31,1,,,,,,,False,0.7970150193,35.64254582,30.23227483,0.7970072647,35.64302828,30.23268406
original·lixo_com·banheiro_graduado·varimax·60_40·municipal,original,com,graduado,varimax,60_40,municipal,8,"Água inadequada, Esgoto inadequado, Lixo inadequado, Razão de moradores, Analfabetismo 15+, Renda (invertida), Cor/raça PPI, Banheiro graduado",73878,30230,73877,13470,0.7741475756,0.6426418374,Lixo inadequado,192171.6836,28,3,3,34,True,True,False,True,0.2985807515,Banheiro graduado,0.5010129008,Esgoto inadequado,False,60,,,0.8516498021,0.8517100926,0.817643987,31,0.817643987,31,1,,,,,,,False,0.9011780478,24.95059422,21.80216032,0.9011741852,24.95093195,21.80245543
original·lixo_com·banheiro_graduado·varimax·60_40·global,original,com,graduado,varimax,60_40,global,8,"Água inadequada, Esgoto inadequado, Lixo inadequado, Razão de moradores, Analfabetismo 15+, Renda (invertida), Cor/raça PPI, Banheiro graduado",73878,30230,73877,13470,0.7741475756,0.6426418374,Lixo inadequado,192171.6836,28,3,3,34,True,True,False,True,0.2985807515,Banheiro graduado,0.5010129008,Esgoto inadequado,False,60,,,0.8378923764,0.8379545681,0.7760245191,31,0.7760245191,31,1,,,,,,,False,0.8300681249,31.03088876,26.20401202,0.8300616485,31.0313088,26.20436672
original·lixo_com·banheiro_graduado·promax·ss_padrao·municipal,original,com,graduado,promax,ss_padrao,municipal,8,"Água inadequada, Esgoto inadequado, Lixo inadequado, Razão de moradores, Analfabetismo 15+, Renda (invertida), Cor/raça PPI, Banheiro graduado",73878,30230,73877,13470,0.7741475756,0.6426418374,Lixo inadequado,192171.6836,28,3,3,34,True,True,False,True,0.2985807515,Banheiro graduado,0.4524466839,Esgoto inadequado,False,68.36393263,,,0.8637158439,0.8637768962,0.8456411624,31,0.8456411624,31,1,,,,,,,False,0.933171855,20.49053846,19.85435448,0.9331692312,20.49081582,19.85462323
original·lixo_com·banheiro_graduado·promax·ss_padrao·global,original,com,graduado,promax,ss_padrao,global,8,"Água inadequada, Esgoto inadequado, Lixo inadequado, Razão de moradores, Analfabetismo 15+, Renda (invertida), Cor/raça PPI, Banheiro graduado",73878,30230,73877,13470,0.7741475756,0.6426418374,Lixo inadequado,192171.6836,28,3,3,34,True,True,False,True,0.2985807515,Banheiro graduado,0.4524466839,Esgoto inadequado,False,68.36393263,,,0.8575837424,0.857647401,0.8128618163,31,0.8128618163,31,1,,,,,,,False,0.8737211166,24.22913452,22.39367606,0.8737163179,24.22946248,22.39397918
original·lixo_com·banheiro_graduado·promax·ss_estrutura·municipal,original,com,graduado,promax,ss_estrutura,municipal,8,"Água inadequada, Esgoto inadequado, Lixo inadequado, Razão de moradores, Analfabetismo 15+, Renda (invertida), Cor/raça PPI, Banheiro graduado",73878,30230,73877,13470,0.7741475756,0.6426418374,Lixo inadequado,192171.6836,28,3,3,34,True,True,False,True,0.2985807515,Banheiro graduado,0.4524466839,Esgoto inadequado,False,64.6110412,,,0.8612704151,0.8613313129,0.841899303,31,0.841899303,31,1,,,,,,,False,0.9257870829,21.75478492,20.4945992,0.9257841719,21.75507939,20.49487662
original·lixo_com·banheiro_graduado·promax·ss_estrutura·global,original,com,graduado,promax,ss_estrutura,global,8,"Água inadequada, Esgoto inadequado, Lixo inadequado, Razão de moradores, Analfabetismo 15+, Renda (invertida), Cor/raça PPI, Banheiro graduado",73878,30230,73877,13470,0.7741475756,0.6426418374,Lixo inadequado,192171.6836,28,3,3,34,True,True,False,True,0.2985807515,Banheiro graduado,0.4524466839,Esgoto inadequado,False,64.6110412,,,0.8528559556,0.8529192633,0.8022587467,31,0.8022587467,31,1,,,,,,,False,0.8621135051,26.20265844,23.51579631,0.862108263,26.20301312,23.51611462
original·lixo_com·banheiro_graduado·promax·comunalidades·municipal,original,com,graduado,promax,comunalidades,municipal,8,"Água inadequada, Esgoto inadequado, Lixo inadequado, Razão de moradores, Analfabetismo 15+, Renda (invertida), Cor/raça PPI, Banheiro graduado",73878,30230,73877,13470,0.7741475756,0.6426418374,Lixo inadequado,192171.6836,28,3,3,34,True,True,False,True,0.2985807515,Banheiro graduado,0.4524466839,Esgoto inadequado,False,62.68059819,,,0.8597304022,0.8597911943,0.8393666451,31,0.8393666451,31,1,,,,,,,False,0.9213555132,22.37066515,20.85735943,0.9213524317,22.37096796,20.85764176
original·lixo_com·banheiro_graduado·promax·comunalidades·global,original,com,graduado,promax,comunalidades,global,8,"Água inadequada, Esgoto inadequado, Lixo inadequado, Razão de moradores, Analfabetismo 15+, Renda (invertida), Cor/raça PPI, Banheiro graduado",73878,30230,73877,13470,0.7741475756,0.6426418374,Lixo inadequado,192171.6836,28,3,3,34,True,True,False,True,0.2985807515,Banheiro graduado,0.4524466839,Esgoto inadequado,False,62.68059819,,,0.8503264476,0.8503895662,0.7974664663,31,0.7974664663,31,1,,,,,,,False,0.8559030011,27.24627088,24.09648339,0.8558975219,27.24663968,24.09680956
original·lixo_com·banheiro_graduado·promax·50_50·municipal,original,com,graduado,promax,50_50,municipal,8,"Água inadequada, Esgoto inadequado, Lixo inadequado, Razão de moradores, Analfabetismo 15+, Renda (invertida), Cor/raça PPI, Banheiro graduado",73878,30230,73877,13470,0.7741475756,0.6426418374,Lixo inadequado,192171.6836,28,3,3,34,True,True,False,True,0.2985807515,Banheiro graduado,0.4524466839,Esgoto inadequado,False,50,,,0.8462716311,0.8463314473,0.8095210822,31,0.8095210822,31,1,,,,,,,False,0.8858913515,27.27198895,23.43187417,0.8858869225,27.27235811,23.43219135
original·lixo_com·banheiro_graduado·promax·50_50·global,original,com,graduado,promax,50_50,global,8,"Água inadequada, Esgoto inadequado, Lixo inadequado, Razão de moradores, Analfabetismo 15+, Renda (invertida), Cor/raça PPI, Banheiro graduado",73878,30230,73877,13470,0.7741475756,0.6426418374,Lixo inadequado,192171.6836,28,3,3,34,True,True,False,True,0.2985807515,Banheiro graduado,0.4524466839,Esgoto inadequado,False,50,,,0.834282408,0.8343443341,0.7659710276,31,0.7659710276,31,1,,,,,,,False,0.8174016197,33.44297355,28.35756247,0.8173946637,33.44342624,28.35794632
original·lixo_com·banheiro_graduado·promax·60_40·municipal,original,com,graduado,promax,60_40,municipal,8,"Água inadequada, Esgoto inadequado, Lixo inadequado, Razão de moradores, Analfabetismo 15+, Renda (invertida), Cor/raça PPI, Banheiro graduado",73878,30230,73877,13470,0.7741475756,0.6426418374,Lixo inadequado,192171.6836,28,3,3,34,True,True,False,True,0.2985807515,Banheiro graduado,0.4524466839,Esgoto inadequado,False,60,,,0.8573123694,0.8573729918,0.8358342537,31,0.8358342537,31,1,,,,,,,False,0.9145721028,23.30057663,21.23636265,0.9145687599,23.30089202,21.23665011
original·lixo_com·banheiro_graduado·promax·60_40·global,original,com,graduado,promax,60_40,global,8,"Água inadequada, Esgoto inadequado, Lixo inadequado, Razão de moradores, Analfabetismo 15+, Renda (invertida), Cor/raça PPI, Banheiro graduado",73878,30230,73877,13470,0.7741475756,0.6426418374,Lixo inadequado,192171.6836,28,3,3,34,True,True,False,True,0.2985807515,Banheiro graduado,0.4524466839,Esgoto inadequado,False,60,,,0.8467893073,0.8468521633,0.7906499583,31,0.7906499583,31,1,,,,,,,False,0.8473140576,28.67700804,24.9045724,0.8473082504,28.67739621,24.90490951
original·lixo_sem·banheiro_fora·sem_rotacao·unico·municipal,original,sem,fora,sem_rotacao,unico,municipal,6,"Água inadequada, Esgoto inadequado, Razão de moradores, Analfabetismo 15+, Renda (invertida), Cor/raça PPI",87545,16563,73877,18901,0.7870362244,0.7153463626,Renda (invertida),225320.1766,15,1,1,3,True,True,False,True,0.2529869031,Água inadequada,0.5029780344,Água inadequada,False,100,,,0.8446364656,0.8512017125,0.8333806214,31,0.8424129858,31,0,,,,,,,False,0.9768662336,10.26286581,11.86415442,0.9768653466,10.26300472,11.86431501
original·lixo_sem·banheiro_fora·sem_rotacao·unico·global,original,sem,fora,sem_rotacao,unico,global,6,"Água inadequada, Esgoto inadequado, Razão de moradores, Analfabetismo 15+, Renda (invertida), Cor/raça PPI",87545,16563,73877,18901,0.7870362244,0.7153463626,Renda (invertida),225320.1766,15,1,1,3,True,True,False,True,0.2529869031,Água inadequada,0.5029780344,Água inadequada,False,100,,,0.8378426406,0.8447001108,0.8069825655,31,0.8172851776,31,0,,,,,,,False,0.9387862654,14.53612713,15.07485314,0.9387840231,14.53632389,15.07505719
original·lixo_sem·banheiro_fora·varimax·ss·municipal,original,sem,fora,varimax,ss,municipal,6,"Água inadequada, Esgoto inadequado, Razão de moradores, Analfabetismo 15+, Renda (invertida), Cor/raça PPI",87545,16563,73877,18901,0.7870362244,0.7153463626,Renda (invertida),225320.1766,15,1,1,3,True,True,True,True,0.3804366021,Razão de moradores,0.5319926884,Razão de moradores,True,65.01061148,3.695301614,4.138111914,0.824026126,0.8313017021,0.7958612004,31,0.803349132,31,0,62,74,12.5,49.5,2,56,False,0.9954359636,10.35761661,10.26692655,0.9954357836,10.35775681,10.26706553
original·lixo_sem·banheiro_fora·varimax·ss·global,original,sem,fora,varimax,ss,global,6,"Água inadequada, Esgoto inadequado, Razão de moradores, Analfabetismo 15+, Renda (invertida), Cor/raça PPI",87545,16563,73877,18901,0.7870362244,0.7153463626,Renda (invertida),225320.1766,15,1,1,3,True,True,True,True,0.3804366021,Razão de moradores,0.5319926884,Razão de moradores,True,65.01061148,3.695301614,4.138111914,0.8130914637,0.8206934007,0.7650723228,31,0.7662303665,31,0,,,,,,,False,0.9359073798,16.97934432,15.61222556,0.9359050257,16.97957416,15.61243689
original·lixo_sem·banheiro_fora·varimax·50_50·municipal,original,sem,fora,varimax,50_50,municipal,6,"Água inadequada, Esgoto inadequado, Razão de moradores, Analfabetismo 15+, Renda (invertida), Cor/raça PPI",87545,16563,73877,18901,0.7870362244,0.7153463626,Renda (invertida),225320.1766,15,1,1,3,True,True,True,True,0.3804366021,Razão de moradores,0.5319926884,Razão de moradores,True,50,0,6.550051241,0.8088149106,0.8162178344,0.7772516728,31,0.7901098241,31,0,24.5,95,12.5,44,2,29,False,0.981381275,19.00565798,15.10869271,0.9813805309,19.00591524,15.10889722
original·lixo_sem·banheiro_fora·varimax·50_50·global,original,sem,fora,varimax,50_50,global,6,"Água inadequada, Esgoto inadequado, Razão de moradores, Analfabetismo 15+, Renda (invertida), Cor/raça PPI",87545,16563,73877,18901,0.7870362244,0.7153463626,Renda (invertida),225320.1766,15,1,1,3,True,True,True,True,0.3804366021,Razão de moradores,0.5319926884,Razão de moradores,True,50,0,6.550051241,0.80030871,0.8079000174,0.7493314696,31,0.7535576923,31,0,,,,,,,False,0.9209659604,25.06970952,19.6702672,0.9209630185,25.07004887,19.67053345
original·lixo_sem·banheiro_fora·varimax·60_40·municipal,original,sem,fora,varimax,60_40,municipal,6,"Água inadequada, Esgoto inadequado, Razão de moradores, Analfabetismo 15+, Renda (invertida), Cor/raça PPI",87545,16563,73877,18901,0.7870362244,0.7153463626,Renda (invertida),225320.1766,15,1,1,3,True,True,True,True,0.3804366021,Razão de moradores,0.5319926884,Razão de moradores,True,60,0,5.240040992,0.8186645565,0.8259950202,0.7893956205,31,0.7973965086,31,0,24.5,89,12.5,42,1,18,False,0.9920549249,13.29624516,11.85332575,0.9920546092,13.29642514,11.8534862
original·lixo_sem·banheiro_fora·varimax·60_40·global,original,sem,fora,varimax,60_40,global,6,"Água inadequada, Esgoto inadequado, Razão de moradores, Analfabetismo 15+, Renda (invertida), Cor/raça PPI",87545,16563,73877,18901,0.7870362244,0.7153463626,Renda (invertida),225320.1766,15,1,1,3,True,True,True,True,0.3804366021,Razão de moradores,0.5319926884,Razão de moradores,True,60,0,5.240040992,0.8086147573,0.8162300377,0.7589947733,31,0.7613461538,31,0,,,,,,,False,0.9314259265,19.83405073,17.00235523,0.9314233958,19.83431921,17.00258538
original·lixo_sem·banheiro_fora·promax·ss_padrao·municipal,original,sem,fora,promax,ss_padrao,municipal,6,"Água inadequada, Esgoto inadequado, Razão de moradores, Analfabetismo 15+, Renda (invertida), Cor/raça PPI",87545,16563,73877,18901,0.7870362244,0.7153463626,Renda (invertida),225320.1766,15,1,1,3,True,True,True,True,0.3804366021,Razão de moradores,0.4899656863,Razão de moradores,True,65.81581765,4.791710866,5.51646381,0.8235262055,0.83125188,0.7943256733,31,0.8065477979,31,0,74,60,12.5,48.83333333,2,54,False,0.9948903134,9.725493381,10.28587672,0.9948901154,9.725625025,10.28601595
original·lixo_sem·banheiro_fora·promax·ss_padrao·global,original,sem,fora,promax,ss_padrao,global,6,"Água inadequada, Esgoto inadequado, Razão de moradores, Analfabetismo 15+, Renda (invertida), Cor/raça PPI",87545,16563,73877,18901,0.7870362244,0.7153463626,Renda (invertida),225320.1766,15,1,1,3,True,True,True,True,0.3804366021,Razão de moradores,0.4899656863,Razão de moradores,True,65.81581765,4.791710866,5.51646381,0.8114606186,0.8194244011,0.7614435855,31,0.7619764398,31,0,,,,,,,False,0.9353286792,16.37158559,15.59056823,0.935326298,16.37180719,15.59077927
original·lixo_sem·banheiro_fora·promax·ss_estrutura·municipal,original,sem,fora,promax,ss_estrutura,municipal,6,"Água inadequada, Esgoto inadequado, Razão de moradores, Analfabetismo 15+, Renda (invertida), Cor/raça PPI",87545,16563,73877,18901,0.7870362244,0.7153463626,Renda (invertida),225320.1766,15,1,1,3,True,True,True,True,0.3804366021,Razão de moradores,0.4899656863,Razão de moradores,True,59.64068936,3.577862177,4.149259897,0.8168445706,0.8246389569,0.783939894,31,0.8017765909,31,0,57,87,12.5,52.16666667,2,72,False,0.9904214937,13.14599746,12.1592355,0.990421116,13.1461754,12.15940008
original·lixo_sem·banheiro_fora·promax·ss_estrutura·global,original,sem,fora,promax,ss_estrutura,global,6,"Água inadequada, Esgoto inadequado, Razão de moradores, Analfabetismo 15+, Renda (invertida), Cor/raça PPI",87545,16563,73877,18901,0.7870362244,0.7153463626,Renda (invertida),225320.1766,15,1,1,3,True,True,True,True,0.3804366021,Razão de moradores,0.4899656863,Razão de moradores,True,59.64068936,3.577862177,4.149259897,0.805944669,0.8139105268,0.7555589334,31,0.7543848168,31,0,,,,,,,False,0.9295979727,19.91797287,17.31909364,0.929595366,19.91824248,17.31932807
original·lixo_sem·banheiro_fora·promax·comunalidades·municipal,original,sem,fora,promax,comunalidades,municipal,6,"Água inadequada, Esgoto inadequado, Razão de moradores, Analfabetismo 15+, Renda (invertida), Cor/raça PPI",87545,16563,73877,18901,0.7870362244,0.7153463626,Renda (invertida),225320.1766,15,1,1,3,True,True,True,True,0.3804366021,Razão de moradores,0.4899656863,Razão de moradores,True,65.76472706,9.130732487,4.583906667,0.8234688402,0.8311949307,0.7942170062,31,0.8065181738,31,0,87,63,12.5,54.16666667,2,78,False,0.9948655061,9.770161618,10.31294837,0.9948653071,9.770293867,10.31308797
original·lixo_sem·banheiro_fora·promax·comunalidades·global,original,sem,fora,promax,comunalidades,global,6,"Água inadequada, Esgoto inadequado, Razão de moradores, Analfabetismo 15+, Renda (invertida), Cor/raça PPI",87545,16563,73877,18901,0.7870362244,0.7153463626,Renda (invertida),225320.1766,15,1,1,3,True,True,True,True,0.3804366021,Razão de moradores,0.4899656863,Razão de moradores,True,65.76472706,9.130732487,4.583906667,0.8114131259,0.8193771035,0.7612915834,31,0.7618891798,31,0,,,,,,,False,0.9352850073,16.40677874,15.61222556,0.9352826244,16.40700083,15.61243689
original·lixo_sem·banheiro_fora·promax·50_50·municipal,original,sem,fora,promax,50_50,municipal,6,"Água inadequada, Esgoto inadequado, Razão de moradores, Analfabetismo 15+, Renda (invertida), Cor/raça PPI",87545,16563,73877,18901,0.7870362244,0.7153463626,Renda (invertida),225320.1766,15,1,1,3,True,True,True,True,0.3804366021,Razão de moradores,0.4899656863,Razão de moradores,True,50,0,5.862194055,0.8073367932,0.8152051817,0.7726700252,31,0.7936851508,31,0,24.5,92,12.5,43,2,25,False,0.9797207555,18.73088064,15.26976908,0.9797199487,18.73113418,15.26997577
original·lixo_sem·banheiro_fora·promax·50_50·global,original,sem,fora,promax,50_50,global,6,"Água inadequada, Esgoto inadequado, Razão de moradores, Analfabetismo 15+, Renda (invertida), Cor/raça PPI",87545,16563,73877,18901,0.7870362244,0.7153463626,Renda (invertida),225320.1766,15,1,1,3,True,True,True,True,0.3804366021,Razão de moradores,0.4899656863,Razão de moradores,True,50,0,5.862194055,0.7979775028,0.8058918733,0.7468903205,31,0.7476923077,31,0,,,,,,,False,0.9192968806,24.98308021,19.91661929,0.9192938697,24.98341838,19.91688888
original·lixo_sem·banheiro_fora·promax·60_40·municipal,original,sem,fora,promax,60_40,municipal,6,"Água inadequada, Esgoto inadequado, Razão de moradores, Analfabetismo 15+, Renda (invertida), Cor/raça PPI",87545,16563,73877,18901,0.7870362244,0.7153463626,Renda (invertida),225320.1766,15,1,1,3,True,True,True,True,0.3804366021,Razão de moradores,0.4899656863,Razão de moradores,True,60,0,4.689755244,0.8172186695,0.8250090244,0.7845044732,31,0.8020462137,31,0,24.5,84,12.5,40.33333333,1,11,False,0.9907485078,12.95378868,12.02252362,0.9907481432,12.95396402,12.02268636
original·lixo_sem·banheiro_fora·promax·60_40·global,original,sem,fora,promax,60_40,global,6,"Água inadequada, Esgoto inadequado, Razão de moradores, Analfabetismo 15+, Renda (invertida), Cor/raça PPI",87545,16563,73877,18901,0.7870362244,0.7153463626,Renda (invertida),225320.1766,15,1,1,3,True,True,True,True,0.3804366021,Razão de moradores,0.4899656863,Razão de moradores,True,60,0,4.689755244,0.8062560591,0.8142227109,0.7558195084,31,0.754886562,31,0,,,,,,,False,0.9299529057,19.71628902,17.22434284,0.929950313,19.7165559,17.22457598
original·lixo_sem·banheiro_v00495·sem_rotacao·unico·municipal,original,sem,v00495,sem_rotacao,unico,municipal,7,"Água inadequada, Esgoto inadequado, Razão de moradores, Analfabetismo 15+, Renda (invertida), Cor/raça PPI, Sem banheiro",75955,28153,73877,14705,0.7966594869,0.7208752324,Renda (invertida),203868.1469,21,2,2,18,True,True,False,True,0.1632118903,Sem banheiro,0.4039949137,Sem banheiro,False,100,,,0.8518163201,0.8499129079,0.844523006,31,0.8429807692,31,0,,,,,,,False,0.9785600105,8.355667452,8.298816969,0.9785591951,8.355780554,8.298929301
original·lixo_sem·banheiro_v00495·sem_rotacao·unico·global,original,sem,v00495,sem_rotacao,unico,global,7,"Água inadequada, Esgoto inadequado, Razão de moradores, Analfabetismo 15+, Renda (invertida), Cor/raça PPI, Sem banheiro",75955,28153,73877,14705,0.7966594869,0.7208752324,Renda (invertida),203868.1469,21,2,2,18,True,True,False,True,0.1632118903,Sem banheiro,0.4039949137,Sem banheiro,False,100,,,0.8465641602,0.8448832383,0.8191587731,31,0.8176456715,31,0,,,,,,,False,0.9388840997,12.25533988,12.36768727,0.9388818614,12.25550577,12.36785468
original·lixo_sem·banheiro_v00495·varimax·ss·municipal,original,sem,v00495,varimax,ss,municipal,7,"Água inadequada, Esgoto inadequado, Razão de moradores, Analfabetismo 15+, Renda (invertida), Cor/raça PPI, Sem banheiro",75955,28153,73877,14705,0.7966594869,0.7208752324,Renda (invertida),203868.1469,21,2,2,18,True,True,True,True,0.3835560808,Razão de moradores,0.5883184196,Razão de moradores,True,64.60469111,3.686727329,4.800296408,0.8400003542,0.8376976176,0.8298368298,31,0.8289005766,31,0,59,29.5,48.5,45.66666667,3,37,False,0.9974441164,3.032025772,3.505779799,0.9974440173,3.032066814,3.505827253
original·lixo_sem·banheiro_v00495·varimax·ss·global,original,sem,v00495,varimax,ss,global,7,"Água inadequada, Esgoto inadequado, Razão de moradores, Analfabetismo 15+, Renda (invertida), Cor/raça PPI, Sem banheiro",75955,28153,73877,14705,0.7966594869,0.7208752324,Renda (invertida),203868.1469,21,2,2,18,True,True,True,True,0.3835560808,Razão de moradores,0.5883184196,Razão de moradores,True,64.60469111,3.686727329,4.800296408,0.8311202681,0.829105534,0.7916080351,31,0.7883741789,31,0,,,,,,,False,0.9419760752,9.634803324,10.17488292,0.9419739638,9.634933741,10.17502064
original·lixo_sem·banheiro_v00495·varimax·50_50·municipal,original,sem,v00495,varimax,50_50,municipal,7,"Água inadequada, Esgoto inadequado, Razão de moradores, Analfabetismo 15+, Renda (invertida), Cor/raça PPI, Sem banheiro",75955,28153,73877,14705,0.7966594869,0.7208752324,Renda (invertida),203868.1469,21,2,2,18,True,True,True,True,0.3835560808,Razão de moradores,0.5883184196,Razão de moradores,True,50,0,4.615570732,0.8261145705,0.8234314529,0.8025255782,31,0.8049038462,31,0,24.5,68,48.5,47,3,40,False,0.9943026574,9.952895314,6.73542868,0.9943024318,9.953030036,6.735519851
original·lixo_sem·banheiro_v00495·varimax·50_50·global,original,sem,v00495,varimax,50_50,global,7,"Água inadequada, Esgoto inadequado, Razão de moradores, Analfabetismo 15+, Renda (invertida), Cor/raça PPI, Sem banheiro",75955,28153,73877,14705,0.7966594869,0.7208752324,Renda (invertida),203868.1469,21,2,2,18,True,True,True,True,0.3835560808,Razão de moradores,0.5883184196,Razão de moradores,True,50,0,4.615570732,0.8187919888,0.8164255097,0.760639926,31,0.7646153846,31,0,,,,,,,False,0.9321051849,17.14448144,13.98792604,0.9321026845,17.14471351,13.98811538
original·lixo_sem·banheiro_v00495·varimax·60_40·municipal,original,sem,v00495,varimax,60_40,municipal,7,"Água inadequada, Esgoto inadequado, Razão de moradores, Analfabetismo 15+, Renda (invertida), Cor/raça PPI, Sem banheiro",75955,28153,73877,14705,0.7966594869,0.7208752324,Renda (invertida),203868.1469,21,2,2,18,True,True,True,True,0.3835560808,Razão de moradores,0.5883184196,Razão de moradores,True,60,0,4.106765436,0.8356196379,0.8331925012,0.8186799819,31,0.8163461538,31,0,24.5,50,48.5,41,2,13,False,0.9986317975,4.003898319,3.64925959,0.9986317463,4.003952516,3.649308987
original·lixo_sem·banheiro_v00495·varimax·60_40·global,original,sem,v00495,varimax,60_40,global,7,"Água inadequada, Esgoto inadequado, Razão de moradores, Analfabetismo 15+, Renda (invertida), Cor/raça PPI, Sem banheiro",75955,28153,73877,14705,0.7966594869,0.7208752324,Renda (invertida),203868.1469,21,2,2,18,True,True,True,True,0.3835560808,Razão de moradores,0.5883184196,Razão de moradores,True,60,0,4.106765436,0.827047803,0.8249241461,0.7767201576,31,0.7737783595,31,0,,,,,,,False,0.9397181525,11.57719483,11.35385365,0.9397159523,11.57735154,11.35400734
original·lixo_sem·banheiro_v00495·promax·ss_padrao·municipal,original,sem,v00495,promax,ss_padrao,municipal,7,"Água inadequada, Esgoto inadequado, Razão de moradores, Analfabetismo 15+, Renda (invertida), Cor/raça PPI, Sem banheiro",75955,28153,73877,14705,0.7966594869,0.7208752324,Renda (invertida),203868.1469,21,2,2,18,True,True,True,True,0.3835560808,Razão de moradores,0.5633592506,Esgoto inadequado,True,64.2574359,4.464182659,6.774365039,0.8389927391,0.8367222151,0.8263869464,31,0.8301465202,31,0,68,26.5,48.5,47.66666667,3,48,False,0.9980501008,2.933214218,3.170091231,0.9980500241,2.933253922,3.170134142
original·lixo_sem·banheiro_v00495·promax·ss_padrao·global,original,sem,v00495,promax,ss_padrao,global,7,"Água inadequada, Esgoto inadequado, Razão de moradores, Analfabetismo 15+, Renda (invertida), Cor/raça PPI, Sem banheiro",75955,28153,73877,14705,0.7966594869,0.7208752324,Renda (invertida),203868.1469,21,2,2,18,True,True,True,True,0.3835560808,Razão de moradores,0.5633592506,Esgoto inadequado,True,64.2574359,4.464182659,6.774365039,0.8296521439,0.8276983938,0.7887223412,31,0.7871336502,31,0,,,,,,,False,0.9418180867,9.343782994,10.02192804,0.9418159669,9.343909471,10.0220637
original·lixo_sem·banheiro_v00495·promax·ss_estrutura·municipal,original,sem,v00495,promax,ss_estrutura,municipal,7,"Água inadequada, Esgoto inadequado, Razão de moradores, Analfabetismo 15+, Renda (invertida), Cor/raça PPI, Sem banheiro",75955,28153,73877,14705,0.7966594869,0.7208752324,Renda (invertida),203868.1469,21,2,2,18,True,True,True,True,0.3835560808,Razão de moradores,0.5633592506,Esgoto inadequado,True,59.27898211,3.874656184,6.171560304,0.8341760018,0.8317759219,0.8183547051,31,0.8157416195,31,0,65,55,48.5,56.16666667,3,80,False,0.9990191793,3.231002464,3.166030483,0.999019142,3.231046198,3.166073338
original·lixo_sem·banheiro_v00495·promax·ss_estrutura·global,original,sem,v00495,promax,ss_estrutura,global,7,"Água inadequada, Esgoto inadequado, Razão de moradores, Analfabetismo 15+, Renda (invertida), Cor/raça PPI, Sem banheiro",75955,28153,73877,14705,0.7966594869,0.7208752324,Renda (invertida),203868.1469,21,2,2,18,True,True,True,True,0.3835560808,Razão de moradores,0.5633592506,Esgoto inadequado,True,59.27898211,3.874656184,6.171560304,0.8252670476,0.8231943577,0.7697377919,31,0.7693935428,31,0,,,,,,,False,0.9392028735,11.33761066,11.35520723,0.9392006509,11.33776412,11.35536094
original·lixo_sem·banheiro_v00495·promax·comunalidades·municipal,original,sem,v00495,promax,comunalidades,municipal,7,"Água inadequada, Esgoto inadequado, Razão de moradores, Analfabetismo 15+, Renda (invertida), Cor/raça PPI, Sem banheiro",75955,28153,73877,14705,0.7966594869,0.7208752324,Renda (invertida),203868.1469,21,2,2,18,True,True,True,True,0.3835560808,Razão de moradores,0.5633592506,Esgoto inadequado,True,62.15475514,0.7356439595,6.209010431,0.8369581792,0.8346309392,0.8227505828,31,0.8243263732,31,0,51,37.5,48.5,45.66666667,3,38,False,0.9987793923,2.47299602,2.939982133,0.9987793452,2.473029495,2.940021928
original·lixo_sem·banheiro_v00495·promax·comunalidades·global,original,sem,v00495,promax,comunalidades,global,7,"Água inadequada, Esgoto inadequado, Razão de moradores, Analfabetismo 15+, Renda (invertida), Cor/raça PPI, Sem banheiro",75955,28153,73877,14705,0.7966594869,0.7208752324,Renda (invertida),203868.1469,21,2,2,18,True,True,True,True,0.3835560808,Razão de moradores,0.5633592506,Esgoto inadequado,True,62.15475514,0.7356439595,6.209010431,0.8277676314,0.8257641612,0.7807534181,31,0.7796747255,31,0,,,,,,,False,0.9408484349,10.08554644,10.54982539,0.940846277,10.08568296,10.54996819
original·lixo_sem·banheiro_v00495·promax·50_50·municipal,original,sem,v00495,promax,50_50,municipal,7,"Água inadequada, Esgoto inadequado, Razão de moradores, Analfabetismo 15+, Renda (invertida), Cor/raça PPI, Sem banheiro",75955,28153,73877,14705,0.7966594869,0.7208752324,Renda (invertida),203868.1469,21,2,2,18,True,True,True,True,0.3835560808,Razão de moradores,0.5633592506,Esgoto inadequado,True,50,0,5.985354467,0.8252806184,0.8226502749,0.7985333672,31,0.8026923077,31,0,24.5,80,48.5,51,3,67,False,0.994606425,8.998619345,6.452529847,0.9946062097,8.998741151,6.452617188
original·lixo_sem·banheiro_v00495·promax·50_50·global,original,sem,v00495,promax,50_50,global,7,"Água inadequada, Esgoto inadequado, Razão de moradores, Analfabetismo 15+, Renda (invertida), Cor/raça PPI, Sem banheiro",75955,28153,73877,14705,0.7966594869,0.7208752324,Renda (invertida),203868.1469,21,2,2,18,True,True,True,True,0.3835560808,Razão de moradores,0.5633592506,Esgoto inadequado,True,50,0,5.985354467,0.8176396777,0.8153347668,0.7537169194,31,0.7583653846,31,0,,,,,,,False,0.9319442495,16.35128184,13.80519234,0.931941741,16.35150317,13.80537921
original·lixo_sem·banheiro_v00495·promax·60_40·municipal,original,sem,v00495,promax,60_40,municipal,7,"Água inadequada, Esgoto inadequado, Razão de moradores, Analfabetismo 15+, Renda (invertida), Cor/raça PPI, Sem banheiro",75955,28153,73877,14705,0.7966594869,0.7208752324,Renda (invertida),203868.1469,21,2,2,18,True,True,True,True,0.3835560808,Razão de moradores,0.5633592506,Esgoto inadequado,True,60,0,5.960106629,0.8348724446,0.8324900993,0.8202331002,31,0.8178923615,31,0,24.5,46,48.5,39.66666667,2,4,False,0.9990396094,2.953517962,3.003600531,0.9990395729,2.953557941,3.003641187
original·lixo_sem·banheiro_v00495·promax·60_40·global,original,sem,v00495,promax,60_40,global,7,"Água inadequada, Esgoto inadequado, Razão de moradores, Analfabetismo 15+, Renda (invertida), Cor/raça PPI, Sem banheiro",75955,28153,73877,14705,0.7966594869,0.7208752324,Renda (invertida),203868.1469,21,2,2,18,True,True,True,True,0.3835560808,Razão de moradores,0.5633592506,Esgoto inadequado,True,60,0,5.960106629,0.8258844303,0.8238288471,0.7725092393,31,0.7719627723,31,0,,,,,,,False,0.939646636,10.98703268,11.14946263,0.9396444308,10.9871814,11.14961355
original·lixo_sem·banheiro_graduado·sem_rotacao·unico·municipal,original,sem,graduado,sem_rotacao,unico,municipal,7,"Água inadequada, Esgoto inadequado, Razão de moradores, Analfabetismo 15+, Renda (invertida), Cor/raça PPI, Banheiro graduado",73878,30230,73877,13470,0.780716872,0.7088389723,Renda (invertida),185197.0195,21,2,2,30,True,True,False,False,0.05952350141,Banheiro graduado,0.2439743868,Banheiro graduado,False,100,,,0.8500682503,0.8501278187,0.8467902798,31,0.8467902798,31,1,,,,,,,False,0.9774403002,9.576599258,8.836189393,0.9774394387,9.576728887,8.836309
original·lixo_sem·banheiro_graduado·sem_rotacao·unico·global,original,sem,graduado,sem_rotacao,unico,global,7,"Água inadequada, Esgoto inadequado, Razão de moradores, Analfabetismo 15+, Renda (invertida), Cor/raça PPI, Banheiro graduado",73878,30230,73877,13470,0.780716872,0.7088389723,Renda (invertida),185197.0195,21,2,2,30,True,True,False,False,0.05952350141,Banheiro graduado,0.2439743868,Banheiro graduado,False,100,,,0.847890284,0.8479532118,0.8244174438,31,0.8244174438,31,1,,,,,,,False,0.9371191875,12.0874956,12.11186009,0.9371168763,12.08765922,12.11202404
original·lixo_sem·banheiro_graduado·varimax·ss·municipal,original,sem,graduado,varimax,ss,municipal,7,"Água inadequada, Esgoto inadequado, Razão de moradores, Analfabetismo 15+, Renda (invertida), Cor/raça PPI, Banheiro graduado",73878,30230,73877,13470,0.780716872,0.7088389723,Renda (invertida),185197.0195,21,2,2,30,True,True,True,True,0.3754729802,Razão de moradores,0.5595531739,Esgoto inadequado,True,67.20634155,4.556838113,4.872646461,0.8378231748,0.8378831897,0.8352858532,31,0.8352858532,31,1,71,23,48.5,47.5,3,44,False,0.9974770365,3.972765911,3.237770378,0.9974769378,3.972819687,3.237814205
original·lixo_sem·banheiro_graduado·varimax·ss·global,original,sem,graduado,varimax,ss,global,7,"Água inadequada, Esgoto inadequado, Razão de moradores, Analfabetismo 15+, Renda (invertida), Cor/raça PPI, Banheiro graduado",73878,30230,73877,13470,0.780716872,0.7088389723,Renda (invertida),185197.0195,21,2,2,30,True,True,True,True,0.3754729802,Razão de moradores,0.5595531739,Esgoto inadequado,True,67.20634155,4.556838113,4.872646461,0.8309955873,0.8310572756,0.7963883879,31,0.7963883879,31,1,,,,,,,False,0.942414227,8.438236011,9.1529278,0.9424121326,8.438350231,9.153051694
original·lixo_sem·banheiro_graduado·varimax·50_50·municipal,original,sem,graduado,varimax,50_50,municipal,7,"Água inadequada, Esgoto inadequado, Razão de moradores, Analfabetismo 15+, Renda (invertida), Cor/raça PPI, Banheiro graduado",73878,30230,73877,13470,0.780716872,0.7088389723,Renda (invertida),185197.0195,21,2,2,30,True,True,True,True,0.3754729802,Razão de moradores,0.5595531739,Esgoto inadequado,True,50,0,7.331905841,0.8217027234,0.8217616139,0.8048076923,31,0.8048076923,31,1,24.5,71,48.5,48,3,49,False,0.9948778545,8.063293538,5.089471832,0.9948776504,8.063402683,5.089540723
original·lixo_sem·banheiro_graduado·varimax·50_50·global,original,sem,graduado,varimax,50_50,global,7,"Água inadequada, Esgoto inadequado, Razão de moradores, Analfabetismo 15+, Renda (invertida), Cor/raça PPI, Banheiro graduado",73878,30230,73877,13470,0.780716872,0.7088389723,Renda (invertida),185197.0195,21,2,2,30,True,True,True,True,0.3754729802,Razão de moradores,0.5595531739,Esgoto inadequado,True,50,0,7.331905841,0.8159275796,0.8159881492,0.7619230769,31,0.7619230769,31,1,,,,,,,False,0.9318381839,16.01153253,13.43972495,0.9318356734,16.01174926,13.43990687
original·lixo_sem·banheiro_graduado·varimax·60_40·municipal,original,sem,graduado,varimax,60_40,municipal,7,"Água inadequada, Esgoto inadequado, Razão de moradores, Analfabetismo 15+, Renda (invertida), Cor/raça PPI, Banheiro graduado",73878,30230,73877,13470,0.780716872,0.7088389723,Renda (invertida),185197.0195,21,2,2,30,True,True,True,True,0.3754729802,Razão de moradores,0.5595531739,Esgoto inadequado,True,60,0,5.865524673,0.8311287157,0.8311882668,0.8159615385,31,0.8159615385,31,1,24.5,53,48.5,42,2,20,False,0.9997323002,1.793497388,1.521427218,0.9997322923,1.793521664,1.521447812
original·lixo_sem·banheiro_graduado·varimax·60_40·global,original,sem,graduado,varimax,60_40,global,7,"Água inadequada, Esgoto inadequado, Razão de moradores, Analfabetismo 15+, Renda (invertida), Cor/raça PPI, Banheiro graduado",73878,30230,73877,13470,0.780716872,0.7088389723,Renda (invertida),185197.0195,21,2,2,30,True,True,True,True,0.3754729802,Razão de moradores,0.5595531739,Esgoto inadequado,True,60,0,5.865524673,0.824374319,0.8244355157,0.7731675393,31,0.7731675393,31,1,,,,,,,False,0.9393759264,10.75286283,10.80565256,0.9393737131,10.75300838,10.80579883
original·lixo_sem·banheiro_graduado·promax·ss_padrao·municipal,original,sem,graduado,promax,ss_padrao,municipal,7,"Água inadequada, Esgoto inadequado, Razão de moradores, Analfabetismo 15+, Renda (invertida), Cor/raça PPI, Banheiro graduado",73878,30230,73877,13470,0.780716872,0.7088389723,Renda (invertida),185197.0195,21,2,2,30,True,True,True,True,0.3754729802,Razão de moradores,0.5245410429,Esgoto inadequado,True,66.79448774,5.356312806,6.719400679,0.8372866561,0.8373471683,0.8374474252,31,0.8374474252,31,1,80,20,48.5,49.5,3,57,False,0.9977055449,4.270554157,3.157908985,0.9977054522,4.270611963,3.157951731
original·lixo_sem·banheiro_graduado·promax·ss_padrao·global,original,sem,graduado,promax,ss_padrao,global,7,"Água inadequada, Esgoto inadequado, Razão de moradores, Analfabetismo 15+, Renda (invertida), Cor/raça PPI, Banheiro graduado",73878,30230,73877,13470,0.780716872,0.7088389723,Renda (invertida),185197.0195,21,2,2,30,True,True,True,True,0.3754729802,Razão de moradores,0.5245410429,Esgoto inadequado,True,66.79448774,5.356312806,6.719400679,0.8301551614,0.830216791,0.7968905066,31,0.7968905066,31,1,,,,,,,False,0.9424376804,8.263623812,8.948536777,0.942435585,8.263735669,8.948657904
original·lixo_sem·banheiro_graduado·promax·ss_estrutura·municipal,original,sem,graduado,promax,ss_estrutura,municipal,7,"Água inadequada, Esgoto inadequado, Razão de moradores, Analfabetismo 15+, Renda (invertida), Cor/raça PPI, Banheiro graduado",73878,30230,73877,13470,0.780716872,0.7088389723,Renda (invertida),185197.0195,21,2,2,30,True,True,True,True,0.3754729802,Razão de moradores,0.5245410429,Esgoto inadequado,True,62.16778893,5.080204048,6.220250908,0.8329657144,0.8330259204,0.8249855272,31,0.8249855272,31,1,77,34,48.5,53.16666667,3,74,False,0.9997688968,1.376593844,1.058501854,0.9997688874,1.376612477,1.058516182
original·lixo_sem·banheiro_graduado·promax·ss_estrutura·global,original,sem,graduado,promax,ss_estrutura,global,7,"Água inadequada, Esgoto inadequado, Razão de moradores, Analfabetismo 15+, Renda (invertida), Cor/raça PPI, Banheiro graduado",73878,30230,73877,13470,0.780716872,0.7088389723,Renda (invertida),185197.0195,21,2,2,30,True,True,True,True,0.3754729802,Razão de moradores,0.5245410429,Esgoto inadequado,True,62.16778893,5.080204048,6.220250908,0.8258478427,0.8259091525,0.7807454199,31,0.7807454199,31,1,,,,,,,False,0.9407665802,9.392511979,9.910934243,0.9407644197,9.392639116,9.911068397
original·lixo_sem·banheiro_graduado·promax·comunalidades·municipal,original,sem,graduado,promax,comunalidades,municipal,7,"Água inadequada, Esgoto inadequado, Razão de moradores, Analfabetismo 15+, Renda (invertida), Cor/raça PPI, Banheiro graduado",73878,30230,73877,13470,0.780716872,0.7088389723,Renda (invertida),185197.0195,21,2,2,30,True,True,True,True,0.3754729802,Razão de moradores,0.5245410429,Esgoto inadequado,True,63.46512853,0.9589172755,6.4085979,0.8341842927,0.834244588,0.8285761685,31,0.8285761685,31,1,52,33,48.5,44.5,3,31,False,0.9994076425,2.200925851,1.673028506,0.9994076184,2.200955642,1.673051153
original·lixo_sem·banheiro_graduado·promax·comunalidades·global,original,sem,graduado,promax,comunalidades,global,7,"Água inadequada, Esgoto inadequado, Razão de moradores, Analfabetismo 15+, Renda (invertida), Cor/raça PPI, Banheiro graduado",73878,30230,73877,13470,0.780716872,0.7088389723,Renda (invertida),185197.0195,21,2,2,30,True,True,True,True,0.3754729802,Razão de moradores,0.5245410429,Esgoto inadequado,True,63.46512853,0.9589172755,6.4085979,0.8270302183,0.8270916159,0.7853491596,31,0.7853491596,31,1,,,,,,,False,0.9413432391,8.968840521,9.606378083,0.9413411012,8.968961923,9.606508115
original·lixo_sem·banheiro_graduado·promax·50_50·municipal,original,sem,graduado,promax,50_50,municipal,7,"Água inadequada, Esgoto inadequado, Razão de moradores, Analfabetismo 15+, Renda (invertida), Cor/raça PPI, Banheiro graduado",73878,30230,73877,13470,0.780716872,0.7088389723,Renda (invertida),185197.0195,21,2,2,30,True,True,True,True,0.3754729802,Razão de moradores,0.5245410429,Esgoto inadequado,True,50,0,8.675359415,0.8214673885,0.8215267839,0.8031730769,31,0.8031730769,31,1,24.5,77,48.5,50,3,62,False,0.9955457126,6.786864831,4.457348602,0.9955455326,6.786956698,4.457408936
original·lixo_sem·banheiro_graduado·promax·50_50·global,original,sem,graduado,promax,50_50,global,7,"Água inadequada, Esgoto inadequado, Razão de moradores, Analfabetismo 15+, Renda (invertida), Cor/raça PPI, Banheiro graduado",73878,30230,73877,13470,0.780716872,0.7088389723,Renda (invertida),185197.0195,21,2,2,30,True,True,True,True,0.3754729802,Razão de moradores,0.5245410429,Esgoto inadequado,True,50,0,8.675359415,0.8154594821,0.8155200206,0.7583987784,31,0.7583987784,31,1,,,,,,,False,0.9322241468,15.0775603,13.09997564,0.9322216501,15.07776439,13.10015296
original·lixo_sem·banheiro_graduado·promax·60_40·municipal,original,sem,graduado,promax,60_40,municipal,7,"Água inadequada, Esgoto inadequado, Razão de moradores, Analfabetismo 15+, Renda (invertida), Cor/raça PPI, Banheiro graduado",73878,30230,73877,13470,0.780716872,0.7088389723,Renda (invertida),185197.0195,21,2,2,30,True,True,True,True,0.3754729802,Razão de moradores,0.5245410429,Esgoto inadequado,True,60,0,6.940287532,0.8309270273,0.830987087,0.8186361864,31,0.8186361864,31,1,24.5,43,48.5,38.66666667,2,1,True,1,0,0,1,0,0
original·lixo_sem·banheiro_graduado·promax·60_40·global,original,sem,graduado,promax,60_40,global,7,"Água inadequada, Esgoto inadequado, Razão de moradores, Analfabetismo 15+, Renda (invertida), Cor/raça PPI, Banheiro graduado",73878,30230,73877,13470,0.780716872,0.7088389723,Renda (invertida),185197.0195,21,2,2,30,True,True,True,True,0.3754729802,Razão de moradores,0.5245410429,Esgoto inadequado,True,60,0,6.940287532,0.8239087285,0.8239698943,0.7730954931,31,0.7730954931,31,1,,,,,,,False,0.9396309715,10.168115,10.47673191,0.9396287664,10.16825264,10.47687372
sem_extremo·lixo_com·banheiro_fora·sem_rotacao·unico·municipal,sem_extremo,com,fora,sem_rotacao,unico,municipal,7,"Água inadequada, Esgoto inadequado, Lixo inadequado, Razão de moradores, Analfabetismo 15+, Renda (invertida), Cor/raça PPI",87544,16564,73877,18900,0.7825278622,0.699569074,Lixo inadequado,235109.751,21,2,2,4,True,True,False,False,0.08516937632,Lixo inadequado,0.2918379282,Lixo inadequado,False,100,,,0.8534365351,0.8606262944,0.8311817279,31,0.8405876365,31,0,,,,,,,False,0.9737111906,12.01456475,14.40637817,0.9737111906,12.01456475,14.40637817
sem_extremo·lixo_com·banheiro_fora·sem_rotacao·unico·global,sem_extremo,com,fora,sem_rotacao,unico,global,7,"Água inadequada, Esgoto inadequado, Lixo inadequado, Razão de moradores, Analfabetismo 15+, Renda (invertida), Cor/raça PPI",87544,16564,73877,18900,0.7825278622,0.699569074,Lixo inadequado,235109.751,21,2,2,4,True,True,False,False,0.08516937632,Lixo inadequado,0.2918379282,Lixo inadequado,False,100,,,0.8457177088,0.8527717537,0.8070501302,31,0.8147290134,31,0,,,,,,,False,0.9338198865,16.56537217,18.00831111,0.9338198865,16.56537217,18.00831111
sem_extremo·lixo_com·banheiro_fora·varimax·ss·municipal,sem_extremo,com,fora,varimax,ss,municipal,7,"Água inadequada, Esgoto inadequado, Lixo inadequado, Razão de moradores, Analfabetismo 15+, Renda (invertida), Cor/raça PPI",87544,16564,73877,18900,0.7825278622,0.699569074,Lixo inadequado,235109.751,21,2,2,4,True,True,False,True,0.2534973609,Água inadequada,0.4823595486,Água inadequada,False,73.99594542,,,0.8497007419,0.8546080284,0.819062143,31,0.8186042536,31,0,,,,,,,False,0.8508077904,32.94259377,30.64688604,0.8508077904,32.94259377,30.64688604
sem_extremo·lixo_com·banheiro_fora·varimax·ss·global,sem_extremo,com,fora,varimax,ss,global,7,"Água inadequada, Esgoto inadequado, Lixo inadequado, Razão de moradores, Analfabetismo 15+, Renda (invertida), Cor/raça PPI",87544,16564,73877,18900,0.7825278622,0.699569074,Lixo inadequado,235109.751,21,2,2,4,True,True,False,True,0.2534973609,Água inadequada,0.4823595486,Água inadequada,False,73.99594542,,,0.8382203564,0.84255155,0.7857947138,31,0.7925608011,31,0,,,,,,,False,0.8010443706,37.40270991,34.12970207,0.8010443706,37.40270991,34.12970207
sem_extremo·lixo_com·banheiro_fora·varimax·50_50·municipal,sem_extremo,com,fora,varimax,50_50,municipal,7,"Água inadequada, Esgoto inadequado, Lixo inadequado, Razão de moradores, Analfabetismo 15+, Renda (invertida), Cor/raça PPI",87544,16564,73877,18900,0.7825278622,0.699569074,Lixo inadequado,235109.751,21,2,2,4,True,True,False,True,0.2534973609,Água inadequada,0.4823595486,Água inadequada,False,50,,,0.828937397,0.8333510968,0.7938691252,31,0.8017317184,31,0,,,,,,,False,0.7626656929,41.79108518,38.85918486,0.7626656929,41.79108518,38.85918486
sem_extremo·lixo_com·banheiro_fora·varimax·50_50·global,sem_extremo,com,fora,varimax,50_50,global,7,"Água inadequada, Esgoto inadequado, Lixo inadequado, Razão de moradores, Analfabetismo 15+, Renda (invertida), Cor/raça PPI",87544,16564,73877,18900,0.7825278622,0.699569074,Lixo inadequado,235109.751,21,2,2,4,True,True,False,True,0.2534973609,Água inadequada,0.4823595486,Água inadequada,False,50,,,0.8189472284,0.822711462,0.7710680644,31,0.7736463272,31,0,,,,,,,False,0.7179493816,44.15041217,42.28108884,0.7179493816,44.15041217,42.28108884
sem_extremo·lixo_com·banheiro_fora·varimax·60_40·municipal,sem_extremo,com,fora,varimax,60_40,municipal,7,"Água inadequada, Esgoto inadequado, Lixo inadequado, Razão de moradores, Analfabetismo 15+, Renda (invertida), Cor/raça PPI",87544,16564,73877,18900,0.7825278622,0.699569074,Lixo inadequado,235109.751,21,2,2,4,True,True,False,True,0.2534973609,Água inadequada,0.4823595486,Água inadequada,False,60,,,0.8369113136,0.8414958855,0.8013097072,31,0.8075956404,31,0,,,,,,,False,0.7953332216,39.19081717,35.61595625,0.7953332216,39.19081717,35.61595625
sem_extremo·lixo_com·banheiro_fora·varimax·60_40·global,sem_extremo,com,fora,varimax,60_40,global,7,"Água inadequada, Esgoto inadequado, Lixo inadequado, Razão de moradores, Analfabetismo 15+, Renda (invertida), Cor/raça PPI",87544,16564,73877,18900,0.7825278622,0.699569074,Lixo inadequado,235109.751,21,2,2,4,True,True,False,True,0.2534973609,Água inadequada,0.4823595486,Água inadequada,False,60,,,0.8265507777,0.8305236066,0.7777777778,31,0.7834032476,31,0,,,,,,,False,0.7499039622,41.87365486,39.04327463,0.7499039622,41.87365486,39.04327463
sem_extremo·lixo_com·banheiro_fora·promax·ss_padrao·municipal,sem_extremo,com,fora,promax,ss_padrao,municipal,7,"Água inadequada, Esgoto inadequado, Lixo inadequado, Razão de moradores, Analfabetismo 15+, Renda (invertida), Cor/raça PPI",87544,16564,73877,18900,0.7825278622,0.699569074,Lixo inadequado,235109.751,21,2,2,4,True,True,False,True,0.2534973609,Água inadequada,0.4785002854,Água inadequada,False,74.69264677,,,0.850289503,0.8550959681,0.8184128806,31,0.8175086059,31,0,,,,,,,False,0.8535492397,32.52297738,30.33285055,0.8535492397,32.52297738,30.33285055
sem_extremo·lixo_com·banheiro_fora·promax·ss_padrao·global,sem_extremo,com,fora,promax,ss_padrao,global,7,"Água inadequada, Esgoto inadequado, Lixo inadequado, Razão de moradores, Analfabetismo 15+, Renda (invertida), Cor/raça PPI",87544,16564,73877,18900,0.7825278622,0.699569074,Lixo inadequado,235109.751,21,2,2,4,True,True,False,True,0.2534973609,Água inadequada,0.4785002854,Água inadequada,False,74.69264677,,,0.839276266,0.8436034045,0.7870578574,31,0.7948724166,31,0,,,,,,,False,0.8038293988,37.03182317,33.85627462,0.8038293988,37.03182317,33.85627462
sem_extremo·lixo_com·banheiro_fora·promax·ss_estrutura·municipal,sem_extremo,com,fora,promax,ss_estrutura,municipal,7,"Água inadequada, Esgoto inadequado, Lixo inadequado, Razão de moradores, Analfabetismo 15+, Renda (invertida), Cor/raça PPI",87544,16564,73877,18900,0.7825278622,0.699569074,Lixo inadequado,235109.751,21,2,2,4,True,True,False,True,0.2534973609,Água inadequada,0.4785002854,Água inadequada,False,73.40374257,,,0.8489197613,0.8536722099,0.8190722091,31,0.818285661,31,0,,,,,,,False,0.8471528367,33.25121486,30.83097581,0.8471528367,33.25121486,30.83097581
sem_extremo·lixo_com·banheiro_fora·promax·ss_estrutura·global,sem_extremo,com,fora,promax,ss_estrutura,global,7,"Água inadequada, Esgoto inadequado, Lixo inadequado, Razão de moradores, Analfabetismo 15+, Renda (invertida), Cor/raça PPI",87544,16564,73877,18900,0.7825278622,0.699569074,Lixo inadequado,235109.751,21,2,2,4,True,True,False,True,0.2534973609,Água inadequada,0.4785002854,Água inadequada,False,73.40374257,,,0.8380038079,0.8422882146,0.7861960074,31,0.7940479943,31,0,,,,,,,False,0.7981030137,37.65041894,34.33409586,0.7981030137,37.65041894,34.33409586
sem_extremo·lixo_com·banheiro_fora·promax·comunalidades·municipal,sem_extremo,com,fora,promax,comunalidades,municipal,7,"Água inadequada, Esgoto inadequado, Lixo inadequado, Razão de moradores, Analfabetismo 15+, Renda (invertida), Cor/raça PPI",87544,16564,73877,18900,0.7825278622,0.699569074,Lixo inadequado,235109.751,21,2,2,4,True,True,False,True,0.2534973609,Água inadequada,0.4785002854,Água inadequada,False,80.235102,,,0.8562858482,0.8614965368,0.8299096673,31,0.8216808966,31,0,,,,,,,False,0.8851768591,28.96977408,27.88147867,0.8851768591,28.96977408,27.88147867
sem_extremo·lixo_com·banheiro_fora·promax·comunalidades·global,sem_extremo,com,fora,promax,comunalidades,global,7,"Água inadequada, Esgoto inadequado, Lixo inadequado, Razão de moradores, Analfabetismo 15+, Renda (invertida), Cor/raça PPI",87544,16564,73877,18900,0.7825278622,0.699569074,Lixo inadequado,235109.751,21,2,2,4,True,True,False,True,0.2534973609,Água inadequada,0.4785002854,Água inadequada,False,80.235102,,,0.8453683586,0.8499833621,0.7907682713,31,0.800223079,31,0,,,,,,,False,0.832676412,34.02682838,31.63230775,0.832676412,34.02682838,31.63230775
sem_extremo·lixo_com·banheiro_fora·promax·50_50·municipal,sem_extremo,com,fora,promax,50_50,municipal,7,"Água inadequada, Esgoto inadequado, Lixo inadequado, Razão de moradores, Analfabetismo 15+, Renda (invertida), Cor/raça PPI",87544,16564,73877,18900,0.7825278622,0.699569074,Lixo inadequado,235109.751,21,2,2,4,True,True,False,True,0.2534973609,Água inadequada,0.4785002854,Água inadequada,False,50,,,0.8288147297,0.8331340844,0.7941352433,31,0.8017367721,31,0,,,,,,,False,0.76203252,41.81545,38.88625689,0.76203252,41.81545,38.88625689
sem_extremo·lixo_com·banheiro_fora·promax·50_50·global,sem_extremo,com,fora,promax,50_50,global,7,"Água inadequada, Esgoto inadequado, Lixo inadequado, Razão de moradores, Analfabetismo 15+, Renda (invertida), Cor/raça PPI",87544,16564,73877,18900,0.7825278622,0.699569074,Lixo inadequado,235109.751,21,2,2,4,True,True,False,True,0.2534973609,Água inadequada,0.4785002854,Água inadequada,False,50,,,0.8191777568,0.822931273,0.77238677,31,0.773904006,31,0,,,,,,,False,0.7176457712,44.12198655,42.28514964,0.7176457712,44.12198655,42.28514964
sem_extremo·lixo_com·banheiro_fora·promax·60_40·municipal,sem_extremo,com,fora,promax,60_40,municipal,7,"Água inadequada, Esgoto inadequado, Lixo inadequado, Razão de moradores, Analfabetismo 15+, Renda (invertida), Cor/raça PPI",87544,16564,73877,18900,0.7825278622,0.699569074,Lixo inadequado,235109.751,21,2,2,4,True,True,False,True,0.2534973609,Água inadequada,0.4785002854,Água inadequada,False,60,,,0.8367838567,0.8412618089,0.801617027,31,0.8076764988,31,0,,,,,,,False,0.794665747,39.18946357,35.62543146,0.794665747,39.18946357,35.62543146
sem_extremo·lixo_com·banheiro_fora·promax·60_40·global,sem_extremo,com,fora,promax,60_40,global,7,"Água inadequada, Esgoto inadequado, Lixo inadequado, Razão de moradores, Analfabetismo 15+, Renda (invertida), Cor/raça PPI",87544,16564,73877,18900,0.7825278622,0.699569074,Lixo inadequado,235109.751,21,2,2,4,True,True,False,True,0.2534973609,Água inadequada,0.4785002854,Água inadequada,False,60,,,0.8268368685,0.830793247,0.7792155735,31,0.7851652482,31,0,,,,,,,False,0.7496224499,41.87094766,39.02703142,0.7496224499,41.87094766,39.02703142
sem_extremo·lixo_com·banheiro_v00495·sem_rotacao·unico·municipal,sem_extremo,com,v00495,sem_rotacao,unico,municipal,8,"Água inadequada, Esgoto inadequado, Lixo inadequado, Razão de moradores, Analfabetismo 15+, Renda (invertida), Cor/raça PPI, Sem banheiro",75954,28154,73877,14704,0.791474681,0.6906257994,Lixo inadequado,211961.1851,28,3,2,21,True,True,False,False,0.07538059819,Lixo inadequado,0.2745552735,Lixo inadequado,False,100,,,0.8599358309,0.8585582624,0.8429278126,31,0.8410444661,31,0,,,,,,,False,0.9762692089,9.842034733,10.70021793,0.9762692089,9.842034733,10.70021793
sem_extremo·lixo_com·banheiro_v00495·sem_rotacao·unico·global,sem_extremo,com,v00495,sem_rotacao,unico,global,8,"Água inadequada, Esgoto inadequado, Lixo inadequado, Razão de moradores, Analfabetismo 15+, Renda (invertida), Cor/raça PPI, Sem banheiro",75954,28154,73877,14704,0.791474681,0.6906257994,Lixo inadequado,211961.1851,28,3,2,21,True,True,False,False,0.07538059819,Lixo inadequado,0.2745552735,Lixo inadequado,False,100,,,0.8535582365,0.8523043809,0.816740265,31,0.8154177037,31,0,,,,,,,False,0.9346962766,14.05579544,15.07911799,0.9346962766,14.05579544,15.07911799
sem_extremo·lixo_com·banheiro_v00495·varimax·ss·municipal,sem_extremo,com,v00495,varimax,ss,municipal,8,"Água inadequada, Esgoto inadequado, Lixo inadequado, Razão de moradores, Analfabetismo 15+, Renda (invertida), Cor/raça PPI, Sem banheiro",75954,28154,73877,14704,0.791474681,0.6906257994,Lixo inadequado,211961.1851,28,3,2,21,True,True,True,True,0.3939820455,Sem banheiro,0.5326145545,Esgoto inadequado,True,66.39799064,8.63689152,16.88705465,0.8663352679,0.8653050415,0.8383106635,31,0.8449651521,31,0,82,1,84.5,55.83333333,3,79,False,0.9459471282,18.20052249,18.16397526,0.9459471282,18.20052249,18.16397526
sem_extremo·lixo_com·banheiro_v00495·varimax·ss·global,sem_extremo,com,v00495,varimax,ss,global,8,"Água inadequada, Esgoto inadequado, Lixo inadequado, Razão de moradores, Analfabetismo 15+, Renda (invertida), Cor/raça PPI, Sem banheiro",75954,28154,73877,14704,0.791474681,0.6906257994,Lixo inadequado,211961.1851,28,3,2,21,True,True,True,True,0.3939820455,Sem banheiro,0.5326145545,Esgoto inadequado,True,66.39799064,8.63689152,16.88705465,0.8573775677,0.8565027555,0.8075051621,31,0.8077487936,31,0,,,,,,,False,0.8926192813,22.96925972,22.05828607,0.8926192813,22.96925972,22.05828607
sem_extremo·lixo_com·banheiro_v00495·varimax·50_50·municipal,sem_extremo,com,v00495,varimax,50_50,municipal,8,"Água inadequada, Esgoto inadequado, Lixo inadequado, Razão de moradores, Analfabetismo 15+, Renda (invertida), Cor/raça PPI, Sem banheiro",75954,28154,73877,14704,0.791474681,0.6906257994,Lixo inadequado,211961.1851,28,3,2,21,True,True,True,True,0.3939820455,Sem banheiro,0.5326145545,Esgoto inadequado,True,50,0,36.65160217,0.8514683029,0.8500382417,0.8088578089,31,0.8237422402,31,0,24.5,41.5,84.5,50.16666667,3,66,False,0.9115443666,25.80234714,22.96655251,0.9115443666,25.80234714,22.96655251
sem_extremo·lixo_com·banheiro_v00495·varimax·50_50·global,sem_extremo,com,v00495,varimax,50_50,global,8,"Água inadequada, Esgoto inadequado, Lixo inadequado, Razão de moradores, Analfabetismo 15+, Renda (invertida), Cor/raça PPI, Sem banheiro",75954,28154,73877,14704,0.791474681,0.6906257994,Lixo inadequado,211961.1851,28,3,2,21,True,True,True,True,0.3939820455,Sem banheiro,0.5326145545,Esgoto inadequado,True,50,0,36.65160217,0.8384680076,0.8369723247,0.7680750123,31,0.765767224,31,0,,,,,,,False,0.8453058989,31.67426939,27.86117466,0.8453058989,31.67426939,27.86117466
sem_extremo·lixo_com·banheiro_v00495·varimax·60_40·municipal,sem_extremo,com,v00495,varimax,60_40,municipal,8,"Água inadequada, Esgoto inadequado, Lixo inadequado, Razão de moradores, Analfabetismo 15+, Renda (invertida), Cor/raça PPI, Sem banheiro",75954,28154,73877,14704,0.791474681,0.6906257994,Lixo inadequado,211961.1851,28,3,2,21,True,True,True,True,0.3939820455,Sem banheiro,0.5326145545,Esgoto inadequado,True,60,0,29.32128174,0.8617084186,0.8605696105,0.8247960781,31,0.8387001561,31,0,24.5,11,84.5,40,2,7,False,0.9364044842,20.84545934,19.65970464,0.9364044842,20.84545934,19.65970464
sem_extremo·lixo_com·banheiro_v00495·varimax·60_40·global,sem_extremo,com,v00495,varimax,60_40,global,8,"Água inadequada, Esgoto inadequado, Lixo inadequado, Razão de moradores, Analfabetismo 15+, Renda (invertida), Cor/raça PPI, Sem banheiro",75954,28154,73877,14704,0.791474681,0.6906257994,Lixo inadequado,211961.1851,28,3,2,21,True,True,True,True,0.3939820455,Sem banheiro,0.5326145545,Esgoto inadequado,True,60,0,29.32128174,0.8504096722,0.8493059812,0.7913599243,31,0.7984033061,31,0,,,,,,,False,0.8758023994,26.6172151,24.16178242,0.8758023994,26.6172151,24.16178242
sem_extremo·lixo_com·banheiro_v00495·promax·ss_padrao·municipal,sem_extremo,com,v00495,promax,ss_padrao,municipal,8,"Água inadequada, Esgoto inadequado, Lixo inadequado, Razão de moradores, Analfabetismo 15+, Renda (invertida), Cor/raça PPI, Sem banheiro",75954,28154,73877,14704,0.791474681,0.6906257994,Lixo inadequado,211961.1851,28,3,2,21,True,True,True,True,0.3939820455,Sem banheiro,0.4949874848,Esgoto inadequado,True,65.65948693,10.10575487,15.18797607,0.8640995203,0.8629336069,0.836378608,31,0.8436512168,31,0,88,4,84.5,58.83333333,3,88,False,0.9345425544,20.44750058,19.86545204,0.9345425544,20.44750058,19.86545204
sem_extremo·lixo_com·banheiro_v00495·promax·ss_padrao·global,sem_extremo,com,v00495,promax,ss_padrao,global,8,"Água inadequada, Esgoto inadequado, Lixo inadequado, Razão de moradores, Analfabetismo 15+, Renda (invertida), Cor/raça PPI, Sem banheiro",75954,28154,73877,14704,0.791474681,0.6906257994,Lixo inadequado,211961.1851,28,3,2,21,True,True,True,True,0.3939820455,Sem banheiro,0.4949874848,Esgoto inadequado,True,65.65948693,10.10575487,15.18797607,0.8560408663,0.8551682855,0.8057185754,31,0.8052466761,31,0,,,,,,,False,0.8797653842,25.05515925,23.22779756,0.8797653842,25.05515925,23.22779756
sem_extremo·lixo_com·banheiro_v00495·promax·ss_estrutura·municipal,sem_extremo,com,v00495,promax,ss_estrutura,municipal,8,"Água inadequada, Esgoto inadequado, Lixo inadequado, Razão de moradores, Analfabetismo 15+, Renda (invertida), Cor/raça PPI, Sem banheiro",75954,28154,73877,14704,0.791474681,0.6906257994,Lixo inadequado,211961.1851,28,3,2,21,True,True,True,True,0.3939820455,Sem banheiro,0.4949874848,Esgoto inadequado,True,61.2451393,13.17173707,15.0578466,0.8607640725,0.8595245601,0.8274909747,31,0.8392809537,31,0,91,9,84.5,61.5,3,93,False,0.9263583098,22.14491655,20.79131529,0.9263583098,22.14491655,20.79131529
sem_extremo·lixo_com·banheiro_v00495·promax·ss_estrutura·global,sem_extremo,com,v00495,promax,ss_estrutura,global,8,"Água inadequada, Esgoto inadequado, Lixo inadequado, Razão de moradores, Analfabetismo 15+, Renda (invertida), Cor/raça PPI, Sem banheiro",75954,28154,73877,14704,0.791474681,0.6906257994,Lixo inadequado,211961.1851,28,3,2,21,True,True,True,True,0.3939820455,Sem banheiro,0.4949874848,Esgoto inadequado,True,61.2451393,13.17173707,15.0578466,0.8507117053,0.8496732576,0.7951593456,31,0.7916812708,31,0,,,,,,,False,0.8664085313,27.50382392,24.60034923,0.8664085313,27.50382392,24.60034923
sem_extremo·lixo_com·banheiro_v00495·promax·comunalidades·municipal,sem_extremo,com,v00495,promax,comunalidades,municipal,8,"Água inadequada, Esgoto inadequado, Lixo inadequado, Razão de moradores, Analfabetismo 15+, Renda (invertida), Cor/raça PPI, Sem banheiro",75954,28154,73877,14704,0.791474681,0.6906257994,Lixo inadequado,211961.1851,28,3,2,21,True,True,True,True,0.3939820455,Sem banheiro,0.4949874848,Esgoto inadequado,True,60.73583075,21.21833402,7.149049866,0.860321393,0.8590710203,0.8264549901,31,0.8384430818,31,0,96,13.5,84.5,64.66666667,3,96,False,0.9252576611,22.35878555,20.89689619,0.9252576611,22.35878555,20.89689619
sem_extremo·lixo_com·banheiro_v00495·promax·comunalidades·global,sem_extremo,com,v00495,promax,comunalidades,global,8,"Água inadequada, Esgoto inadequado, Lixo inadequado, Razão de moradores, Analfabetismo 15+, Renda (invertida), Cor/raça PPI, Sem banheiro",75954,28154,73877,14704,0.791474681,0.6906257994,Lixo inadequado,211961.1851,28,3,2,21,True,True,True,True,0.3939820455,Sem banheiro,0.4949874848,Esgoto inadequado,True,60.73583075,21.21833402,7.149049866,0.8500779963,0.8490190333,0.7938323942,31,0.7903063515,31,0,,,,,,,False,0.8648024602,27.8016162,24.76278138,0.8648024602,27.8016162,24.76278138
sem_extremo·lixo_com·banheiro_v00495·promax·50_50·municipal,sem_extremo,com,v00495,promax,50_50,municipal,8,"Água inadequada, Esgoto inadequado, Lixo inadequado, Razão de moradores, Analfabetismo 15+, Renda (invertida), Cor/raça PPI, Sem banheiro",75954,28154,73877,14704,0.791474681,0.6906257994,Lixo inadequado,211961.1851,28,3,2,21,True,True,True,True,0.3939820455,Sem banheiro,0.4949874848,Esgoto inadequado,True,50,0,35.27771495,0.8489254591,0.8473829527,0.8094172494,31,0.8060674368,31,0,24.5,65.5,84.5,58.16666667,3,87,False,0.8964794567,27.24799329,24.00882548,0.8964794567,27.24799329,24.00882548
sem_extremo·lixo_com·banheiro_v00495·promax·50_50·global,sem_extremo,com,v00495,promax,50_50,global,8,"Água inadequada, Esgoto inadequado, Lixo inadequado, Razão de moradores, Analfabetismo 15+, Renda (invertida), Cor/raça PPI, Sem banheiro",75954,28154,73877,14704,0.791474681,0.6906257994,Lixo inadequado,211961.1851,28,3,2,21,True,True,True,True,0.3939820455,Sem banheiro,0.4949874848,Esgoto inadequado,True,50,0,35.27771495,0.8367354256,0.8353128774,0.7649344411,31,0.7622348326,31,0,,,,,,,False,0.8315729381,32.98320181,28.59618014,0.8315729381,32.98320181,28.59618014
sem_extremo·lixo_com·banheiro_v00495·promax·60_40·municipal,sem_extremo,com,v00495,promax,60_40,municipal,8,"Água inadequada, Esgoto inadequado, Lixo inadequado, Razão de moradores, Analfabetismo 15+, Renda (invertida), Cor/raça PPI, Sem banheiro",75954,28154,73877,14704,0.791474681,0.6906257994,Lixo inadequado,211961.1851,28,3,2,21,True,True,True,True,0.3939820455,Sem banheiro,0.4949874848,Esgoto inadequado,True,60,0,28.22217196,0.8596645533,0.8583983295,0.8248526674,31,0.8374814335,31,0,24.5,17,84.5,42,2,19,False,0.9236135003,22.66469943,21.10128998,0.9236135003,22.66469943,21.10128998
sem_extremo·lixo_com·banheiro_v00495·promax·60_40·global,sem_extremo,com,v00495,promax,60_40,global,8,"Água inadequada, Esgoto inadequado, Lixo inadequado, Razão de moradores, Analfabetismo 15+, Renda (invertida), Cor/raça PPI, Sem banheiro",75954,28154,73877,14704,0.791474681,0.6906257994,Lixo inadequado,211961.1851,28,3,2,21,True,True,True,True,0.3939820455,Sem banheiro,0.4949874848,Esgoto inadequado,True,60,0,28.22217196,0.8491571195,0.8480698661,0.791875386,31,0.7882742474,31,0,,,,,,,False,0.8624719139,28.17385655,24.99018639,0.8624719139,28.17385655,24.99018639
sem_extremo·lixo_com·banheiro_graduado·sem_rotacao·unico·municipal,sem_extremo,com,graduado,sem_rotacao,unico,municipal,8,"Água inadequada, Esgoto inadequado, Lixo inadequado, Razão de moradores, Analfabetismo 15+, Renda (invertida), Cor/raça PPI, Banheiro graduado",73877,30231,73877,13469,0.7741146421,0.6426752238,Lixo inadequado,192198.753,28,3,3,34,True,True,False,False,0.05876119277,Lixo inadequado,0.2424070807,Lixo inadequado,False,100,,,0.8574638741,0.8574638741,0.845416345,31,0.845416345,31,1,,,,,,,False,0.9760229836,10.09515817,10.28736955,0.9760229836,10.09515817,10.28736955
sem_extremo·lixo_com·banheiro_graduado·sem_rotacao·unico·global,sem_extremo,com,graduado,sem_rotacao,unico,global,8,"Água inadequada, Esgoto inadequado, Lixo inadequado, Razão de moradores, Analfabetismo 15+, Renda (invertida), Cor/raça PPI, Banheiro graduado",73877,30231,73877,13469,0.7741146421,0.6426752238,Lixo inadequado,192198.753,28,3,3,34,True,True,False,False,0.05876119277,Lixo inadequado,0.2424070807,Lixo inadequado,False,100,,,0.8541212133,0.8541212133,0.8223031301,31,0.8223031301,31,1,,,,,,,False,0.9341004145,13.08390974,13.98270098,0.9341004145,13.08390974,13.98270098
sem_extremo·lixo_com·banheiro_graduado·varimax·ss·municipal,sem_extremo,com,graduado,varimax,ss,municipal,8,"Água inadequada, Esgoto inadequado, Lixo inadequado, Razão de moradores, Analfabetismo 15+, Renda (invertida), Cor/raça PPI, Banheiro graduado",73877,30231,73877,13469,0.7741146421,0.6426752238,Lixo inadequado,192198.753,28,3,3,34,True,True,False,True,0.2985703331,Banheiro graduado,0.5010154651,Esgoto inadequado,False,68.81481521,,,0.8617282905,0.8617282905,0.8422039837,31,0.8422039837,31,1,,,,,,,False,0.9284410001,21.18115246,19.80047917,0.9284410001,21.18115246,19.80047917
sem_extremo·lixo_com·banheiro_graduado·varimax·ss·global,sem_extremo,com,graduado,varimax,ss,global,8,"Água inadequada, Esgoto inadequado, Lixo inadequado, Razão de moradores, Analfabetismo 15+, Renda (invertida), Cor/raça PPI, Banheiro graduado",73877,30231,73877,13469,0.7741146421,0.6426752238,Lixo inadequado,192198.753,28,3,3,34,True,True,False,True,0.2985703331,Banheiro graduado,0.5010154651,Esgoto inadequado,False,68.81481521,,,0.851040649,0.851040649,0.7976195633,31,0.7976195633,31,1,,,,,,,False,0.8646202561,25.89303843,23.29412402,0.8646202561,25.89303843,23.29412402
sem_extremo·lixo_com·banheiro_graduado·varimax·50_50·municipal,sem_extremo,com,graduado,varimax,50_50,municipal,8,"Água inadequada, Esgoto inadequado, Lixo inadequado, Razão de moradores, Analfabetismo 15+, Renda (invertida), Cor/raça PPI, Banheiro graduado",73877,30231,73877,13469,0.7741146421,0.6426752238,Lixo inadequado,192198.753,28,3,3,34,True,True,False,True,0.2985703331,Banheiro graduado,0.5010154651,Esgoto inadequado,False,50,,,0.8388942987,0.8388942987,0.7954988798,31,0.7954988798,31,1,,,,,,,False,0.8668031637,29.56265143,24.7817318,0.8668031637,29.56265143,24.7817318
sem_extremo·lixo_com·banheiro_graduado·varimax·50_50·global,sem_extremo,com,graduado,varimax,50_50,global,8,"Água inadequada, Esgoto inadequado, Lixo inadequado, Razão de moradores, Analfabetismo 15+, Renda (invertida), Cor/raça PPI, Banheiro graduado",73877,30231,73877,13469,0.7741146421,0.6426752238,Lixo inadequado,192198.753,28,3,3,34,True,True,False,True,0.2985703331,Banheiro graduado,0.5010154651,Esgoto inadequado,False,50,,,0.8257297453,0.8257297453,0.7553609908,31,0.7553609908,31,1,,,,,,,False,0.7986114603,35.36012561,30.01069345,0.7986114603,35.36012561,30.01069345
sem_extremo·lixo_com·banheiro_graduado·varimax·60_40·municipal,sem_extremo,com,graduado,varimax,60_40,municipal,8,"Água inadequada, Esgoto inadequado, Lixo inadequado, Razão de moradores, Analfabetismo 15+, Renda (invertida), Cor/raça PPI, Banheiro graduado",73877,30231,73877,13469,0.7741146421,0.6426752238,Lixo inadequado,192198.753,28,3,3,34,True,True,False,True,0.2985703331,Banheiro graduado,0.5010154651,Esgoto inadequado,False,60,,,0.851967681,0.851967681,0.8176456715,31,0.8176456715,31,1,,,,,,,False,0.9007203962,24.87242308,21.79433383,0.9007203962,24.87242308,21.79433383
sem_extremo·lixo_com·banheiro_graduado·varimax·60_40·global,sem_extremo,com,graduado,varimax,60_40,global,8,"Água inadequada, Esgoto inadequado, Lixo inadequado, Razão de moradores, Analfabetismo 15+, Renda (invertida), Cor/raça PPI, Banheiro graduado",73877,30231,73877,13469,0.7741146421,0.6426752238,Lixo inadequado,192198.753,28,3,3,34,True,True,False,True,0.2985703331,Banheiro graduado,0.5010154651,Esgoto inadequado,False,60,,,0.8385660411,0.8385660411,0.7769022424,31,0.7769022424,31,1,,,,,,,False,0.8317377864,30.74705253,25.98779052,0.8317377864,30.74705253,25.98779052
sem_extremo·lixo_com·banheiro_graduado·promax·ss_padrao·municipal,sem_extremo,com,graduado,promax,ss_padrao,municipal,8,"Água inadequada, Esgoto inadequado, Lixo inadequado, Razão de moradores, Analfabetismo 15+, Renda (invertida), Cor/raça PPI, Banheiro graduado",73877,30231,73877,13469,0.7741146421,0.6426752238,Lixo inadequado,192198.753,28,3,3,34,True,True,False,True,0.2985703331,Banheiro graduado,0.4524446457,Esgoto inadequado,False,68.3644995,,,0.8640853931,0.8640853931,0.8456411624,31,0.8456411624,31,1,,,,,,,False,0.9328408844,20.41501415,19.831612,0.9328408844,20.41501415,19.831612
sem_extremo·lixo_com·banheiro_graduado·promax·ss_padrao·global,sem_extremo,com,graduado,promax,ss_padrao,global,8,"Água inadequada, Esgoto inadequado, Lixo inadequado, Razão de moradores, Analfabetismo 15+, Renda (invertida), Cor/raça PPI, Banheiro graduado",73877,30231,73877,13469,0.7741146421,0.6426752238,Lixo inadequado,192198.753,28,3,3,34,True,True,False,True,0.2985703331,Banheiro graduado,0.4524446457,Esgoto inadequado,False,68.3644995,,,0.85823527,0.85823527,0.8126286998,31,0.8126286998,31,1,,,,,,,False,0.875212715,23.89783018,22.25049745,0.875212715,23.89783018,22.25049745
sem_extremo·lixo_com·banheiro_graduado·promax·ss_estrutura·municipal,sem_extremo,com,graduado,promax,ss_estrutura,municipal,8,"Água inadequada, Esgoto inadequado, Lixo inadequado, Razão de moradores, Analfabetismo 15+, Renda (invertida), Cor/raça PPI, Banheiro graduado",73877,30231,73877,13469,0.7741146421,0.6426752238,Lixo inadequado,192198.753,28,3,3,34,True,True,False,True,0.2985703331,Banheiro graduado,0.4524446457,Esgoto inadequado,False,64.61149916,,,0.8616208554,0.8616208554,0.841899303,31,0.841899303,31,1,,,,,,,False,0.9254101065,21.64949849,20.47998701,0.9254101065,21.64949849,20.47998701
sem_extremo·lixo_com·banheiro_graduado·promax·ss_estrutura·global,sem_extremo,com,graduado,promax,ss_estrutura,global,8,"Água inadequada, Esgoto inadequado, Lixo inadequado, Razão de moradores, Analfabetismo 15+, Renda (invertida), Cor/raça PPI, Banheiro graduado",73877,30231,73877,13469,0.7741146421,0.6426752238,Lixo inadequado,192198.753,28,3,3,34,True,True,False,True,0.2985703331,Banheiro graduado,0.4524446457,Esgoto inadequado,False,64.61149916,,,0.8535269679,0.8535269679,0.8030818276,31,0.8030818276,31,1,,,,,,,False,0.863729851,25.92146406,23.3821081,0.863729851,25.92146406,23.3821081
sem_extremo·lixo_com·banheiro_graduado·promax·comunalidades·municipal,sem_extremo,com,graduado,promax,comunalidades,municipal,8,"Água inadequada, Esgoto inadequado, Lixo inadequado, Razão de moradores, Analfabetismo 15+, Renda (invertida), Cor/raça PPI, Banheiro graduado",73877,30231,73877,13469,0.7741146421,0.6426752238,Lixo inadequado,192198.753,28,3,3,34,True,True,False,True,0.2985703331,Banheiro graduado,0.4524446457,Esgoto inadequado,False,62.68110259,,,0.8600722919,0.8600722919,0.8393666451,31,0.8393666451,31,1,,,,,,,False,0.9209582423,22.28163028,20.84139854,0.9209582423,22.28163028,20.84139854
sem_extremo·lixo_com·banheiro_graduado·promax·comunalidades·global,sem_extremo,com,graduado,promax,comunalidades,global,8,"Água inadequada, Esgoto inadequado, Lixo inadequado, Razão de moradores, Analfabetismo 15+, Renda (invertida), Cor/raça PPI, Banheiro graduado",73877,30231,73877,13469,0.7741146421,0.6426752238,Lixo inadequado,192198.753,28,3,3,34,True,True,False,True,0.2985703331,Banheiro graduado,0.4524446457,Esgoto inadequado,False,62.68110259,,,0.8510054047,0.8510054047,0.7982733022,31,0.7982733022,31,1,,,,,,,False,0.8575543989,26.92448259,23.89512297,0.8575543989,26.92448259,23.89512297
sem_extremo·lixo_com·banheiro_graduado·promax·50_50·municipal,sem_extremo,com,graduado,promax,50_50,municipal,8,"Água inadequada, Esgoto inadequado, Lixo inadequado, Razão de moradores, Analfabetismo 15+, Renda (invertida), Cor/raça PPI, Banheiro graduado",73877,30231,73877,13469,0.7741146421,0.6426752238,Lixo inadequado,192198.753,28,3,3,34,True,True,False,True,0.2985703331,Banheiro graduado,0.4524446457,Esgoto inadequado,False,50,,,0.8465790041,0.8465790041,0.8095244513,31,0.8095244513,31,1,,,,,,,False,0.8854308511,27.20467805,23.41730173,0.8854308511,27.20467805,23.41730173
sem_extremo·lixo_com·banheiro_graduado·promax·50_50·global,sem_extremo,com,graduado,promax,50_50,global,8,"Água inadequada, Esgoto inadequado, Lixo inadequado, Razão de moradores, Analfabetismo 15+, Renda (invertida), Cor/raça PPI, Banheiro graduado",73877,30231,73877,13469,0.7741146421,0.6426752238,Lixo inadequado,192198.753,28,3,3,34,True,True,False,True,0.2985703331,Banheiro graduado,0.4524446457,Esgoto inadequado,False,50,,,0.8349074181,0.8349074181,0.7663014939,31,0.7663014939,31,1,,,,,,,False,0.8190035734,33.16187717,28.16302774,0.8190035734,33.16187717,28.16302774
sem_extremo·lixo_com·banheiro_graduado·promax·60_40·municipal,sem_extremo,com,graduado,promax,60_40,municipal,8,"Água inadequada, Esgoto inadequado, Lixo inadequado, Razão de moradores, Analfabetismo 15+, Renda (invertida), Cor/raça PPI, Banheiro graduado",73877,30231,73877,13469,0.7741146421,0.6426752238,Lixo inadequado,192198.753,28,3,3,34,True,True,False,True,0.2985703331,Banheiro graduado,0.4524446457,Esgoto inadequado,False,60,,,0.8576432775,0.8576432775,0.8358342537,31,0.8358342537,31,1,,,,,,,False,0.9141538976,23.21020074,21.21905329,0.9141538976,23.21020074,21.21905329
sem_extremo·lixo_com·banheiro_graduado·promax·60_40·global,sem_extremo,com,graduado,promax,60_40,global,8,"Água inadequada, Esgoto inadequado, Lixo inadequado, Razão de moradores, Analfabetismo 15+, Renda (invertida), Cor/raça PPI, Banheiro graduado",73877,30231,73877,13469,0.7741146421,0.6426752238,Lixo inadequado,192198.753,28,3,3,34,True,True,False,True,0.2985703331,Banheiro graduado,0.4524446457,Esgoto inadequado,False,60,,,0.8474683116,0.8474683116,0.7914863306,31,0.7914863306,31,1,,,,,,,False,0.848981463,28.36200712,24.73706296,0.848981463,28.36200712,24.73706296
sem_extremo·lixo_sem·banheiro_fora·sem_rotacao·unico·municipal,sem_extremo,sem,fora,sem_rotacao,unico,municipal,6,"Água inadequada, Esgoto inadequado, Razão de moradores, Analfabetismo 15+, Renda (invertida), Cor/raça PPI",87544,16564,73877,18900,0.7870057205,0.7152960607,Renda (invertida),225345.5143,15,1,1,3,True,True,False,True,0.2529838302,Água inadequada,0.5029749797,Água inadequada,False,100,,,0.8451862381,0.8517940922,0.8333806214,31,0.8424139703,31,0,,,,,,,False,0.9768639991,10.18720305,11.86837581,0.9768639991,10.18720305,11.86837581
sem_extremo·lixo_sem·banheiro_fora·sem_rotacao·unico·global,sem_extremo,sem,fora,sem_rotacao,unico,global,6,"Água inadequada, Esgoto inadequado, Razão de moradores, Analfabetismo 15+, Renda (invertida), Cor/raça PPI",87544,16564,73877,18900,0.7870057205,0.7152960607,Renda (invertida),225345.5143,15,1,1,3,True,True,False,True,0.2529838302,Água inadequada,0.5029749797,Água inadequada,False,100,,,0.8383899863,0.8452578127,0.807626272,31,0.8177366373,31,0,,,,,,,False,0.9394431692,14.23041001,14.9748907,0.9394431692,14.23041001,14.9748907
sem_extremo·lixo_sem·banheiro_fora·varimax·ss·municipal,sem_extremo,sem,fora,varimax,ss,municipal,6,"Água inadequada, Esgoto inadequado, Razão de moradores, Analfabetismo 15+, Renda (invertida), Cor/raça PPI",87544,16564,73877,18900,0.7870057205,0.7152960607,Renda (invertida),225345.5143,15,1,1,3,True,True,True,True,0.3804355077,Razão de moradores,0.5319832077,Razão de moradores,True,65.01098299,3.695322466,4.137319605,0.8245484994,0.8318708784,0.7958612004,31,0.803349132,31,0,63,74,12.5,49.83333333,3,61,False,0.9949532887,10.28872315,10.26841913,0.9949532887,10.28872315,10.26841913
sem_extremo·lixo_sem·banheiro_fora·varimax·ss·global,sem_extremo,sem,fora,varimax,ss,global,6,"Água inadequada, Esgoto inadequado, Razão de moradores, Analfabetismo 15+, Renda (invertida), Cor/raça PPI",87544,16564,73877,18900,0.7870057205,0.7152960607,Renda (invertida),225345.5143,15,1,1,3,True,True,True,True,0.3804355077,Razão de moradores,0.5319832077,Razão de moradores,True,65.01098299,3.695322466,4.137319605,0.8136854452,0.8213028138,0.7657408533,31,0.7667757417,31,0,,,,,,,False,0.9369827295,16.66012426,15.45812635,0.9369827295,16.66012426,15.45812635
sem_extremo·lixo_sem·banheiro_fora·varimax·50_50·municipal,sem_extremo,sem,fora,varimax,50_50,municipal,6,"Água inadequada, Esgoto inadequado, Razão de moradores, Analfabetismo 15+, Renda (invertida), Cor/raça PPI",87544,16564,73877,18900,0.7870057205,0.7152960607,Renda (invertida),225345.5143,15,1,1,3,True,True,True,True,0.3804355077,Razão de moradores,0.5319832077,Razão de moradores,True,50,0,6.550570977,0.8092938261,0.8167390925,0.7772532649,31,0.7901106827,31,0,24.5,94,12.5,43.66666667,3,28,False,0.9808364548,18.95041759,15.0885932,0.9808364548,18.95041759,15.0885932
sem_extremo·lixo_sem·banheiro_fora·varimax·50_50·global,sem_extremo,sem,fora,varimax,50_50,global,6,"Água inadequada, Esgoto inadequado, Razão de moradores, Analfabetismo 15+, Renda (invertida), Cor/raça PPI",87544,16564,73877,18900,0.7870057205,0.7152960607,Renda (invertida),225345.5143,15,1,1,3,True,True,True,True,0.3804355077,Razão de moradores,0.5319832077,Razão de moradores,True,50,0,6.550570977,0.8008313956,0.8084402815,0.7497366395,31,0.7542307692,31,0,,,,,,,False,0.9220657079,24.88325189,19.52163732,0.9220657079,24.88325189,19.52163732
sem_extremo·lixo_sem·banheiro_fora·varimax·60_40·municipal,sem_extremo,sem,fora,varimax,60_40,municipal,6,"Água inadequada, Esgoto inadequado, Razão de moradores, Analfabetismo 15+, Renda (invertida), Cor/raça PPI",87544,16564,73877,18900,0.7870057205,0.7152960607,Renda (invertida),225345.5143,15,1,1,3,True,True,True,True,0.3804355077,Razão de moradores,0.5319832077,Razão de moradores,True,60,0,5.240456781,0.819171145,0.8265469935,0.7893956205,31,0.797396938,31,0,24.5,88,12.5,41.66666667,2,17,False,0.9915380614,13.23280588,11.8480718,0.9915380614,13.23280588,11.8480718
sem_extremo·lixo_sem·banheiro_fora·varimax·60_40·global,sem_extremo,sem,fora,varimax,60_40,global,6,"Água inadequada, Esgoto inadequado, Razão de moradores, Analfabetismo 15+, Renda (invertida), Cor/raça PPI",87544,16564,73877,18900,0.7870057205,0.7152960607,Renda (invertida),225345.5143,15,1,1,3,True,True,True,True,0.3804355077,Razão de moradores,0.5319832077,Razão de moradores,True,60,0,5.240456781,0.8091838684,0.8168160446,0.7595316235,31,0.7618269231,31,0,,,,,,,False,0.9325299128,19.55547735,16.86451805,0.9325299128,19.55547735,16.86451805
sem_extremo·lixo_sem·banheiro_fora·promax·ss_padrao·municipal,sem_extremo,sem,fora,promax,ss_padrao,municipal,6,"Água inadequada, Esgoto inadequado, Razão de moradores, Analfabetismo 15+, Renda (invertida), Cor/raça PPI",87544,16564,73877,18900,0.7870057205,0.7152960607,Renda (invertida),225345.5143,15,1,1,3,True,True,True,True,0.3804355077,Razão de moradores,0.4899472064,Razão de moradores,True,65.81594429,4.791746323,5.51536785,0.8240600334,0.8318363728,0.7943237668,31,0.8065490859,31,0,75,58,12.5,48.5,3,53,False,0.9942851527,9.679602583,10.30902717,0.9942851527,9.679602583,10.30902717
sem_extremo·lixo_sem·banheiro_fora·promax·ss_padrao·global,sem_extremo,sem,fora,promax,ss_padrao,global,6,"Água inadequada, Esgoto inadequado, Razão de moradores, Analfabetismo 15+, Renda (invertida), Cor/raça PPI",87544,16564,73877,18900,0.7870057205,0.7152960607,Renda (invertida),225345.5143,15,1,1,3,True,True,True,True,0.3804355077,Razão de moradores,0.4899472064,Razão de moradores,True,65.81594429,4.791746323,5.51536785,0.81209671,0.8200774823,0.7618995918,31,0.7629144852,31,0,,,,,,,False,0.9364745145,16.02122447,15.45000474,0.9364745145,16.02122447,15.45000474
sem_extremo·lixo_sem·banheiro_fora·promax·ss_estrutura·municipal,sem_extremo,sem,fora,promax,ss_estrutura,municipal,6,"Água inadequada, Esgoto inadequado, Razão de moradores, Analfabetismo 15+, Renda (invertida), Cor/raça PPI",87544,16564,73877,18900,0.7870057205,0.7152960607,Renda (invertida),225345.5143,15,1,1,3,True,True,True,True,0.3804355077,Razão de moradores,0.4899472064,Razão de moradores,True,59.64061826,3.577809149,4.149063193,0.8173592647,0.8252020421,0.783939894,31,0.8017774496,31,0,56,85.5,12.5,51.33333333,3,71,False,0.9897767606,13.10015296,12.16887529,0.9897767606,13.10015296,12.16887529
sem_extremo·lixo_sem·banheiro_fora·promax·ss_estrutura·global,sem_extremo,sem,fora,promax,ss_estrutura,global,6,"Água inadequada, Esgoto inadequado, Razão de moradores, Analfabetismo 15+, Renda (invertida), Cor/raça PPI",87544,16564,73877,18900,0.7870057205,0.7152960607,Renda (invertida),225345.5143,15,1,1,3,True,True,True,True,0.3804355077,Razão de moradores,0.4899472064,Razão de moradores,True,59.64061826,3.577809149,4.149063193,0.8065486481,0.8145331202,0.7559497959,31,0.755039267,31,0,,,,,,,False,0.9307704969,19.59067098,17.15554232,0.9307704969,19.59067098,17.15554232
sem_extremo·lixo_sem·banheiro_fora·promax·comunalidades·municipal,sem_extremo,sem,fora,promax,comunalidades,municipal,6,"Água inadequada, Esgoto inadequado, Razão de moradores, Analfabetismo 15+, Renda (invertida), Cor/raça PPI",87544,16564,73877,18900,0.7870057205,0.7152960607,Renda (invertida),225345.5143,15,1,1,3,True,True,True,True,0.3804355077,Razão de moradores,0.4899472064,Razão de moradores,True,65.76533769,9.130460403,4.582885012,0.8240030104,0.8317797086,0.7942170062,31,0.8065198911,31,0,85,61,12.5,52.83333333,3,73,False,0.994260123,9.721564222,10.33609919,0.994260123,9.721564222,10.33609919
sem_extremo·lixo_sem·banheiro_fora·promax·comunalidades·global,sem_extremo,sem,fora,promax,comunalidades,global,6,"Água inadequada, Esgoto inadequado, Razão de moradores, Analfabetismo 15+, Renda (invertida), Cor/raça PPI",87544,16564,73877,18900,0.7870057205,0.7152960607,Renda (invertida),225345.5143,15,1,1,3,True,True,True,True,0.3804355077,Razão de moradores,0.4899472064,Razão de moradores,True,65.76533769,9.130460403,4.582885012,0.812049493,0.8200304637,0.761834448,31,0.7628272251,31,0,,,,,,,False,0.9364316814,16.03746768,15.45677274,0.9364316814,16.03746768,15.45677274
sem_extremo·lixo_sem·banheiro_fora·promax·50_50·municipal,sem_extremo,sem,fora,promax,50_50,municipal,6,"Água inadequada, Esgoto inadequado, Razão de moradores, Analfabetismo 15+, Renda (invertida), Cor/raça PPI",87544,16564,73877,18900,0.7870057205,0.7152960607,Renda (invertida),225345.5143,15,1,1,3,True,True,True,True,0.3804355077,Razão de moradores,0.4899472064,Razão de moradores,True,50,0,5.86282933,0.8078267314,0.8157419222,0.7726917398,31,0.7936851508,31,0,24.5,92,12.5,43,3,26,False,0.9790614335,18.66886852,15.26862217,0.9790614335,18.66886852,15.26862217
sem_extremo·lixo_sem·banheiro_fora·promax·50_50·global,sem_extremo,sem,fora,promax,50_50,global,6,"Água inadequada, Esgoto inadequado, Razão de moradores, Analfabetismo 15+, Renda (invertida), Cor/raça PPI",87544,16564,73877,18900,0.7870057205,0.7152960607,Renda (invertida),225345.5143,15,1,1,3,True,True,True,True,0.3804355077,Razão de moradores,0.4899472064,Razão de moradores,True,50,0,5.86282933,0.7985320405,0.8064672305,0.7473866537,31,0.7478846154,31,0,,,,,,,False,0.9204648215,24.80474302,19.76934635,0.9204648215,24.80474302,19.76934635
sem_extremo·lixo_sem·banheiro_fora·promax·60_40·municipal,sem_extremo,sem,fora,promax,60_40,municipal,6,"Água inadequada, Esgoto inadequado, Razão de moradores, Analfabetismo 15+, Renda (invertida), Cor/raça PPI",87544,16564,73877,18900,0.7870057205,0.7152960607,Renda (invertida),225345.5143,15,1,1,3,True,True,True,True,0.3804355077,Razão de moradores,0.4899472064,Razão de moradores,True,60,0,4.690263464,0.8177343276,0.8255731912,0.7845044732,31,0.8020475017,31,0,24.5,82,12.5,39.66666667,2,5,False,0.9901053808,12.90252717,12.03216157,0.9901053808,12.90252717,12.03216157
sem_extremo·lixo_sem·banheiro_fora·promax·60_40·global,sem_extremo,sem,fora,promax,60_40,global,6,"Água inadequada, Esgoto inadequado, Razão de moradores, Analfabetismo 15+, Renda (invertida), Cor/raça PPI",87544,16564,73877,18900,0.7870057205,0.7152960607,Renda (invertida),225345.5143,15,1,1,3,True,True,True,True,0.3804355077,Razão de moradores,0.4899472064,Razão de moradores,True,60,0,4.690263464,0.8068613873,0.8148468959,0.7563189438,31,0.7555628272,31,0,,,,,,,False,0.9311242848,19.40793481,17.03507181,0.9311242848,19.40793481,17.03507181
sem_extremo·lixo_sem·banheiro_v00495·sem_rotacao·unico·municipal,sem_extremo,sem,v00495,sem_rotacao,unico,municipal,7,"Água inadequada, Esgoto inadequado, Razão de moradores, Analfabetismo 15+, Renda (invertida), Cor/raça PPI, Sem banheiro",75954,28154,73877,14704,0.7966236139,0.7208136059,Renda (invertida),203894.9195,21,2,2,18,True,True,False,True,0.163208087,Sem banheiro,0.4039902065,Sem banheiro,False,100,,,0.8523893174,0.850477726,0.8445243427,31,0.8428846154,31,0,,,,,,,False,0.9784888633,8.395034991,8.342244542,0.9784888633,8.395034991,8.342244542
sem_extremo·lixo_sem·banheiro_v00495·sem_rotacao·unico·global,sem_extremo,sem,v00495,sem_rotacao,unico,global,7,"Água inadequada, Esgoto inadequado, Razão de moradores, Analfabetismo 15+, Renda (invertida), Cor/raça PPI, Sem banheiro",75954,28154,73877,14704,0.7966236139,0.7208136059,Renda (invertida),203894.9195,21,2,2,18,True,True,False,True,0.163208087,Sem banheiro,0.4039902065,Sem banheiro,False,100,,,0.8471454998,0.8454385215,0.8197169599,31,0.8181207149,31,0,,,,,,,False,0.9395365007,12.09307362,12.25009137,0.9395365007,12.09307362,12.25009137
sem_extremo·lixo_sem·banheiro_v00495·varimax·ss·municipal,sem_extremo,sem,v00495,varimax,ss,municipal,7,"Água inadequada, Esgoto inadequado, Razão de moradores, Analfabetismo 15+, Renda (invertida), Cor/raça PPI, Sem banheiro",75954,28154,73877,14704,0.7966236139,0.7208136059,Renda (invertida),203894.9195,21,2,2,18,True,True,True,True,0.383550342,Razão de moradores,0.5883093782,Razão de moradores,True,64.60523755,3.686743092,4.800322749,0.8405750861,0.8382657075,0.8298368298,31,0.8289015611,31,0,60,28,48.5,45.5,4,36,False,0.9970686871,3.139001313,3.624944164,0.9970686871,3.139001313,3.624944164
sem_extremo·lixo_sem·banheiro_v00495·varimax·ss·global,sem_extremo,sem,v00495,varimax,ss,global,7,"Água inadequada, Esgoto inadequado, Razão de moradores, Analfabetismo 15+, Renda (invertida), Cor/raça PPI, Sem banheiro",75954,28154,73877,14704,0.7966236139,0.7208136059,Renda (invertida),203894.9195,21,2,2,18,True,True,True,True,0.383550342,Razão de moradores,0.5883093782,Razão de moradores,True,64.60523755,3.686743092,4.800322749,0.8317829418,0.8297460949,0.7925339602,31,0.7895793676,31,0,,,,,,,False,0.9429317401,9.400760724,9.990930872,0.9429317401,9.400760724,9.990930872
sem_extremo·lixo_sem·banheiro_v00495·varimax·50_50·municipal,sem_extremo,sem,v00495,varimax,50_50,municipal,7,"Água inadequada, Esgoto inadequado, Razão de moradores, Analfabetismo 15+, Renda (invertida), Cor/raça PPI, Sem banheiro",75954,28154,73877,14704,0.7966236139,0.7208136059,Renda (invertida),203894.9195,21,2,2,18,True,True,True,True,0.383550342,Razão de moradores,0.5883093782,Razão de moradores,True,50,0,4.615656625,0.8266508428,0.823959719,0.8025255782,31,0.8049038462,31,0,24.5,68,48.5,47,4,41,False,0.99379182,9.908361195,6.797785508,0.99379182,9.908361195,6.797785508
sem_extremo·lixo_sem·banheiro_v00495·varimax·50_50·global,sem_extremo,sem,v00495,varimax,50_50,global,7,"Água inadequada, Esgoto inadequado, Razão de moradores, Analfabetismo 15+, Renda (invertida), Cor/raça PPI, Sem banheiro",75954,28154,73877,14704,0.7966236139,0.7208136059,Renda (invertida),203894.9195,21,2,2,18,True,True,True,True,0.383550342,Razão de moradores,0.5883093782,Razão de moradores,True,50,0,4.615656625,0.8193827252,0.8169927934,0.7611023191,31,0.7649038462,31,0,,,,,,,False,0.9331760498,16.9186621,13.82297603,0.9331760498,16.9186621,13.82297603
sem_extremo·lixo_sem·banheiro_v00495·varimax·60_40·municipal,sem_extremo,sem,v00495,varimax,60_40,municipal,7,"Água inadequada, Esgoto inadequado, Razão de moradores, Analfabetismo 15+, Renda (invertida), Cor/raça PPI, Sem banheiro",75954,28154,73877,14704,0.7966236139,0.7208136059,Renda (invertida),203894.9195,21,2,2,18,True,True,True,True,0.383550342,Razão de moradores,0.5883093782,Razão de moradores,True,60,0,4.10677454,0.8361810531,0.8337469351,0.8186795363,31,0.8163461538,31,0,24.5,50,48.5,41,3,14,False,0.998196819,4.025610136,3.752182682,0.998196819,4.025610136,3.752182682
sem_extremo·lixo_sem·banheiro_v00495·varimax·60_40·global,sem_extremo,sem,v00495,varimax,60_40,global,7,"Água inadequada, Esgoto inadequado, Razão de moradores, Analfabetismo 15+, Renda (invertida), Cor/raça PPI, Sem banheiro",75954,28154,73877,14704,0.7966236139,0.7208136059,Renda (invertida),203894.9195,21,2,2,18,True,True,True,True,0.383550342,Razão de moradores,0.5883093782,Razão de moradores,True,60,0,4.10677454,0.8276845928,0.8255379334,0.7776777192,31,0.7746727749,31,0,,,,,,,False,0.9407231845,11.3120457,11.13743114,0.9407231845,11.3120457,11.13743114
sem_extremo·lixo_sem·banheiro_v00495·promax·ss_padrao·municipal,sem_extremo,sem,v00495,promax,ss_padrao,municipal,7,"Água inadequada, Esgoto inadequado, Razão de moradores, Analfabetismo 15+, Renda (invertida), Cor/raça PPI, Sem banheiro",75954,28154,73877,14704,0.7966236139,0.7208136059,Renda (invertida),203894.9195,21,2,2,18,True,True,True,True,0.383550342,Razão de moradores,0.5633573969,Esgoto inadequado,True,64.2577558,4.464326229,6.774398319,0.8395822356,0.8373064793,0.8263869464,31,0.8301489816,31,0,69,25,48.5,47.5,4,47,False,0.9976009993,3.065906845,3.313615875,0.9976009993,3.065906845,3.313615875
sem_extremo·lixo_sem·banheiro_v00495·promax·ss_padrao·global,sem_extremo,sem,v00495,promax,ss_padrao,global,7,"Água inadequada, Esgoto inadequado, Razão de moradores, Analfabetismo 15+, Renda (invertida), Cor/raça PPI, Sem banheiro",75954,28154,73877,14704,0.7966236139,0.7208136059,Renda (invertida),203894.9195,21,2,2,18,True,True,True,True,0.383550342,Razão de moradores,0.5633573969,Esgoto inadequado,True,64.2577558,4.464326229,6.774398319,0.8303497724,0.8283755952,0.7901863238,31,0.7881984373,31,0,,,,,,,False,0.9428261335,9.130040473,9.842034733,0.9428261335,9.130040473,9.842034733
sem_extremo·lixo_sem·banheiro_v00495·promax·ss_estrutura·municipal,sem_extremo,sem,v00495,promax,ss_estrutura,municipal,7,"Água inadequada, Esgoto inadequado, Razão de moradores, Analfabetismo 15+, Renda (invertida), Cor/raça PPI, Sem banheiro",75954,28154,73877,14704,0.7966236139,0.7208136059,Renda (invertida),203894.9195,21,2,2,18,True,True,True,True,0.383550342,Razão de moradores,0.5633573969,Esgoto inadequado,True,59.27907025,3.87474863,6.17157322,0.8347525238,0.8323467317,0.8183533683,31,0.8157396504,31,0,66,57,48.5,57.16666667,4,84,False,0.9985068328,3.294665457,3.304140666,0.9985068328,3.294665457,3.304140666
sem_extremo·lixo_sem·banheiro_v00495·promax·ss_estrutura·global,sem_extremo,sem,v00495,promax,ss_estrutura,global,7,"Água inadequada, Esgoto inadequado, Razão de moradores, Analfabetismo 15+, Renda (invertida), Cor/raça PPI, Sem banheiro",75954,28154,73877,14704,0.7966236139,0.7208136059,Renda (invertida),203894.9195,21,2,2,18,True,True,True,True,0.383550342,Razão de moradores,0.5633573969,Esgoto inadequado,True,59.27907025,3.87474863,6.17157322,0.8259312685,0.8238366528,0.7713447996,31,0.7704288488,31,0,,,,,,,False,0.9402629705,11.06027586,11.13743114,0.9402629705,11.06027586,11.13743114
sem_extremo·lixo_sem·banheiro_v00495·promax·comunalidades·municipal,sem_extremo,sem,v00495,promax,comunalidades,municipal,7,"Água inadequada, Esgoto inadequado, Razão de moradores, Analfabetismo 15+, Renda (invertida), Cor/raça PPI, Sem banheiro",75954,28154,73877,14704,0.7966236139,0.7208136059,Renda (invertida),203894.9195,21,2,2,18,True,True,True,True,0.383550342,Razão de moradores,0.5633573969,Esgoto inadequado,True,62.15540691,0.7355876489,6.209079473,0.8375415747,0.8352089364,0.8227505828,31,0.8243263732,31,0,49,37.5,48.5,45,4,34,False,0.998300931,2.581317595,3.083503661,0.998300931,2.581317595,3.083503661
sem_extremo·lixo_sem·banheiro_v00495·promax·comunalidades·global,sem_extremo,sem,v00495,promax,comunalidades,global,7,"Água inadequada, Esgoto inadequado, Razão de moradores, Analfabetismo 15+, Renda (invertida), Cor/raça PPI, Sem banheiro",75954,28154,73877,14704,0.7966236139,0.7208136059,Renda (invertida),203894.9195,21,2,2,18,True,True,True,True,0.383550342,Razão de moradores,0.5633573969,Esgoto inadequado,True,62.15540691,0.7355876489,6.209079473,0.8284507373,0.8264262994,0.7823091527,31,0.7807227753,31,0,,,,,,,False,0.9418797054,9.850156341,10.38618244,0.9418797054,9.850156341,10.38618244
sem_extremo·lixo_sem·banheiro_v00495·promax·50_50·municipal,sem_extremo,sem,v00495,promax,50_50,municipal,7,"Água inadequada, Esgoto inadequado, Razão de moradores, Analfabetismo 15+, Renda (invertida), Cor/raça PPI, Sem banheiro",75954,28154,73877,14704,0.7966236139,0.7208136059,Renda (invertida),203894.9195,21,2,2,18,True,True,True,True,0.383550342,Razão de moradores,0.5633573969,Esgoto inadequado,True,50,0,5.985431597,0.8258336646,0.8231970469,0.7985333672,31,0.8026923077,31,0,24.5,80,48.5,51,4,69,False,0.9940269458,8.990619543,6.544662073,0.9940269458,8.990619543,6.544662073
sem_extremo·lixo_sem·banheiro_v00495·promax·50_50·global,sem_extremo,sem,v00495,promax,50_50,global,7,"Água inadequada, Esgoto inadequado, Razão de moradores, Analfabetismo 15+, Renda (invertida), Cor/raça PPI, Sem banheiro",75954,28154,73877,14704,0.7966236139,0.7208136059,Renda (invertida),203894.9195,21,2,2,18,True,True,True,True,0.383550342,Razão de moradores,0.5633573969,Esgoto inadequado,True,50,0,5.985431597,0.8182587951,0.8159319225,0.7540886114,31,0.7588461538,31,0,,,,,,,False,0.9330601173,16.10785495,13.64159346,0.9330601173,16.10785495,13.64159346
sem_extremo·lixo_sem·banheiro_v00495·promax·60_40·municipal,sem_extremo,sem,v00495,promax,60_40,municipal,7,"Água inadequada, Esgoto inadequado, Razão de moradores, Analfabetismo 15+, Renda (invertida), Cor/raça PPI, Sem banheiro",75954,28154,73877,14704,0.7966236139,0.7208136059,Renda (invertida),203894.9195,21,2,2,18,True,True,True,True,0.383550342,Razão de moradores,0.5633573969,Esgoto inadequado,True,60,0,5.960135081,0.8354500644,0.8330620976,0.8202331002,31,0.8178913769,31,0,24.5,47,48.5,40,3,10,False,0.9985351771,3.018530801,3.144415718,0.9985351771,3.018530801,3.144415718
sem_extremo·lixo_sem·banheiro_v00495·promax·60_40·global,sem_extremo,sem,v00495,promax,60_40,global,7,"Água inadequada, Esgoto inadequado, Razão de moradores, Analfabetismo 15+, Renda (invertida), Cor/raça PPI, Sem banheiro",75954,28154,73877,14704,0.7966236139,0.7208136059,Renda (invertida),203894.9195,21,2,2,18,True,True,True,True,0.383550342,Razão de moradores,0.5633573969,Esgoto inadequado,True,60,0,5.960135081,0.8265547245,0.8244778012,0.7741351371,31,0.7730290362,31,0,,,,,,,False,0.9406992182,10.72593635,10.93303735,0.9406992182,10.72593635,10.93303735
sem_extremo·lixo_sem·banheiro_graduado·sem_rotacao·unico·municipal,sem_extremo,sem,graduado,sem_rotacao,unico,municipal,7,"Água inadequada, Esgoto inadequado, Razão de moradores, Analfabetismo 15+, Renda (invertida), Cor/raça PPI, Banheiro graduado",73877,30231,73877,13469,0.7806773711,0.7087750391,Renda (invertida),185224.1044,21,2,2,30,True,True,False,False,0.05952179823,Banheiro graduado,0.2439708963,Banheiro graduado,False,100,,,0.8506806032,0.8506806032,0.846794218,31,0.846794218,31,1,,,,,,,False,0.9773395753,9.668773773,8.885038645,0.9773395753,9.668773773,8.885038645
sem_extremo·lixo_sem·banheiro_graduado·sem_rotacao·unico·global,sem_extremo,sem,graduado,sem_rotacao,unico,global,7,"Água inadequada, Esgoto inadequado, Razão de moradores, Analfabetismo 15+, Renda (invertida), Cor/raça PPI, Banheiro graduado",73877,30231,73877,13469,0.7806773711,0.7087750391,Renda (invertida),185224.1044,21,2,2,30,True,True,False,False,0.05952179823,Banheiro graduado,0.2439708963,Banheiro graduado,False,100,,,0.8485013714,0.8485013714,0.8250613373,31,0.8250613373,31,1,,,,,,,False,0.9377300535,12.00915034,11.98884633,0.9377300535,12.00915034,11.98884633
sem_extremo·lixo_sem·banheiro_graduado·varimax·ss·municipal,sem_extremo,sem,graduado,varimax,ss,municipal,7,"Água inadequada, Esgoto inadequado, Razão de moradores, Analfabetismo 15+, Renda (invertida), Cor/raça PPI, Banheiro graduado",73877,30231,73877,13469,0.7806773711,0.7087750391,Renda (invertida),185224.1044,21,2,2,30,True,True,True,True,0.3754670955,Razão de moradores,0.5595498586,Esgoto inadequado,True,67.20684436,4.556844088,4.872711316,0.838441677,0.838441677,0.8352863455,31,0.8352863455,31,1,72,22,48.5,47.5,4,45,False,0.9970904547,4.106826211,3.348809508,0.9970904547,4.106826211,3.348809508
sem_extremo·lixo_sem·banheiro_graduado·varimax·ss·global,sem_extremo,sem,graduado,varimax,ss,global,7,"Água inadequada, Esgoto inadequado, Razão de moradores, Analfabetismo 15+, Renda (invertida), Cor/raça PPI, Banheiro graduado",73877,30231,73877,13469,0.7806773711,0.7087750391,Renda (invertida),185224.1044,21,2,2,30,True,True,True,True,0.3754670955,Razão de moradores,0.5595498586,Esgoto inadequado,True,67.20684436,4.556844088,4.872711316,0.8317098886,0.8317098886,0.7975304483,31,0.7975304483,31,1,,,,,,,False,0.9433365773,8.285393289,9.000094752,0.9433365773,8.285393289,9.000094752
sem_extremo·lixo_sem·banheiro_graduado·varimax·50_50·municipal,sem_extremo,sem,graduado,varimax,50_50,municipal,7,"Água inadequada, Esgoto inadequado, Razão de moradores, Analfabetismo 15+, Renda (invertida), Cor/raça PPI, Banheiro graduado",73877,30231,73877,13469,0.7806773711,0.7087750391,Renda (invertida),185224.1044,21,2,2,30,True,True,True,True,0.3754670955,Razão de moradores,0.5595498586,Esgoto inadequado,True,50,0,7.332141068,0.8222765866,0.8222765866,0.8048076923,31,0.8048076923,31,1,24.5,71,48.5,48,4,50,False,0.9943374826,8.048513069,5.162635191,0.9943374826,8.048513069,5.162635191
sem_extremo·lixo_sem·banheiro_graduado·varimax·50_50·global,sem_extremo,sem,graduado,varimax,50_50,global,7,"Água inadequada, Esgoto inadequado, Razão de moradores, Analfabetismo 15+, Renda (invertida), Cor/raça PPI, Banheiro graduado",73877,30231,73877,13469,0.7806773711,0.7087750391,Renda (invertida),185224.1044,21,2,2,30,True,True,True,True,0.3754670955,Razão de moradores,0.5595498586,Esgoto inadequado,True,50,0,7.332141068,0.8165527731,0.8165527731,0.7625961538,31,0.7625961538,31,1,,,,,,,False,0.9329052214,15.80058746,13.2517563,0.9329052214,15.80058746,13.2517563
sem_extremo·lixo_sem·banheiro_graduado·varimax·60_40·municipal,sem_extremo,sem,graduado,varimax,60_40,municipal,7,"Água inadequada, Esgoto inadequado, Razão de moradores, Analfabetismo 15+, Renda (invertida), Cor/raça PPI, Banheiro graduado",73877,30231,73877,13469,0.7806773711,0.7087750391,Renda (invertida),185224.1044,21,2,2,30,True,True,True,True,0.3754670955,Razão de moradores,0.5595498586,Esgoto inadequado,True,60,0,5.865712855,0.8317254546,0.8317254546,0.8159615385,31,0.8159615385,31,1,24.5,53,48.5,42,3,21,False,0.9992568191,1.869323335,1.632443115,0.9992568191,1.869323335,1.632443115
sem_extremo·lixo_sem·banheiro_graduado·varimax·60_40·global,sem_extremo,sem,graduado,varimax,60_40,global,7,"Água inadequada, Esgoto inadequado, Razão de moradores, Analfabetismo 15+, Renda (invertida), Cor/raça PPI, Banheiro graduado",73877,30231,73877,13469,0.7806773711,0.7087750391,Renda (invertida),185224.1044,21,2,2,30,True,True,True,True,0.3754670955,Razão de moradores,0.5595498586,Esgoto inadequado,True,60,0,5.865712855,0.8250485544,0.8250485544,0.7739965096,31,0.7739965096,31,1,,,,,,,False,0.940382315,10.47416652,10.63389147,0.940382315,10.47416652,10.63389147
sem_extremo·lixo_sem·banheiro_graduado·promax·ss_padrao·municipal,sem_extremo,sem,graduado,promax,ss_padrao,municipal,7,"Água inadequada, Esgoto inadequado, Razão de moradores, Analfabetismo 15+, Renda (invertida), Cor/raça PPI, Banheiro graduado",73877,30231,73877,13469,0.7806773711,0.7087750391,Renda (invertida),185224.1044,21,2,2,30,True,True,True,True,0.3754670955,Razão de moradores,0.5245400818,Esgoto inadequado,True,66.79480578,5.35643064,6.719520684,0.8379218962,0.8379218962,0.8374484098,31,0.8374484098,31,1,81,19,48.5,49.5,4,58,False,0.9972648508,4.392436076,3.296019059,0.9972648508,4.392436076,3.296019059
sem_extremo·lixo_sem·banheiro_graduado·promax·ss_padrao·global,sem_extremo,sem,graduado,promax,ss_padrao,global,7,"Água inadequada, Esgoto inadequado, Razão de moradores, Analfabetismo 15+, Renda (invertida), Cor/raça PPI, Banheiro graduado",73877,30231,73877,13469,0.7806773711,0.7087750391,Renda (invertida),185224.1044,21,2,2,30,True,True,True,True,0.3754670955,Razão de moradores,0.5245400818,Esgoto inadequado,True,66.79480578,5.35643064,6.719520684,0.8309055578,0.8309055578,0.7979390487,31,0.7979390487,31,1,,,,,,,False,0.9434024844,8.160861973,8.73884971,0.9434024844,8.160861973,8.73884971
sem_extremo·lixo_sem·banheiro_graduado·promax·ss_estrutura·municipal,sem_extremo,sem,graduado,promax,ss_estrutura,municipal,7,"Água inadequada, Esgoto inadequado, Razão de moradores, Analfabetismo 15+, Renda (invertida), Cor/raça PPI, Banheiro graduado",73877,30231,73877,13469,0.7806773711,0.7087750391,Renda (invertida),185224.1044,21,2,2,30,True,True,True,True,0.3754670955,Razão de moradores,0.5245400818,Esgoto inadequado,True,62.16784997,5.080329096,6.220343919,0.8335856417,0.8335856417,0.8249845426,31,0.8249845426,31,1,78,35,48.5,53.83333333,4,77,False,0.9992654633,1.528215818,1.226362738,0.9992654633,1.528215818,1.226362738
sem_extremo·lixo_sem·banheiro_graduado·promax·ss_estrutura·global,sem_extremo,sem,graduado,promax,ss_estrutura,global,7,"Água inadequada, Esgoto inadequado, Razão de moradores, Analfabetismo 15+, Renda (invertida), Cor/raça PPI, Banheiro graduado",73877,30231,73877,13469,0.7806773711,0.7087750391,Renda (invertida),185224.1044,21,2,2,30,True,True,True,True,0.3754670955,Razão de moradores,0.5245400818,Esgoto inadequado,True,62.16784997,5.080329096,6.220343919,0.826569125,0.826569125,0.7817890392,31,0.7817890392,31,1,,,,,,,False,0.9417864974,9.185538124,9.749989848,0.9417864974,9.185538124,9.749989848
sem_extremo·lixo_sem·banheiro_graduado·promax·comunalidades·municipal,sem_extremo,sem,graduado,promax,comunalidades,municipal,7,"Água inadequada, Esgoto inadequado, Razão de moradores, Analfabetismo 15+, Renda (invertida), Cor/raça PPI, Banheiro graduado",73877,30231,73877,13469,0.7806773711,0.7087750391,Renda (invertida),185224.1044,21,2,2,30,True,True,True,True,0.3754670955,Razão de moradores,0.5245400818,Esgoto inadequado,True,63.46582292,0.959292438,6.408770135,0.8348089084,0.8348089084,0.8285791221,31,0.8285791221,31,1,54,31,48.5,44.5,4,32,False,0.9989199157,2.348498179,1.830068898,0.9989199157,2.348498179,1.830068898
sem_extremo·lixo_sem·banheiro_graduado·promax·comunalidades·global,sem_extremo,sem,graduado,promax,comunalidades,global,7,"Água inadequada, Esgoto inadequado, Razão de moradores, Analfabetismo 15+, Renda (invertida), Cor/raça PPI, Banheiro graduado",73877,30231,73877,13469,0.7806773711,0.7087750391,Renda (invertida),185224.1044,21,2,2,30,True,True,True,True,0.3754670955,Razão de moradores,0.5245400818,Esgoto inadequado,True,63.46582292,0.959292438,6.408770135,0.8277610644,0.8277610644,0.7863903176,31,0.7863903176,31,1,,,,,,,False,0.9423511627,8.786225754,9.448136768,0.9423511627,8.786225754,9.448136768
sem_extremo·lixo_sem·banheiro_graduado·promax·50_50·municipal,sem_extremo,sem,graduado,promax,50_50,municipal,7,"Água inadequada, Esgoto inadequado, Razão de moradores, Analfabetismo 15+, Renda (invertida), Cor/raça PPI, Banheiro graduado",73877,30231,73877,13469,0.7806773711,0.7087750391,Renda (invertida),185224.1044,21,2,2,30,True,True,True,True,0.3754670955,Razão de moradores,0.5245400818,Esgoto inadequado,True,50,0,8.675609744,0.822059686,0.822059686,0.8031730769,31,0.8031730769,31,1,24.5,77,48.5,50,4,63,False,0.9949511322,6.789663901,4.576525847,0.9949511322,6.789663901,4.576525847
sem_extremo·lixo_sem·banheiro_graduado·promax·50_50·global,sem_extremo,sem,graduado,promax,50_50,global,7,"Água inadequada, Esgoto inadequado, Razão de moradores, Analfabetismo 15+, Renda (invertida), Cor/raça PPI, Banheiro graduado",73877,30231,73877,13469,0.7806773711,0.7087750391,Renda (invertida),185224.1044,21,2,2,30,True,True,True,True,0.3754670955,Razão de moradores,0.5245400818,Esgoto inadequado,True,50,0,8.675609744,0.8161147686,0.8161147686,0.7589659686,31,0.7589659686,31,1,,,,,,,False,0.9333294151,14.85983459,12.92147759,0.9333294151,14.85983459,12.92147759
sem_extremo·lixo_sem·banheiro_graduado·promax·60_40·municipal,sem_extremo,sem,graduado,promax,60_40,municipal,7,"Água inadequada, Esgoto inadequado, Razão de moradores, Analfabetismo 15+, Renda (invertida), Cor/raça PPI, Banheiro graduado",73877,30231,73877,13469,0.7806773711,0.7087750391,Renda (invertida),185224.1044,21,2,2,30,True,True,True,True,0.3754670955,Razão de moradores,0.5245400818,Esgoto inadequado,True,60,0,6.940487795,0.8315412873,0.8315412873,0.8186347096,31,0.8186347096,31,1,24.5,44,48.5,39,3,2,False,0.9994727293,0.1610785495,0.1759681633,0.9994727293,0.1610785495,0.1759681633
sem_extremo·lixo_sem·banheiro_graduado·promax·60_40·global,sem_extremo,sem,graduado,promax,60_40,global,7,"Água inadequada, Esgoto inadequado, Razão de moradores, Analfabetismo 15+, Renda (invertida), Cor/raça PPI, Banheiro graduado",73877,30231,73877,13469,0.7806773711,0.7087750391,Renda (invertida),185224.1044,21,2,2,30,True,True,True,True,0.3754670955,Razão de moradores,0.5245400818,Esgoto inadequado,True,60,0,6.940487795,0.8246157819,0.8246157819,0.774145512,31,0.774145512,31,1,,,,,,,False,0.9406716891,9.940847625,10.28872315,0.9406716891,9.940847625,10.28872315
mediana_mun·lixo_com·banheiro_fora·sem_rotacao·unico·municipal,mediana_mun,com,fora,sem_rotacao,unico,municipal,7,"Água inadequada, Esgoto inadequado, Lixo inadequado, Razão de moradores, Analfabetismo 15+, Renda (invertida), Cor/raça PPI",87545,16563,73877,18901,0.7825373069,0.6995602248,Lixo inadequado,235101.4912,21,2,2,4,True,True,False,False,0.08517065986,Lixo inadequado,0.2918401272,Lixo inadequado,False,100,,,0.8534340939,0.8606263596,0.8311817279,31,0.8405866519,31,0,,,,,,,False,0.9736692984,12.01575571,14.4115975,0.973710968,12.01456475,14.41043897
mediana_mun·lixo_com·banheiro_fora·sem_rotacao·unico·global,mediana_mun,com,fora,sem_rotacao,unico,global,7,"Água inadequada, Esgoto inadequado, Lixo inadequado, Razão de moradores, Analfabetismo 15+, Renda (invertida), Cor/raça PPI",87545,16563,73877,18901,0.7825373069,0.6995602248,Lixo inadequado,235101.4912,21,2,2,4,True,True,False,False,0.08517065986,Lixo inadequado,0.2918401272,Lixo inadequado,False,100,,,0.8457151049,0.8527719688,0.8070501302,31,0.8147295057,31,0,,,,,,,False,0.9337797349,16.56650153,18.01077452,0.9338196978,16.56537217,18.00966471
mediana_mun·lixo_com·banheiro_fora·varimax·ss·municipal,mediana_mun,com,fora,varimax,ss,municipal,7,"Água inadequada, Esgoto inadequado, Lixo inadequado, Razão de moradores, Analfabetismo 15+, Renda (invertida), Cor/raça PPI",87545,16563,73877,18901,0.7825373069,0.6995602248,Lixo inadequado,235101.4912,21,2,2,4,True,True,False,True,0.2534912004,Água inadequada,0.4823619475,Água inadequada,False,73.99594705,,,0.8496955171,0.8546078219,0.819062143,31,0.8186042536,31,0,,,,,,,False,0.8507747532,32.94620861,30.65188554,0.8508080228,32.94530097,30.65094684
mediana_mun·lixo_com·banheiro_fora·varimax·ss·global,mediana_mun,com,fora,varimax,ss,global,7,"Água inadequada, Esgoto inadequado, Lixo inadequado, Razão de moradores, Analfabetismo 15+, Renda (invertida), Cor/raça PPI",87545,16563,73877,18901,0.7825373069,0.6995602248,Lixo inadequado,235101.4912,21,2,2,4,True,True,False,True,0.2534912004,Água inadequada,0.4823619475,Água inadequada,False,73.99594705,,,0.838214872,0.8425513386,0.7857938671,31,0.7925608011,31,0,,,,,,,False,0.8010132704,37.40355722,34.13465443,0.8010444882,37.40270991,34.13376288
mediana_mun·lixo_com·banheiro_fora·varimax·50_50·municipal,mediana_mun,com,fora,varimax,50_50,municipal,7,"Água inadequada, Esgoto inadequado, Lixo inadequado, Razão de moradores, Analfabetismo 15+, Renda (invertida), Cor/raça PPI",87545,16563,73877,18901,0.7825373069,0.6995602248,Lixo inadequado,235101.4912,21,2,2,4,True,True,False,True,0.2534912004,Água inadequada,0.4823619475,Água inadequada,False,50,,,0.8289321994,0.8333509579,0.793868843,31,0.8017317184,31,0,,,,,,,False,0.7626356975,41.79187309,38.8640732,0.7626658817,41.79108518,38.86324567
mediana_mun·lixo_com·banheiro_fora·varimax·50_50·global,mediana_mun,com,fora,varimax,50_50,global,7,"Água inadequada, Esgoto inadequado, Lixo inadequado, Razão de moradores, Analfabetismo 15+, Renda (invertida), Cor/raça PPI",87545,16563,73877,18901,0.7825373069,0.6995602248,Lixo inadequado,235101.4912,21,2,2,4,True,True,False,True,0.2534912004,Água inadequada,0.4823619475,Água inadequada,False,50,,,0.8189420237,0.822711274,0.7710680644,31,0.7736463272,31,0,,,,,,,False,0.7179206146,44.15116814,42.28457728,0.7179494424,44.15041217,42.28379604
mediana_mun·lixo_com·banheiro_fora·varimax·60_40·municipal,mediana_mun,com,fora,varimax,60_40,municipal,7,"Água inadequada, Esgoto inadequado, Lixo inadequado, Razão de moradores, Analfabetismo 15+, Renda (invertida), Cor/raça PPI",87545,16563,73877,18901,0.7825373069,0.6995602248,Lixo inadequado,235101.4912,21,2,2,4,True,True,False,True,0.2534912004,Água inadequada,0.4823619475,Água inadequada,False,60,,,0.8369059947,0.8414957024,0.8013088606,31,0.8075956404,31,0,,,,,,,False,0.7953024342,39.19164027,35.61818133,0.7953334491,39.19081717,35.61730985
mediana_mun·lixo_com·banheiro_fora·varimax·60_40·global,mediana_mun,com,fora,varimax,60_40,global,7,"Água inadequada, Esgoto inadequado, Lixo inadequado, Razão de moradores, Analfabetismo 15+, Renda (invertida), Cor/raça PPI",87545,16563,73877,18901,0.7825373069,0.6995602248,Lixo inadequado,235101.4912,21,2,2,4,True,True,False,True,0.2534912004,Água inadequada,0.4823619475,Água inadequada,False,60,,,0.8265453087,0.8305234087,0.7777777778,31,0.7834032476,31,0,,,,,,,False,0.7498746874,41.87308806,39.04816048,0.7499040831,41.87230126,39.04733544
mediana_mun·lixo_com·banheiro_fora·promax·ss_padrao·municipal,mediana_mun,com,fora,promax,ss_padrao,municipal,7,"Água inadequada, Esgoto inadequado, Lixo inadequado, Razão de moradores, Analfabetismo 15+, Renda (invertida), Cor/raça PPI",87545,16563,73877,18901,0.7825373069,0.6995602248,Lixo inadequado,235101.4912,21,2,2,4,True,True,False,True,0.2534912004,Água inadequada,0.4785054233,Água inadequada,False,74.69266526,,,0.8502843612,0.855095812,0.8184229466,31,0.817524147,31,0,,,,,,,False,0.853516343,32.52524432,30.33379355,0.8535499022,32.52433098,30.33285055
mediana_mun·lixo_com·banheiro_fora·promax·ss_padrao·global,mediana_mun,com,fora,promax,ss_padrao,global,7,"Água inadequada, Esgoto inadequado, Lixo inadequado, Razão de moradores, Analfabetismo 15+, Renda (invertida), Cor/raça PPI",87545,16563,73877,18901,0.7825373069,0.6995602248,Lixo inadequado,235101.4912,21,2,2,4,True,True,False,True,0.2534912004,Água inadequada,0.4785054233,Água inadequada,False,74.69266526,,,0.8392706424,0.8436030186,0.7870567286,31,0.7948724166,31,0,,,,,,,False,0.8037983712,37.03267549,33.86123068,0.8038297285,37.03182317,33.86033542
mediana_mun·lixo_com·banheiro_fora·promax·ss_estrutura·municipal,mediana_mun,com,fora,promax,ss_estrutura,municipal,7,"Água inadequada, Esgoto inadequado, Lixo inadequado, Razão de moradores, Analfabetismo 15+, Renda (invertida), Cor/raça PPI",87545,16563,73877,18901,0.7825373069,0.6995602248,Lixo inadequado,235101.4912,21,2,2,4,True,True,False,True,0.2534912004,Água inadequada,0.4785054233,Água inadequada,False,73.40397323,,,0.8489147829,0.8536722345,0.8190722091,31,0.818285661,31,0,,,,,,,False,0.8471212075,33.25211836,30.83597282,0.847154467,33.25121486,30.83503661
mediana_mun·lixo_com·banheiro_fora·promax·ss_estrutura·global,mediana_mun,com,fora,promax,ss_estrutura,global,7,"Água inadequada, Esgoto inadequado, Lixo inadequado, Razão de moradores, Analfabetismo 15+, Renda (invertida), Cor/raça PPI",87545,16563,73877,18901,0.7825373069,0.6995602248,Lixo inadequado,235101.4912,21,2,2,4,True,True,False,True,0.2534912004,Água inadequada,0.4785054233,Água inadequada,False,73.40397323,,,0.837998415,0.8422880991,0.786194032,31,0.7940479943,31,0,,,,,,,False,0.7980731468,37.65126289,34.3349847,0.7981042606,37.65041894,34.33409586
mediana_mun·lixo_com·banheiro_fora·promax·comunalidades·municipal,mediana_mun,com,fora,promax,comunalidades,municipal,7,"Água inadequada, Esgoto inadequado, Lixo inadequado, Razão de moradores, Analfabetismo 15+, Renda (invertida), Cor/raça PPI",87545,16563,73877,18901,0.7825373069,0.6995602248,Lixo inadequado,235101.4912,21,2,2,4,True,True,False,True,0.2534912004,Água inadequada,0.4785054233,Água inadequada,False,80.2348655,,,0.8562806227,0.8614960206,0.8299096673,31,0.8216808966,31,0,,,,,,,False,0.8851408239,28.97208912,27.88110128,0.8851759124,28.97112769,27.88012507
mediana_mun·lixo_com·banheiro_fora·promax·comunalidades·global,mediana_mun,com,fora,promax,comunalidades,global,7,"Água inadequada, Esgoto inadequado, Lixo inadequado, Razão de moradores, Analfabetismo 15+, Renda (invertida), Cor/raça PPI",87545,16563,73877,18901,0.7825373069,0.6995602248,Lixo inadequado,235101.4912,21,2,2,4,True,True,False,True,0.2534912004,Água inadequada,0.4785054233,Água inadequada,False,80.2348655,,,0.845362506,0.8499826234,0.7907668603,31,0.800223079,31,0,,,,,,,False,0.8326425742,34.03042854,31.63594033,0.8326752665,34.02953558,31.63501496
mediana_mun·lixo_com·banheiro_fora·promax·50_50·municipal,mediana_mun,com,fora,promax,50_50,municipal,7,"Água inadequada, Esgoto inadequado, Lixo inadequado, Razão de moradores, Analfabetismo 15+, Renda (invertida), Cor/raça PPI",87545,16563,73877,18901,0.7825373069,0.6995602248,Lixo inadequado,235101.4912,21,2,2,4,True,True,False,True,0.2534912004,Água inadequada,0.4785054233,Água inadequada,False,50,,,0.8288095787,0.8331339725,0.7941346789,31,0.8017367721,31,0,,,,,,,False,0.7620027151,41.81623758,38.89114486,0.7620329859,41.81545,38.89031769
mediana_mun·lixo_com·banheiro_fora·promax·50_50·global,mediana_mun,com,fora,promax,50_50,global,7,"Água inadequada, Esgoto inadequado, Lixo inadequado, Razão de moradores, Analfabetismo 15+, Renda (invertida), Cor/raça PPI",87545,16563,73877,18901,0.7825373069,0.6995602248,Lixo inadequado,235101.4912,21,2,2,4,True,True,False,True,0.2534912004,Água inadequada,0.4785054233,Água inadequada,False,50,,,0.8191724782,0.8229310149,0.77238677,31,0.773904006,31,0,,,,,,,False,0.7176170328,44.1227429,42.28999161,0.7176459653,44.12198655,42.28921044
mediana_mun·lixo_com·banheiro_fora·promax·60_40·municipal,mediana_mun,com,fora,promax,60_40,municipal,7,"Água inadequada, Esgoto inadequado, Lixo inadequado, Razão de moradores, Analfabetismo 15+, Renda (invertida), Cor/raça PPI",87545,16563,73877,18901,0.7825373069,0.6995602248,Lixo inadequado,235101.4912,21,2,2,4,True,True,False,True,0.2534912004,Água inadequada,0.4785054233,Água inadequada,False,60,,,0.83677857,0.8412616725,0.8016173092,31,0.8076764988,31,0,,,,,,,False,0.7946351135,39.19028669,35.63036357,0.7946662293,39.18946357,35.62949226
mediana_mun·lixo_com·banheiro_fora·promax·60_40·global,mediana_mun,com,fora,promax,60_40,global,7,"Água inadequada, Esgoto inadequado, Lixo inadequado, Razão de moradores, Analfabetismo 15+, Renda (invertida), Cor/raça PPI",87545,16563,73877,18901,0.7825373069,0.6995602248,Lixo inadequado,235101.4912,21,2,2,4,True,True,False,True,0.2534912004,Água inadequada,0.4785054233,Água inadequada,False,60,,,0.826831328,0.8307929705,0.7792126689,31,0.7851652482,31,0,,,,,,,False,0.749593211,41.8703809,39.03191749,0.7496226599,41.86959405,39.03109222
mediana_mun·lixo_com·banheiro_v00495·sem_rotacao·unico·municipal,mediana_mun,com,v00495,sem_rotacao,unico,municipal,8,"Água inadequada, Esgoto inadequado, Lixo inadequado, Razão de moradores, Analfabetismo 15+, Renda (invertida), Cor/raça PPI, Sem banheiro",75955,28153,73877,14705,0.7914851032,0.6906154311,Lixo inadequado,211953.4326,28,3,2,21,True,True,False,False,0.0753823686,Lixo inadequado,0.2745584976,Lixo inadequado,False,100,,,0.8599333049,0.8585584479,0.8429269214,31,0.8410434815,31,0,,,,,,,False,0.9762278367,9.843255096,10.70278026,0.9762689294,9.842034733,10.70157153
mediana_mun·lixo_com·banheiro_v00495·sem_rotacao·unico·global,mediana_mun,com,v00495,sem_rotacao,unico,global,8,"Água inadequada, Esgoto inadequado, Lixo inadequado, Razão de moradores, Analfabetismo 15+, Renda (invertida), Cor/raça PPI, Sem banheiro",75955,28153,73877,14705,0.7914851032,0.6906154311,Lixo inadequado,211953.4326,28,3,2,21,True,True,False,False,0.0753823686,Lixo inadequado,0.2745584976,Lixo inadequado,False,100,,,0.8535560366,0.852304687,0.816740265,31,0.815418196,31,0,,,,,,,False,0.9346558942,14.05695877,15.08162105,0.934696015,14.05579544,15.08047159
mediana_mun·lixo_com·banheiro_v00495·varimax·ss·municipal,mediana_mun,com,v00495,varimax,ss,municipal,8,"Água inadequada, Esgoto inadequado, Lixo inadequado, Razão de moradores, Analfabetismo 15+, Renda (invertida), Cor/raça PPI, Sem banheiro",75955,28153,73877,14705,0.7914851032,0.6906154311,Lixo inadequado,211953.4326,28,3,2,21,True,True,True,True,0.394000724,Sem banheiro,0.5326396337,Esgoto inadequado,True,66.39701652,8.639719999,16.88669528,0.8663291014,0.8653033405,0.8383088811,31,0.8449556309,31,0,84,2.5,84.5,57,3,83,False,0.9459211882,18.20027613,18.15696148,0.9459586081,18.19916889,18.15585365
mediana_mun·lixo_com·banheiro_v00495·varimax·ss·global,mediana_mun,com,v00495,varimax,ss,global,8,"Água inadequada, Esgoto inadequado, Lixo inadequado, Razão de moradores, Analfabetismo 15+, Renda (invertida), Cor/raça PPI, Sem banheiro",75955,28153,73877,14705,0.7914851032,0.6906154311,Lixo inadequado,211953.4326,28,3,2,21,True,True,True,True,0.394000724,Sem banheiro,0.5326396337,Esgoto inadequado,True,66.39701652,8.639719999,16.88669528,0.8573716995,0.8565011983,0.8075060533,31,0.8077099409,31,0,,,,,,,False,0.8925947349,22.97030239,22.05528033,0.8926304855,22.96925972,22.05422527
mediana_mun·lixo_com·banheiro_v00495·varimax·50_50·municipal,mediana_mun,com,v00495,varimax,50_50,municipal,8,"Água inadequada, Esgoto inadequado, Lixo inadequado, Razão de moradores, Analfabetismo 15+, Renda (invertida), Cor/raça PPI, Sem banheiro",75955,28153,73877,14705,0.7914851032,0.6906154311,Lixo inadequado,211953.4326,28,3,2,21,True,True,True,True,0.394000724,Sem banheiro,0.5326396337,Esgoto inadequado,True,50,0,36.65415168,0.8514615487,0.85003856,0.8086713287,31,0.8237517614,31,0,24.5,40,84.5,49.66666667,3,60,False,0.9115312751,25.80064431,22.96894881,0.911562833,25.79963994,22.96790611
mediana_mun·lixo_com·banheiro_v00495·varimax·50_50·global,mediana_mun,com,v00495,varimax,50_50,global,8,"Água inadequada, Esgoto inadequado, Lixo inadequado, Razão de moradores, Analfabetismo 15+, Renda (invertida), Cor/raça PPI, Sem banheiro",75955,28153,73877,14705,0.7914851032,0.6906154311,Lixo inadequado,211953.4326,28,3,2,21,True,True,True,True,0.394000724,Sem banheiro,0.5326396337,Esgoto inadequado,True,50,0,36.65415168,0.8384616245,0.8369726393,0.768084333,31,0.7657767452,31,0,,,,,,,False,0.8452922739,31.67654782,27.86079753,0.8453224631,31.67562299,27.85982105
mediana_mun·lixo_com·banheiro_v00495·varimax·60_40·municipal,mediana_mun,com,v00495,varimax,60_40,municipal,8,"Água inadequada, Esgoto inadequado, Lixo inadequado, Razão de moradores, Analfabetismo 15+, Renda (invertida), Cor/raça PPI, Sem banheiro",75955,28153,73877,14705,0.7914851032,0.6906154311,Lixo inadequado,211953.4326,28,3,2,21,True,True,True,True,0.394000724,Sem banheiro,0.5326396337,Esgoto inadequado,True,60,0,29.32332134,0.8617024402,0.8605691288,0.8247974149,31,0.8387001561,31,0,24.5,11,84.5,40,2,8,False,0.9363850261,20.84788435,19.65943853,0.9364201691,20.84681295,19.65835104
mediana_mun·lixo_com·banheiro_v00495·varimax·60_40·global,mediana_mun,com,v00495,varimax,60_40,global,8,"Água inadequada, Esgoto inadequado, Lixo inadequado, Razão de moradores, Analfabetismo 15+, Renda (invertida), Cor/raça PPI, Sem banheiro",75955,28153,73877,14705,0.7914851032,0.6906154311,Lixo inadequado,211953.4326,28,3,2,21,True,True,True,True,0.394000724,Sem banheiro,0.5326396337,Esgoto inadequado,True,60,0,29.32332134,0.8504043234,0.849305921,0.7913557768,31,0.798431483,31,0,,,,,,,False,0.8757849807,26.61550123,24.16145537,0.8758184309,26.6145079,24.16042882
mediana_mun·lixo_com·banheiro_v00495·promax·ss_padrao·municipal,mediana_mun,com,v00495,promax,ss_padrao,municipal,8,"Água inadequada, Esgoto inadequado, Lixo inadequado, Razão de moradores, Analfabetismo 15+, Renda (invertida), Cor/raça PPI, Sem banheiro",75955,28153,73877,14705,0.7914851032,0.6906154311,Lixo inadequado,211953.4326,28,3,2,21,True,True,True,True,0.394000724,Sem banheiro,0.4950229918,Esgoto inadequado,True,65.65815249,10.10903074,15.18776115,0.8640933205,0.8629320251,0.8363754889,31,0.8436416955,31,0,90,5,84.5,59.83333333,3,90,False,0.9345208803,20.44857738,19.86518314,0.9345575642,20.44750058,19.86409843
mediana_mun·lixo_com·banheiro_v00495·promax·ss_padrao·global,mediana_mun,com,v00495,promax,ss_padrao,global,8,"Água inadequada, Esgoto inadequado, Lixo inadequado, Razão de moradores, Analfabetismo 15+, Renda (invertida), Cor/raça PPI, Sem banheiro",75955,28153,73877,14705,0.7914851032,0.6906154311,Lixo inadequado,211953.4326,28,3,2,21,True,True,True,True,0.394000724,Sem banheiro,0.4950229918,Esgoto inadequado,True,65.65815249,10.10903074,15.18776115,0.8560348769,0.855166995,0.8056936904,31,0.8052466761,31,0,,,,,,,False,0.8797446553,25.05752727,23.21936165,0.8797795062,25.05651285,23.21832235
mediana_mun·lixo_com·banheiro_v00495·promax·ss_estrutura·municipal,mediana_mun,com,v00495,promax,ss_estrutura,municipal,8,"Água inadequada, Esgoto inadequado, Lixo inadequado, Razão de moradores, Analfabetismo 15+, Renda (invertida), Cor/raça PPI, Sem banheiro",75955,28153,73877,14705,0.7914851032,0.6906154311,Lixo inadequado,211953.4326,28,3,2,21,True,True,True,True,0.394000724,Sem banheiro,0.4950229918,Esgoto inadequado,True,61.24412175,13.17812713,15.05455252,0.8607577919,0.8595236137,0.8274865188,31,0.8392999962,31,0,93,7,84.5,61.5,3,92,False,0.9263405854,22.14055605,20.78968028,0.9263757103,22.13950215,20.78860809
mediana_mun·lixo_com·banheiro_v00495·promax·ss_estrutura·global,mediana_mun,com,v00495,promax,ss_estrutura,global,8,"Água inadequada, Esgoto inadequado, Lixo inadequado, Razão de moradores, Analfabetismo 15+, Renda (invertida), Cor/raça PPI, Sem banheiro",75955,28153,73877,14705,0.7914851032,0.6906154311,Lixo inadequado,211953.4326,28,3,2,21,True,True,True,True,0.394000724,Sem banheiro,0.4950229918,Esgoto inadequado,True,61.24412175,13.17812713,15.05455252,0.8507058574,0.8496727831,0.7951557809,31,0.7916773326,31,0,,,,,,,False,0.8663916594,27.50209805,24.60272341,0.866424922,27.50111672,24.60170283
mediana_mun·lixo_com·banheiro_v00495·promax·comunalidades·municipal,mediana_mun,com,v00495,promax,comunalidades,municipal,8,"Água inadequada, Esgoto inadequado, Lixo inadequado, Razão de moradores, Analfabetismo 15+, Renda (invertida), Cor/raça PPI, Sem banheiro",75955,28153,73877,14705,0.7914851032,0.6906154311,Lixo inadequado,211953.4326,28,3,2,21,True,True,True,True,0.394000724,Sem banheiro,0.4950229918,Esgoto inadequado,True,60.73587955,21.21709826,7.152625731,0.8603159786,0.8590710437,0.8264549901,31,0.8384240393,31,0,94,15,84.5,64.5,3,95,False,0.9252426872,22.3584829,20.89796692,0.9252776343,22.35743195,20.89689619
mediana_mun·lixo_com·banheiro_v00495·promax·comunalidades·global,mediana_mun,com,v00495,promax,comunalidades,global,8,"Água inadequada, Esgoto inadequado, Lixo inadequado, Razão de moradores, Analfabetismo 15+, Renda (invertida), Cor/raça PPI, Sem banheiro",75955,28153,73877,14705,0.7914851032,0.6906154311,Lixo inadequado,211953.4326,28,3,2,21,True,True,True,True,0.394000724,Sem banheiro,0.4950229918,Esgoto inadequado,True,60.73587955,21.21709826,7.152625731,0.8500731563,0.8490196527,0.7938288295,31,0.7903029056,31,0,,,,,,,False,0.8647891766,27.79853272,24.7624462,0.8648222542,27.7975554,24.76142778
mediana_mun·lixo_com·banheiro_v00495·promax·50_50·municipal,mediana_mun,com,v00495,promax,50_50,municipal,8,"Água inadequada, Esgoto inadequado, Lixo inadequado, Razão de moradores, Analfabetismo 15+, Renda (invertida), Cor/raça PPI, Sem banheiro",75955,28153,73877,14705,0.7914851032,0.6906154311,Lixo inadequado,211953.4326,28,3,2,21,True,True,True,True,0.394000724,Sem banheiro,0.4950229918,Esgoto inadequado,True,50,0,35.28078099,0.8489189833,0.8473836336,0.8094172494,31,0.8061050061,31,0,24.5,64,84.5,57.66666667,3,85,False,0.896470555,27.2449173,24.01120767,0.8965015667,27.24393248,24.01017908
mediana_mun·lixo_com·banheiro_v00495·promax·50_50·global,mediana_mun,com,v00495,promax,50_50,global,8,"Água inadequada, Esgoto inadequado, Lixo inadequado, Razão de moradores, Analfabetismo 15+, Renda (invertida), Cor/raça PPI, Sem banheiro",75955,28153,73877,14705,0.7914851032,0.6906154311,Lixo inadequado,211953.4326,28,3,2,21,True,True,True,True,0.394000724,Sem banheiro,0.4950229918,Esgoto inadequado,True,50,0,35.28078099,0.8367294323,0.8353136713,0.7649304309,31,0.7622348326,31,0,,,,,,,False,0.8315620407,32.98275535,28.59579306,0.8315916347,32.98184821,28.59482654
mediana_mun·lixo_com·banheiro_v00495·promax·60_40·municipal,mediana_mun,com,v00495,promax,60_40,municipal,8,"Água inadequada, Esgoto inadequado, Lixo inadequado, Razão de moradores, Analfabetismo 15+, Renda (invertida), Cor/raça PPI, Sem banheiro",75955,28153,73877,14705,0.7914851032,0.6906154311,Lixo inadequado,211953.4326,28,3,2,21,True,True,True,True,0.394000724,Sem banheiro,0.4950229918,Esgoto inadequado,True,60,0,28.22462479,0.8596591735,0.8583984991,0.8248495483,31,0.8374909548,31,0,24.5,16,84.5,41.66666667,2,16,False,0.9235990886,22.66574623,21.10371152,0.9236338005,22.66469943,21.10264358
mediana_mun·lixo_com·banheiro_v00495·promax·60_40·global,mediana_mun,com,v00495,promax,60_40,global,8,"Água inadequada, Esgoto inadequado, Lixo inadequado, Razão de moradores, Analfabetismo 15+, Renda (invertida), Cor/raça PPI, Sem banheiro",75955,28153,73877,14705,0.7914851032,0.6906154311,Lixo inadequado,211953.4326,28,3,2,21,True,True,True,True,0.394000724,Sem banheiro,0.4950229918,Esgoto inadequado,True,60,0,28.22462479,0.8491523733,0.8480706379,0.7918731581,31,0.7882712938,31,0,,,,,,,False,0.8624588842,28.17076802,24.99120171,0.8624917018,28.16979574,24.99018639
mediana_mun·lixo_com·banheiro_graduado·sem_rotacao·unico·municipal,mediana_mun,com,graduado,sem_rotacao,unico,municipal,8,"Água inadequada, Esgoto inadequado, Lixo inadequado, Razão de moradores, Analfabetismo 15+, Renda (invertida), Cor/raça PPI, Banheiro graduado",73878,30230,73877,13470,0.7741261593,0.6426633324,Lixo inadequado,192191.0442,28,3,3,34,True,True,False,False,0.0587634158,Lixo inadequado,0.242411666,Lixo inadequado,False,100,,,0.8574619524,0.8574641174,0.8454168373,31,0.8454168373,31,1,,,,,,,False,0.9759814513,10.0963751,10.2872303,0.9760226118,10.09515817,10.28601595
mediana_mun·lixo_com·banheiro_graduado·sem_rotacao·unico·global,mediana_mun,com,graduado,sem_rotacao,unico,global,8,"Água inadequada, Esgoto inadequado, Lixo inadequado, Razão de moradores, Analfabetismo 15+, Renda (invertida), Cor/raça PPI, Banheiro graduado",73878,30230,73877,13470,0.7741261593,0.6426633324,Lixo inadequado,192191.0442,28,3,3,34,True,True,False,False,0.0587634158,Lixo inadequado,0.242411666,Lixo inadequado,False,100,,,0.8541201702,0.8541216447,0.8223036223,31,0.8223036223,31,1,,,,,,,False,0.9340588321,13.08508622,13.98521887,0.934100094,13.08390974,13.98405458
mediana_mun·lixo_com·banheiro_graduado·varimax·ss·municipal,mediana_mun,com,graduado,varimax,ss,municipal,8,"Água inadequada, Esgoto inadequado, Lixo inadequado, Razão de moradores, Analfabetismo 15+, Renda (invertida), Cor/raça PPI, Banheiro graduado",73878,30230,73877,13470,0.7741261593,0.6426633324,Lixo inadequado,192191.0442,28,3,3,34,True,True,False,True,0.2985933558,Banheiro graduado,0.5009922126,Esgoto inadequado,False,68.8139811,,,0.8617216808,0.8617270258,0.8422039837,31,0.8422039837,31,1,,,,,,,False,0.9284184914,21.17951217,19.80021116,0.928453574,21.17844525,19.79912557
mediana_mun·lixo_com·banheiro_graduado·varimax·ss·global,mediana_mun,com,graduado,varimax,ss,global,8,"Água inadequada, Esgoto inadequado, Lixo inadequado, Razão de moradores, Analfabetismo 15+, Renda (invertida), Cor/raça PPI, Banheiro graduado",73878,30230,73877,13470,0.7741261593,0.6426633324,Lixo inadequado,192191.0442,28,3,3,34,True,True,False,True,0.2985933558,Banheiro graduado,0.5009922126,Esgoto inadequado,False,68.8139811,,,0.8510352248,0.8510399484,0.7976146406,31,0.7976146406,31,1,,,,,,,False,0.8645977762,25.8886272,23.29651588,0.8646318846,25.88762402,23.29547762
mediana_mun·lixo_com·banheiro_graduado·varimax·50_50·municipal,mediana_mun,com,graduado,varimax,50_50,municipal,8,"Água inadequada, Esgoto inadequado, Lixo inadequado, Razão de moradores, Analfabetismo 15+, Renda (invertida), Cor/raça PPI, Banheiro graduado",73878,30230,73877,13470,0.7741261593,0.6426633324,Lixo inadequado,192191.0442,28,3,3,34,True,True,False,True,0.2985933558,Banheiro graduado,0.5009922126,Esgoto inadequado,False,50,,,0.8388867099,0.8388939865,0.7954971952,31,0.7954971952,31,1,,,,,,,False,0.8667894836,29.56360486,24.77868919,0.8668190296,29.56265143,24.77767099
mediana_mun·lixo_com·banheiro_graduado·varimax·50_50·global,mediana_mun,com,graduado,varimax,50_50,global,8,"Água inadequada, Esgoto inadequado, Lixo inadequado, Razão de moradores, Analfabetismo 15+, Renda (invertida), Cor/raça PPI, Banheiro graduado",73878,30230,73877,13470,0.7741261593,0.6426633324,Lixo inadequado,192191.0442,28,3,3,34,True,True,False,True,0.2985933558,Banheiro graduado,0.5009922126,Esgoto inadequado,False,50,,,0.8257230946,0.8257294135,0.7553714513,31,0.7553714513,31,1,,,,,,,False,0.7985955722,35.36100057,30.01164081,0.7986245127,35.36012561,30.01069345
mediana_mun·lixo_com·banheiro_graduado·varimax·60_40·municipal,mediana_mun,com,graduado,varimax,60_40,municipal,8,"Água inadequada, Esgoto inadequado, Lixo inadequado, Razão de moradores, Analfabetismo 15+, Renda (invertida), Cor/raça PPI, Banheiro graduado",73878,30230,73877,13470,0.7741261593,0.6426633324,Lixo inadequado,192191.0442,28,3,3,34,True,True,False,True,0.2985933558,Banheiro graduado,0.5009922126,Esgoto inadequado,False,60,,,0.8519614518,0.8519679133,0.817643987,31,0.817643987,31,1,,,,,,,False,0.9007055249,24.87344,21.79403882,0.9007378648,24.87242308,21.79298022
mediana_mun·lixo_com·banheiro_graduado·varimax·60_40·global,mediana_mun,com,graduado,varimax,60_40,global,8,"Água inadequada, Esgoto inadequado, Lixo inadequado, Razão de moradores, Analfabetismo 15+, Renda (invertida), Cor/raça PPI, Banheiro graduado",73878,30230,73877,13470,0.7741261593,0.6426633324,Lixo inadequado,192191.0442,28,3,3,34,True,True,False,True,0.2985933558,Banheiro graduado,0.5009922126,Esgoto inadequado,False,60,,,0.8385604344,0.8385660546,0.7768919047,31,0.7768919047,31,1,,,,,,,False,0.8317207555,30.74528276,25.99285308,0.8317522347,30.74434533,25.99185132
mediana_mun·lixo_com·banheiro_graduado·promax·ss_padrao·municipal,mediana_mun,com,graduado,promax,ss_padrao,municipal,8,"Água inadequada, Esgoto inadequado, Lixo inadequado, Razão de moradores, Analfabetismo 15+, Renda (invertida), Cor/raça PPI, Banheiro graduado",73878,30230,73877,13470,0.7741261593,0.6426633324,Lixo inadequado,192191.0442,28,3,3,34,True,True,False,True,0.2985933558,Banheiro graduado,0.4524816427,Esgoto inadequado,False,68.36336802,,,0.8640794945,0.864083976,0.8456506836,31,0.8456506836,31,1,,,,,,,False,0.9328190713,20.41338423,19.8286364,0.9328557455,20.41230694,19.8275512
mediana_mun·lixo_com·banheiro_graduado·promax·ss_padrao·global,mediana_mun,com,graduado,promax,ss_padrao,global,8,"Água inadequada, Esgoto inadequado, Lixo inadequado, Razão de moradores, Analfabetismo 15+, Renda (invertida), Cor/raça PPI, Banheiro graduado",73878,30230,73877,13470,0.7741261593,0.6426633324,Lixo inadequado,192191.0442,28,3,3,34,True,True,False,True,0.2985933558,Banheiro graduado,0.4524816427,Esgoto inadequado,False,68.36336802,,,0.8582301092,0.8582342032,0.8126209292,31,0.8126209292,31,1,,,,,,,False,0.875191859,23.89615312,22.2556106,0.8752276655,23.89512297,22.25455825
mediana_mun·lixo_com·banheiro_graduado·promax·ss_estrutura·municipal,mediana_mun,com,graduado,promax,ss_estrutura,municipal,8,"Água inadequada, Esgoto inadequado, Lixo inadequado, Razão de moradores, Analfabetismo 15+, Renda (invertida), Cor/raça PPI, Banheiro graduado",73878,30230,73877,13470,0.7741261593,0.6426633324,Lixo inadequado,192191.0442,28,3,3,34,True,True,False,True,0.2985933558,Banheiro graduado,0.4524816427,Esgoto inadequado,False,64.61046128,,,0.8616148854,0.8616199963,0.841899303,31,0.841899303,31,1,,,,,,,False,0.9253915108,21.65191261,20.47970979,0.9254268992,21.65085209,20.4786334
mediana_mun·lixo_com·banheiro_graduado·promax·ss_estrutura·global,mediana_mun,com,graduado,promax,ss_estrutura,global,8,"Água inadequada, Esgoto inadequado, Lixo inadequado, Razão de moradores, Analfabetismo 15+, Renda (invertida), Cor/raça PPI, Banheiro graduado",73878,30230,73877,13470,0.7741261593,0.6426633324,Lixo inadequado,192191.0442,28,3,3,34,True,True,False,True,0.2985933558,Banheiro graduado,0.4524816427,Esgoto inadequado,False,64.61046128,,,0.8535217487,0.8535264653,0.8030778894,31,0.8030778894,31,1,,,,,,,False,0.8637122455,25.92111319,23.37773085,0.8637465363,25.92011045,23.37669369
mediana_mun·lixo_com·banheiro_graduado·promax·comunalidades·municipal,mediana_mun,com,graduado,promax,comunalidades,municipal,8,"Água inadequada, Esgoto inadequado, Lixo inadequado, Razão de moradores, Analfabetismo 15+, Renda (invertida), Cor/raça PPI, Banheiro graduado",73878,30230,73877,13470,0.7741261593,0.6426633324,Lixo inadequado,192191.0442,28,3,3,34,True,True,False,True,0.2985933558,Banheiro graduado,0.4524816427,Esgoto inadequado,False,62.68110636,,,0.8600669973,0.860072437,0.8393666451,31,0.8393666451,31,1,,,,,,,False,0.9209437387,22.28132868,20.8438236,0.9209784408,22.28027668,20.84275214
mediana_mun·lixo_com·banheiro_graduado·promax·comunalidades·global,mediana_mun,com,graduado,promax,comunalidades,global,8,"Água inadequada, Esgoto inadequado, Lixo inadequado, Razão de moradores, Analfabetismo 15+, Renda (invertida), Cor/raça PPI, Banheiro graduado",73878,30230,73877,13470,0.7741261593,0.6426633324,Lixo inadequado,192191.0442,28,3,3,34,True,True,False,True,0.2985933558,Banheiro graduado,0.4524816427,Esgoto inadequado,False,62.68110636,,,0.8510012354,0.8510062269,0.7982678872,31,0.7982678872,31,1,,,,,,,False,0.8575408213,26.92276456,23.89479953,0.8575744127,26.92177538,23.89376937
mediana_mun·lixo_com·banheiro_graduado·promax·50_50·municipal,mediana_mun,com,graduado,promax,50_50,municipal,8,"Água inadequada, Esgoto inadequado, Lixo inadequado, Razão de moradores, Analfabetismo 15+, Renda (invertida), Cor/raça PPI, Banheiro graduado",73878,30230,73877,13470,0.7741261593,0.6426633324,Lixo inadequado,192191.0442,28,3,3,34,True,True,False,True,0.2985933558,Banheiro graduado,0.4524816427,Esgoto inadequado,False,50,,,0.8465723909,0.8465798669,0.8095126594,31,0.8095126594,31,1,,,,,,,False,0.8854224198,27.20295623,23.41969192,0.8854527043,27.20197084,23.41865533
mediana_mun·lixo_com·banheiro_graduado·promax·50_50·global,mediana_mun,com,graduado,promax,50_50,global,8,"Água inadequada, Esgoto inadequado, Lixo inadequado, Razão de moradores, Analfabetismo 15+, Renda (invertida), Cor/raça PPI, Banheiro graduado",73878,30230,73877,13470,0.7741261593,0.6426633324,Lixo inadequado,192191.0442,28,3,3,34,True,True,False,True,0.2985933558,Banheiro graduado,0.4524816427,Esgoto inadequado,False,50,,,0.8349014981,0.8349081604,0.7662833861,31,0.7662833861,31,1,,,,,,,False,0.818992921,33.1614283,28.16264653,0.819022394,33.16052357,28.16167413
mediana_mun·lixo_com·banheiro_graduado·promax·60_40·municipal,mediana_mun,com,graduado,promax,60_40,municipal,8,"Água inadequada, Esgoto inadequado, Lixo inadequado, Razão de moradores, Analfabetismo 15+, Renda (invertida), Cor/raça PPI, Banheiro graduado",73878,30230,73877,13470,0.7741261593,0.6426633324,Lixo inadequado,192191.0442,28,3,3,34,True,True,False,True,0.2985933558,Banheiro graduado,0.4524816427,Esgoto inadequado,False,60,,,0.8576377367,0.8576436389,0.8358342537,31,0.8358342537,31,1,,,,,,,False,0.9141416441,23.21124015,21.21741249,0.9141753718,23.21020074,21.21634609
mediana_mun·lixo_com·banheiro_graduado·promax·60_40·global,mediana_mun,com,graduado,promax,60_40,global,8,"Água inadequada, Esgoto inadequado, Lixo inadequado, Razão de moradores, Analfabetismo 15+, Renda (invertida), Cor/raça PPI, Banheiro graduado",73878,30230,73877,13470,0.7741261593,0.6426633324,Lixo inadequado,192191.0442,28,3,3,34,True,True,False,True,0.2985933558,Banheiro graduado,0.4524816427,Esgoto inadequado,False,60,,,0.8474639256,0.8474693255,0.7914848537,31,0.7914848537,31,1,,,,,,,False,0.8489689197,28.36162322,24.73402095,0.8490015906,28.36065352,24.73300215
mediana_mun·lixo_sem·banheiro_fora·sem_rotacao·unico·municipal,mediana_mun,sem,fora,sem_rotacao,unico,municipal,6,"Água inadequada, Esgoto inadequado, Razão de moradores, Analfabetismo 15+, Renda (invertida), Cor/raça PPI",87545,16563,73877,18901,0.7870175171,0.7153169641,Renda (invertida),225337.1908,15,1,1,3,True,True,False,True,0.2529808969,Água inadequada,0.5029720637,Água inadequada,False,100,,,0.8451844346,0.8517939692,0.8333806214,31,0.8424139703,31,0,,,,,,,False,0.9768206724,10.18977233,11.8736295,0.9768639161,10.18855665,11.87243662
mediana_mun·lixo_sem·banheiro_fora·sem_rotacao·unico·global,mediana_mun,sem,fora,sem_rotacao,unico,global,6,"Água inadequada, Esgoto inadequado, Razão de moradores, Analfabetismo 15+, Renda (invertida), Cor/raça PPI",87545,16563,73877,18901,0.7870175171,0.7153169641,Renda (invertida),225337.1908,15,1,1,3,True,True,False,True,0.2529808969,Água inadequada,0.5029720637,Água inadequada,False,100,,,0.8383880252,0.8452578091,0.807626272,31,0.8177366373,31,0,,,,,,,False,0.9394014119,14.23427813,14.97874875,0.9394431504,14.23311721,14.9775979
mediana_mun·lixo_sem·banheiro_fora·varimax·ss·municipal,mediana_mun,sem,fora,varimax,ss,municipal,6,"Água inadequada, Esgoto inadequado, Razão de moradores, Analfabetismo 15+, Renda (invertida), Cor/raça PPI",87545,16563,73877,18901,0.7870175171,0.7153169641,Renda (invertida),225337.1908,15,1,1,3,True,True,True,True,0.380436332,Razão de moradores,0.531986649,Razão de moradores,True,65.01077616,3.695213682,4.137689586,0.8245453993,0.8318708477,0.7958612004,31,0.803349132,31,0,61,74,12.5,49.16666667,3,55,False,0.9949145784,10.29129105,10.27369447,0.9949532491,10.29007675,10.27247993
mediana_mun·lixo_sem·banheiro_fora·varimax·ss·global,mediana_mun,sem,fora,varimax,ss,global,6,"Água inadequada, Esgoto inadequado, Razão de moradores, Analfabetismo 15+, Renda (invertida), Cor/raça PPI",87545,16563,73877,18901,0.7870175171,0.7153169641,Renda (invertida),225337.1908,15,1,1,3,True,True,True,True,0.380436332,Razão de moradores,0.531986649,Razão de moradores,True,65.01077616,3.695213682,4.137689586,0.8136829321,0.8213029281,0.7657408533,31,0.7667757417,31,0,,,,,,,False,0.9369444453,16.66531308,15.46197786,0.9369827084,16.66418506,15.46083355
mediana_mun·lixo_sem·banheiro_fora·varimax·50_50·municipal,mediana_mun,sem,fora,varimax,50_50,municipal,6,"Água inadequada, Esgoto inadequado, Razão de moradores, Analfabetismo 15+, Renda (invertida), Cor/raça PPI",87545,16563,73877,18901,0.7870175171,0.7153169641,Renda (invertida),225337.1908,15,1,1,3,True,True,True,True,0.380436332,Razão de moradores,0.531986649,Razão de moradores,True,50,0,6.55006185,0.8092899969,0.8167392719,0.7772522035,31,0.7901093947,31,0,24.5,96,12.5,44.33333333,3,30,False,0.9808014193,18.95151466,15.08974255,0.9808366338,18.95041759,15.0885932
mediana_mun·lixo_sem·banheiro_fora·varimax·50_50·global,mediana_mun,sem,fora,varimax,50_50,global,6,"Água inadequada, Esgoto inadequado, Razão de moradores, Analfabetismo 15+, Renda (invertida), Cor/raça PPI",87545,16563,73877,18901,0.7870175171,0.7153169641,Renda (invertida),225337.1908,15,1,1,3,True,True,True,True,0.380436332,Razão de moradores,0.531986649,Razão de moradores,True,50,0,6.55006185,0.8008280981,0.808440542,0.7497467688,31,0.7542307692,31,0,,,,,,,False,0.9220309482,24.88562224,19.52678741,0.9220659297,24.88460549,19.52569812
mediana_mun·lixo_sem·banheiro_fora·varimax·60_40·municipal,mediana_mun,sem,fora,varimax,60_40,municipal,6,"Água inadequada, Esgoto inadequado, Razão de moradores, Analfabetismo 15+, Renda (invertida), Cor/raça PPI",87545,16563,73877,18901,0.7870175171,0.7153169641,Renda (invertida),225337.1908,15,1,1,3,True,True,True,True,0.380436332,Razão de moradores,0.531986649,Razão de moradores,True,60,0,5.24004948,0.819167866,0.8265471471,0.7893956205,31,0.7973952206,31,0,24.5,90,12.5,42.33333333,2,24,False,0.9915007777,13.23398035,11.85197217,0.9915381692,13.23280588,11.850779
mediana_mun·lixo_sem·banheiro_fora·varimax·60_40·global,mediana_mun,sem,fora,varimax,60_40,global,6,"Água inadequada, Esgoto inadequado, Razão de moradores, Analfabetismo 15+, Renda (invertida), Cor/raça PPI",87545,16563,73877,18901,0.7870175171,0.7153169641,Renda (invertida),225337.1908,15,1,1,3,True,True,True,True,0.380436332,Razão de moradores,0.531986649,Razão de moradores,True,60,0,5.24004948,0.8091812366,0.8168163789,0.7595316235,31,0.7618269231,31,0,,,,,,,False,0.9324930123,19.55656623,16.86564336,0.9325301372,19.55547735,16.86451805
mediana_mun·lixo_sem·banheiro_fora·promax·ss_padrao·municipal,mediana_mun,sem,fora,promax,ss_padrao,municipal,6,"Água inadequada, Esgoto inadequado, Razão de moradores, Analfabetismo 15+, Renda (invertida), Cor/raça PPI",87545,16563,73877,18901,0.7870175171,0.7153169641,Renda (invertida),225337.1908,15,1,1,3,True,True,True,True,0.380436332,Razão de moradores,0.489953529,Razão de moradores,True,65.81579622,4.791500166,5.51575518,0.8240570377,0.8318364171,0.7943237668,31,0.8065482273,31,0,73,59,12.5,48.16666667,3,52,False,0.9942468862,9.680825144,10.31430196,0.9942854032,9.679602583,10.31308797
mediana_mun·lixo_sem·banheiro_fora·promax·ss_padrao·global,mediana_mun,sem,fora,promax,ss_padrao,global,6,"Água inadequada, Esgoto inadequado, Razão de moradores, Analfabetismo 15+, Renda (invertida), Cor/raça PPI",87545,16563,73877,18901,0.7870175171,0.7153169641,Renda (invertida),225337.1908,15,1,1,3,True,True,True,True,0.380436332,Razão de moradores,0.489953529,Razão de moradores,True,65.81579622,4.791500166,5.51575518,0.8120948143,0.8200778965,0.7619213063,31,0.7629144852,31,0,,,,,,,False,0.9364359461,16.02236119,15.45385636,0.9364746645,16.02122447,15.45271194
mediana_mun·lixo_sem·banheiro_fora·promax·ss_estrutura·municipal,mediana_mun,sem,fora,promax,ss_estrutura,municipal,6,"Água inadequada, Esgoto inadequado, Razão de moradores, Analfabetismo 15+, Renda (invertida), Cor/raça PPI",87545,16563,73877,18901,0.7870175171,0.7153169641,Renda (invertida),225337.1908,15,1,1,3,True,True,True,True,0.380436332,Razão de moradores,0.489953529,Razão de moradores,True,59.64069582,3.577664111,4.148940099,0.8173561502,0.825202369,0.783939894,31,0.8017774496,31,0,55,85.5,12.5,51,3,68,False,0.9897402177,13.10132922,12.17412491,0.9897772318,13.10015296,12.1729361
mediana_mun·lixo_sem·banheiro_fora·promax·ss_estrutura·global,mediana_mun,sem,fora,promax,ss_estrutura,global,6,"Água inadequada, Esgoto inadequado, Razão de moradores, Analfabetismo 15+, Renda (invertida), Cor/raça PPI",87545,16563,73877,18901,0.7870175171,0.7153169641,Renda (invertida),225337.1908,15,1,1,3,True,True,True,True,0.380436332,Razão de moradores,0.489953529,Razão de moradores,True,59.64069582,3.577664111,4.148940099,0.8065464894,0.8145337151,0.7559497959,31,0.755061082,31,0,,,,,,,False,0.930733613,19.59311297,17.15666369,0.9307709156,19.59202458,17.15554232
mediana_mun·lixo_sem·banheiro_fora·promax·comunalidades·municipal,mediana_mun,sem,fora,promax,comunalidades,municipal,6,"Água inadequada, Esgoto inadequado, Razão de moradores, Analfabetismo 15+, Renda (invertida), Cor/raça PPI",87545,16563,73877,18901,0.7870175171,0.7153169641,Renda (invertida),225337.1908,15,1,1,3,True,True,True,True,0.380436332,Razão de moradores,0.489953529,Razão de moradores,True,65.76514004,9.130644692,4.583307936,0.8239999044,0.8317796459,0.7942208191,31,0.8065190324,31,0,86,62,12.5,53.5,3,75,False,0.9942218475,9.722786215,10.33866645,0.9942603562,9.721564222,10.33745279
mediana_mun·lixo_sem·banheiro_fora·promax·comunalidades·global,mediana_mun,sem,fora,promax,comunalidades,global,6,"Água inadequada, Esgoto inadequado, Razão de moradores, Analfabetismo 15+, Renda (invertida), Cor/raça PPI",87545,16563,73877,18901,0.7870175171,0.7153169641,Renda (invertida),225337.1908,15,1,1,3,True,True,True,True,0.380436332,Razão de moradores,0.489953529,Razão de moradores,True,65.76514004,9.130644692,4.583307936,0.8120475081,0.8200307931,0.761834448,31,0.7628272251,31,0,,,,,,,False,0.9363930937,16.0372506,15.46062427,0.9364317959,16.03611408,15.45947995
mediana_mun·lixo_sem·banheiro_fora·promax·50_50·municipal,mediana_mun,sem,fora,promax,50_50,municipal,6,"Água inadequada, Esgoto inadequado, Razão de moradores, Analfabetismo 15+, Renda (invertida), Cor/raça PPI",87545,16563,73877,18901,0.7870175171,0.7153169641,Renda (invertida),225337.1908,15,1,1,3,True,True,True,True,0.380436332,Razão de moradores,0.489953529,Razão de moradores,True,50,0,5.862258186,0.8078229667,0.8157421508,0.7726483106,31,0.7936851508,31,0,24.5,92,12.5,43,3,27,False,0.9790269258,18.66996941,15.27382983,0.9790618781,18.66886852,15.27268297
mediana_mun·lixo_sem·banheiro_fora·promax·50_50·global,mediana_mun,sem,fora,promax,50_50,global,6,"Água inadequada, Esgoto inadequado, Razão de moradores, Analfabetismo 15+, Renda (invertida), Cor/raça PPI",87545,16563,73877,18901,0.7870175171,0.7153169641,Renda (invertida),225337.1908,15,1,1,3,True,True,True,True,0.380436332,Razão de moradores,0.489953529,Razão de moradores,True,50,0,5.862258186,0.7985290859,0.8064676533,0.747396783,31,0.7478846154,31,0,,,,,,,False,0.9204300234,24.80711443,19.7731395,0.9204652139,24.80609662,19.77205355
mediana_mun·lixo_sem·banheiro_fora·promax·60_40·municipal,mediana_mun,sem,fora,promax,60_40,municipal,6,"Água inadequada, Esgoto inadequado, Razão de moradores, Analfabetismo 15+, Renda (invertida), Cor/raça PPI",87545,16563,73877,18901,0.7870175171,0.7153169641,Renda (invertida),225337.1908,15,1,1,3,True,True,True,True,0.380436332,Razão de moradores,0.489953529,Razão de moradores,True,60,0,4.689806549,0.8177310885,0.8255734284,0.7845044732,31,0.802046643,31,0,24.5,83,12.5,40,2,9,False,0.9900686681,12.90235253,12.03741303,0.990105762,12.90117357,12.03622237
mediana_mun·lixo_sem·banheiro_fora·promax·60_40·global,mediana_mun,sem,fora,promax,60_40,global,6,"Água inadequada, Esgoto inadequado, Razão de moradores, Analfabetismo 15+, Renda (invertida), Cor/raça PPI",87545,16563,73877,18901,0.7870175171,0.7153169641,Renda (invertida),225337.1908,15,1,1,3,True,True,True,True,0.380436332,Razão de moradores,0.489953529,Razão de moradores,True,60,0,4.689806549,0.8068591959,0.8148474048,0.7563189438,31,0.7555628272,31,0,,,,,,,False,0.931087294,19.40902569,17.04025556,0.9311246776,19.40793481,17.03913261
mediana_mun·lixo_sem·banheiro_v00495·sem_rotacao·unico·municipal,mediana_mun,sem,v00495,sem_rotacao,unico,municipal,7,"Água inadequada, Esgoto inadequado, Razão de moradores, Analfabetismo 15+, Renda (invertida), Cor/raça PPI, Sem banheiro",75955,28153,73877,14705,0.7966366684,0.7208376973,Renda (invertida),203887.1051,21,2,2,18,True,True,False,True,0.1632083562,Sem banheiro,0.4039905397,Sem banheiro,False,100,,,0.8523875056,0.8504776253,0.8445243427,31,0.8428846154,31,0,,,,,,,False,0.9784462544,8.39627494,8.342131622,0.9784887399,8.395034991,8.34089094
mediana_mun·lixo_sem·banheiro_v00495·sem_rotacao·unico·global,mediana_mun,sem,v00495,sem_rotacao,unico,global,7,"Água inadequada, Esgoto inadequado, Razão de moradores, Analfabetismo 15+, Renda (invertida), Cor/raça PPI, Sem banheiro",75955,28153,73877,14705,0.7966366684,0.7208376973,Renda (invertida),203887.1051,21,2,2,18,True,True,False,True,0.1632083562,Sem banheiro,0.4039905397,Sem banheiro,False,100,,,0.8471440457,0.8454385669,0.8197169599,31,0.8181207149,31,0,,,,,,,False,0.9394947386,12.09426352,12.25263272,0.9395365153,12.09307362,12.25144497
mediana_mun·lixo_sem·banheiro_v00495·varimax·ss·municipal,mediana_mun,sem,v00495,varimax,ss,municipal,7,"Água inadequada, Esgoto inadequado, Razão de moradores, Analfabetismo 15+, Renda (invertida), Cor/raça PPI, Sem banheiro",75955,28153,73877,14705,0.7966366684,0.7208376973,Renda (invertida),203887.1051,21,2,2,18,True,True,True,True,0.3835519922,Razão de moradores,0.5883106515,Razão de moradores,True,64.60486042,3.686626059,4.800074879,0.8405720681,0.8382651815,0.8298368298,31,0.8289005766,31,0,58,29.5,48.5,45.33333333,4,35,False,0.9970285792,3.137605241,3.624895097,0.9970688872,3.13629411,3.623590563
mediana_mun·lixo_sem·banheiro_v00495·varimax·ss·global,mediana_mun,sem,v00495,varimax,ss,global,7,"Água inadequada, Esgoto inadequado, Razão de moradores, Analfabetismo 15+, Renda (invertida), Cor/raça PPI, Sem banheiro",75955,28153,73877,14705,0.7966366684,0.7208376973,Renda (invertida),203887.1051,21,2,2,18,True,True,True,True,0.3835519922,Razão de moradores,0.5883106515,Razão de moradores,True,64.60486042,3.686626059,4.800074879,0.8317810035,0.8297458122,0.7925308411,31,0.7895776831,31,0,,,,,,,False,0.9428912726,9.40198706,9.993502802,0.9429314881,9.400760724,9.992284473
mediana_mun·lixo_sem·banheiro_v00495·varimax·50_50·municipal,mediana_mun,sem,v00495,varimax,50_50,municipal,7,"Água inadequada, Esgoto inadequado, Razão de moradores, Analfabetismo 15+, Renda (invertida), Cor/raça PPI, Sem banheiro",75955,28153,73877,14705,0.7966366684,0.7208376973,Renda (invertida),203887.1051,21,2,2,18,True,True,True,True,0.3835519922,Razão de moradores,0.5883106515,Razão de moradores,True,50,0,4.615315614,0.8266470463,0.8239595752,0.8025255782,31,0.8049038462,31,0,24.5,68,48.5,47,4,42,False,0.9937546372,9.910934243,6.800400661,0.9937915733,9.909714796,6.79913911
mediana_mun·lixo_sem·banheiro_v00495·varimax·50_50·global,mediana_mun,sem,v00495,varimax,50_50,global,7,"Água inadequada, Esgoto inadequado, Razão de moradores, Analfabetismo 15+, Renda (invertida), Cor/raça PPI, Sem banheiro",75955,28153,73877,14705,0.7966366684,0.7208376973,Renda (invertida),203887.1051,21,2,2,18,True,True,True,True,0.3835519922,Razão de moradores,0.5883106515,Razão de moradores,True,50,0,4.615315614,0.8193799971,0.8169929138,0.7611055754,31,0.7649038462,31,0,,,,,,,False,0.9331390264,16.91978668,13.82549609,0.9331759572,16.9186621,13.82432963
mediana_mun·lixo_sem·banheiro_v00495·varimax·60_40·municipal,mediana_mun,sem,v00495,varimax,60_40,municipal,7,"Água inadequada, Esgoto inadequado, Razão de moradores, Analfabetismo 15+, Renda (invertida), Cor/raça PPI, Sem banheiro",75955,28153,73877,14705,0.7966366684,0.7208376973,Renda (invertida),203887.1051,21,2,2,18,True,True,True,True,0.3835519922,Razão de moradores,0.5883106515,Razão de moradores,True,60,0,4.106574676,0.8361780363,0.833746779,0.8186790908,31,0.8163461538,31,0,24.5,50,48.5,41,3,15,False,0.9981574733,4.026909229,3.752131893,0.9981967407,4.025610136,3.750829081
mediana_mun·lixo_sem·banheiro_v00495·varimax·60_40·global,mediana_mun,sem,v00495,varimax,60_40,global,7,"Água inadequada, Esgoto inadequado, Razão de moradores, Analfabetismo 15+, Renda (invertida), Cor/raça PPI, Sem banheiro",75955,28153,73877,14705,0.7966366684,0.7208376973,Renda (invertida),203887.1051,21,2,2,18,True,True,True,True,0.3835519922,Razão de moradores,0.5883106515,Razão de moradores,True,60,0,4.106574676,0.827682628,0.8255380378,0.7776777192,31,0.7746727749,31,0,,,,,,,False,0.9406840064,11.31595333,11.13998755,0.9407231075,11.3147529,11.13878474
mediana_mun·lixo_sem·banheiro_v00495·promax·ss_padrao·municipal,mediana_mun,sem,v00495,promax,ss_padrao,municipal,7,"Água inadequada, Esgoto inadequado, Razão de moradores, Analfabetismo 15+, Renda (invertida), Cor/raça PPI, Sem banheiro",75955,28153,73877,14705,0.7966366684,0.7208376973,Renda (invertida),203887.1051,21,2,2,18,True,True,True,True,0.3835519922,Razão de moradores,0.5633740517,Esgoto inadequado,True,64.25742571,4.464048589,6.77397624,0.8395792951,0.8373059938,0.8263869464,31,0.8301465202,31,0,67,26.5,48.5,47.33333333,4,43,False,0.9975610521,3.067218929,3.316278188,0.9976012978,3.065906845,3.314969476
mediana_mun·lixo_sem·banheiro_v00495·promax·ss_padrao·global,mediana_mun,sem,v00495,promax,ss_padrao,global,7,"Água inadequada, Esgoto inadequado, Razão de moradores, Analfabetismo 15+, Renda (invertida), Cor/raça PPI, Sem banheiro",75955,28153,73877,14705,0.7966366684,0.7208376973,Renda (invertida),203887.1051,21,2,2,18,True,True,True,True,0.3835519922,Razão de moradores,0.5633740517,Esgoto inadequado,True,64.25742571,4.464048589,6.77397624,0.8303481526,0.8283754404,0.7901890224,31,0.7881984373,31,0,,,,,,,False,0.9427853857,9.132624056,9.841901513,0.9428258872,9.131394074,9.840681132
mediana_mun·lixo_sem·banheiro_v00495·promax·ss_estrutura·municipal,mediana_mun,sem,v00495,promax,ss_estrutura,municipal,7,"Água inadequada, Esgoto inadequado, Razão de moradores, Analfabetismo 15+, Renda (invertida), Cor/raça PPI, Sem banheiro",75955,28153,73877,14705,0.7966366684,0.7208376973,Renda (invertida),203887.1051,21,2,2,18,True,True,True,True,0.3835519922,Razão de moradores,0.5633740517,Esgoto inadequado,True,59.27898057,3.874501539,6.171205846,0.8347494133,0.8323464379,0.8183538139,31,0.8157401427,31,0,64,56,48.5,56.16666667,4,81,False,0.9984677545,3.297328027,3.306803108,0.9985068357,3.296019059,3.305494267
mediana_mun·lixo_sem·banheiro_v00495·promax·ss_estrutura·global,mediana_mun,sem,v00495,promax,ss_estrutura,global,7,"Água inadequada, Esgoto inadequado, Razão de moradores, Analfabetismo 15+, Renda (invertida), Cor/raça PPI, Sem banheiro",75955,28153,73877,14705,0.7966366684,0.7208376973,Renda (invertida),203887.1051,21,2,2,18,True,True,True,True,0.3835519922,Razão de moradores,0.5633740517,Esgoto inadequado,True,59.27898057,3.874501539,6.171205846,0.8259294495,0.8238367167,0.7713461489,31,0.7704293411,31,0,,,,,,,False,0.9402235495,11.06283332,11.13728038,0.9402628217,11.06162947,11.13607753
mediana_mun·lixo_sem·banheiro_v00495·promax·comunalidades·municipal,mediana_mun,sem,v00495,promax,comunalidades,municipal,7,"Água inadequada, Esgoto inadequado, Razão de moradores, Analfabetismo 15+, Renda (invertida), Cor/raça PPI, Sem banheiro",75955,28153,73877,14705,0.7966366684,0.7208376973,Renda (invertida),203887.1051,21,2,2,18,True,True,True,True,0.3835519922,Razão de moradores,0.5633740517,Esgoto inadequado,True,62.15527011,0.7356017305,6.208715193,0.837538632,0.835208628,0.8227505828,31,0.824325881,31,0,50,39,48.5,45.83333333,4,39,False,0.998261314,2.582636238,3.083461924,0.998301049,2.581317595,3.08215006
mediana_mun·lixo_sem·banheiro_v00495·promax·comunalidades·global,mediana_mun,sem,v00495,promax,comunalidades,global,7,"Água inadequada, Esgoto inadequado, Razão de moradores, Analfabetismo 15+, Renda (invertida), Cor/raça PPI, Sem banheiro",75955,28153,73877,14705,0.7966366684,0.7208376973,Renda (invertida),203887.1051,21,2,2,18,True,True,True,True,0.3835519922,Razão de moradores,0.5633740517,Esgoto inadequado,True,62.15527011,0.7356017305,6.208715193,0.8284491878,0.8264264211,0.7823078034,31,0.7807212985,31,0,,,,,,,False,0.9418395706,9.851376594,10.38333469,0.9418795246,9.850156341,10.38212163
mediana_mun·lixo_sem·banheiro_v00495·promax·50_50·municipal,mediana_mun,sem,v00495,promax,50_50,municipal,7,"Água inadequada, Esgoto inadequado, Razão de moradores, Analfabetismo 15+, Renda (invertida), Cor/raça PPI, Sem banheiro",75955,28153,73877,14705,0.7966366684,0.7208376973,Renda (invertida),203887.1051,21,2,2,18,True,True,True,True,0.3835519922,Razão de moradores,0.5633740517,Esgoto inadequado,True,50,0,5.985014132,0.8258299781,0.8231969068,0.7985333672,31,0.8026923077,31,0,24.5,80,48.5,51,4,70,False,0.9939897792,8.990497848,6.547280652,0.9940267473,8.989265942,6.546015675
mediana_mun·lixo_sem·banheiro_v00495·promax·50_50·global,mediana_mun,sem,v00495,promax,50_50,global,7,"Água inadequada, Esgoto inadequado, Razão de moradores, Analfabetismo 15+, Renda (invertida), Cor/raça PPI, Sem banheiro",75955,28153,73877,14705,0.7966366684,0.7208376973,Renda (invertida),203887.1051,21,2,2,18,True,True,True,True,0.3835519922,Razão de moradores,0.5633740517,Esgoto inadequado,True,50,0,5.985014132,0.8182563387,0.8159320282,0.7540886114,31,0.7588461538,31,0,,,,,,,False,0.9330226494,16.1089905,13.64411597,0.9330599588,16.10785495,13.64294706
mediana_mun·lixo_sem·banheiro_v00495·promax·60_40·municipal,mediana_mun,sem,v00495,promax,60_40,municipal,7,"Água inadequada, Esgoto inadequado, Razão de moradores, Analfabetismo 15+, Renda (invertida), Cor/raça PPI, Sem banheiro",75955,28153,73877,14705,0.7966366684,0.7208376973,Renda (invertida),203887.1051,21,2,2,18,True,True,True,True,0.3835519922,Razão de moradores,0.5633740517,Esgoto inadequado,True,60,0,5.959782506,0.8354470375,0.8330618886,0.8202331002,31,0.8178903924,31,0,24.5,48,48.5,40.33333333,3,12,False,0.9984959642,3.021197109,3.147080322,0.9985352108,3.019884402,3.145769319
mediana_mun·lixo_sem·banheiro_v00495·promax·60_40·global,mediana_mun,sem,v00495,promax,60_40,global,7,"Água inadequada, Esgoto inadequado, Razão de moradores, Analfabetismo 15+, Renda (invertida), Cor/raça PPI, Sem banheiro",75955,28153,73877,14705,0.7966366684,0.7208376973,Renda (invertida),203887.1051,21,2,2,18,True,True,True,True,0.3835519922,Razão de moradores,0.5633740517,Esgoto inadequado,True,60,0,5.959782506,0.8265530031,0.8244778885,0.7741337878,31,0.7730265749,31,0,,,,,,,False,0.9406596514,10.72579117,10.93559652,0.9406990867,10.72458275,10.93439095
mediana_mun·lixo_sem·banheiro_graduado·sem_rotacao·unico·municipal,mediana_mun,sem,graduado,sem_rotacao,unico,municipal,7,"Água inadequada, Esgoto inadequado, Razão de moradores, Analfabetismo 15+, Renda (invertida), Cor/raça PPI, Banheiro graduado",73878,30230,73877,13470,0.7806918645,0.708800036,Renda (invertida),185216.3066,21,2,2,30,True,True,False,False,0.05952174887,Banheiro graduado,0.2439707951,Banheiro graduado,False,100,,,0.8506792342,0.8506805257,0.8467937257,31,0.8467937257,31,1,,,,,,,False,0.9772971597,9.669996481,8.884918379,0.9773393298,9.668773773,8.883685044
mediana_mun·lixo_sem·banheiro_graduado·sem_rotacao·unico·global,mediana_mun,sem,graduado,sem_rotacao,unico,global,7,"Água inadequada, Esgoto inadequado, Razão de moradores, Analfabetismo 15+, Renda (invertida), Cor/raça PPI, Banheiro graduado",73878,30230,73877,13470,0.7806918645,0.708800036,Renda (invertida),185216.3066,21,2,2,30,True,True,False,False,0.05952174887,Banheiro graduado,0.2439707951,Banheiro graduado,False,100,,,0.8485009004,0.8485014894,0.8250613373,31,0.8250613373,31,1,,,,,,,False,0.9376874069,12.01034137,11.99139121,0.937729979,12.00915034,11.99019993
mediana_mun·lixo_sem·banheiro_graduado·varimax·ss·municipal,mediana_mun,sem,graduado,varimax,ss,municipal,7,"Água inadequada, Esgoto inadequado, Razão de moradores, Analfabetismo 15+, Renda (invertida), Cor/raça PPI, Banheiro graduado",73878,30230,73877,13470,0.7806918645,0.708800036,Renda (invertida),185216.3066,21,2,2,30,True,True,True,True,0.3754689375,Razão de moradores,0.5595698231,Esgoto inadequado,True,67.20631828,4.556525459,4.87246192,0.8384388349,0.8384407712,0.8352843764,31,0.8352843764,31,1,70,24,48.5,47.5,4,46,False,0.9970507938,4.102709873,3.346057013,0.9970911019,4.101411806,3.344748704
mediana_mun·lixo_sem·banheiro_graduado·varimax·ss·global,mediana_mun,sem,graduado,varimax,ss,global,7,"Água inadequada, Esgoto inadequado, Razão de moradores, Analfabetismo 15+, Renda (invertida), Cor/raça PPI, Banheiro graduado",73878,30230,73877,13470,0.7806918645,0.708800036,Renda (invertida),185216.3066,21,2,2,30,True,True,True,True,0.3754689375,Razão de moradores,0.5595698231,Esgoto inadequado,True,67.20631828,4.556525459,4.87246192,0.8317083009,0.8317090689,0.7975253946,31,0.7975253946,31,1,,,,,,,False,0.9432954638,8.286634722,9.002680094,0.9433363447,8.285393289,9.001448353
mediana_mun·lixo_sem·banheiro_graduado·varimax·50_50·municipal,mediana_mun,sem,graduado,varimax,50_50,municipal,7,"Água inadequada, Esgoto inadequado, Razão de moradores, Analfabetismo 15+, Renda (invertida), Cor/raça PPI, Banheiro graduado",73878,30230,73877,13470,0.7806918645,0.708800036,Renda (invertida),185216.3066,21,2,2,30,True,True,True,True,0.3754689375,Razão de moradores,0.5595698231,Esgoto inadequado,True,50,0,7.331360693,0.8222727939,0.8222761687,0.8048076923,31,0.8048076923,31,1,24.5,71,48.5,48,4,51,False,0.9943004601,8.052464875,5.167979642,0.9943368808,8.051220272,5.166695995
mediana_mun·lixo_sem·banheiro_graduado·varimax·50_50·global,mediana_mun,sem,graduado,varimax,50_50,global,7,"Água inadequada, Esgoto inadequado, Razão de moradores, Analfabetismo 15+, Renda (invertida), Cor/raça PPI, Banheiro graduado",73878,30230,73877,13470,0.7806918645,0.708800036,Renda (invertida),185216.3066,21,2,2,30,True,True,True,True,0.3754689375,Razão de moradores,0.5595698231,Esgoto inadequado,True,50,0,7.331360693,0.816550364,0.8165525826,0.7626923077,31,0.7626923077,31,1,,,,,,,False,0.9328677183,15.80172717,13.25157692,0.9329047094,15.80058746,13.2504027
mediana_mun·lixo_sem·banheiro_graduado·varimax·60_40·municipal,mediana_mun,sem,graduado,varimax,60_40,municipal,7,"Água inadequada, Esgoto inadequado, Razão de moradores, Analfabetismo 15+, Renda (invertida), Cor/raça PPI, Banheiro graduado",73878,30230,73877,13470,0.7806918645,0.708800036,Renda (invertida),185216.3066,21,2,2,30,True,True,True,True,0.3754689375,Razão de moradores,0.5595698231,Esgoto inadequado,True,60,0,5.865088554,0.8317223971,0.8317249421,0.8159615385,31,0.8159615385,31,1,24.5,53,48.5,42,3,22,False,0.9992180315,1.867944449,1.635128184,0.9992566895,1.866616132,1.633796716
mediana_mun·lixo_sem·banheiro_graduado·varimax·60_40·global,mediana_mun,sem,graduado,varimax,60_40,global,7,"Água inadequada, Esgoto inadequado, Razão de moradores, Analfabetismo 15+, Renda (invertida), Cor/raça PPI, Banheiro graduado",73878,30230,73877,13470,0.7806918645,0.708800036,Renda (invertida),185216.3066,21,2,2,30,True,True,True,True,0.3754689375,Razão de moradores,0.5595698231,Esgoto inadequado,True,60,0,5.865088554,0.8250469107,0.8250483271,0.7739965096,31,0.7739965096,31,1,,,,,,,False,0.9403428612,10.47402474,10.63374753,0.9403819995,10.47281292,10.63253787
mediana_mun·lixo_sem·banheiro_graduado·promax·ss_padrao·municipal,mediana_mun,sem,graduado,promax,ss_padrao,municipal,7,"Água inadequada, Esgoto inadequado, Razão de moradores, Analfabetismo 15+, Renda (invertida), Cor/raça PPI, Banheiro graduado",73878,30230,73877,13470,0.7806918645,0.708800036,Renda (invertida),185216.3066,21,2,2,30,True,True,True,True,0.3754689375,Razão de moradores,0.5245641614,Esgoto inadequado,True,66.79430259,5.355907688,6.719090373,0.8379189539,0.8379208847,0.8374439793,31,0.8374439793,31,1,79,21,48.5,49.5,4,59,False,0.9972254331,4.391023038,3.295974444,0.9972656735,4.389728874,3.294665457
mediana_mun·lixo_sem·banheiro_graduado·promax·ss_padrao·global,mediana_mun,sem,graduado,promax,ss_padrao,global,7,"Água inadequada, Esgoto inadequado, Razão de moradores, Analfabetismo 15+, Renda (invertida), Cor/raça PPI, Banheiro graduado",73878,30230,73877,13470,0.7806918645,0.708800036,Renda (invertida),185216.3066,21,2,2,30,True,True,True,True,0.3754689375,Razão de moradores,0.5245641614,Esgoto inadequado,True,66.79430259,5.355907688,6.719090373,0.8309042485,0.8309048081,0.7979365873,31,0.7979365873,31,1,,,,,,,False,0.9433610493,8.162105092,8.740085005,0.9434022891,8.160861973,8.73884971
mediana_mun·lixo_sem·banheiro_graduado·promax·ss_estrutura·municipal,mediana_mun,sem,graduado,promax,ss_estrutura,municipal,7,"Água inadequada, Esgoto inadequado, Razão de moradores, Analfabetismo 15+, Renda (invertida), Cor/raça PPI, Banheiro graduado",73878,30230,73877,13470,0.7806918645,0.708800036,Renda (invertida),185216.3066,21,2,2,30,True,True,True,True,0.3754689375,Razão de moradores,0.5245641614,Esgoto inadequado,True,62.16758796,5.079869632,6.219956754,0.8335825788,0.8335848637,0.8249835581,31,0.8249835581,31,1,76,36,48.5,53.5,4,76,False,0.9992264311,1.528195133,1.226346138,0.9992656754,1.526862217,1.225009137
mediana_mun·lixo_sem·banheiro_graduado·promax·ss_estrutura·global,mediana_mun,sem,graduado,promax,ss_estrutura,global,7,"Água inadequada, Esgoto inadequado, Razão de moradores, Analfabetismo 15+, Renda (invertida), Cor/raça PPI, Banheiro graduado",73878,30230,73877,13470,0.7806918645,0.708800036,Renda (invertida),185216.3066,21,2,2,30,True,True,True,True,0.3754689375,Razão de moradores,0.5245641614,Esgoto inadequado,True,62.16758796,5.079869632,6.219956754,0.8265676461,0.8265686322,0.7817870701,31,0.7817870701,31,1,,,,,,,False,0.9417460909,9.18541379,9.755272206,0.9417861516,9.184184523,9.754050652
mediana_mun·lixo_sem·banheiro_graduado·promax·comunalidades·municipal,mediana_mun,sem,graduado,promax,comunalidades,municipal,7,"Água inadequada, Esgoto inadequado, Razão de moradores, Analfabetismo 15+, Renda (invertida), Cor/raça PPI, Banheiro graduado",73878,30230,73877,13470,0.7806918645,0.708800036,Renda (invertida),185216.3066,21,2,2,30,True,True,True,True,0.3754689375,Razão de moradores,0.5245641614,Esgoto inadequado,True,63.46576457,0.9590154543,6.408042609,0.8348062155,0.8348083922,0.828577153,31,0.828577153,31,1,53,32,48.5,44.5,4,33,False,0.9988806491,2.347112808,1.832751293,0.9989201777,2.345790977,1.8314225
mediana_mun·lixo_sem·banheiro_graduado·promax·comunalidades·global,mediana_mun,sem,graduado,promax,comunalidades,global,7,"Água inadequada, Esgoto inadequado, Razão de moradores, Analfabetismo 15+, Renda (invertida), Cor/raça PPI, Banheiro graduado",73878,30230,73877,13470,0.7806918645,0.708800036,Renda (invertida),185216.3066,21,2,2,30,True,True,True,True,0.3754689375,Razão de moradores,0.5245641614,Esgoto inadequado,True,63.46576457,0.9590154543,6.408042609,0.8277599529,0.827760794,0.7863868717,31,0.7863868717,31,1,,,,,,,False,0.9423105157,8.790167574,9.450716045,0.9423509273,8.788932956,9.449490369
mediana_mun·lixo_sem·banheiro_graduado·promax·50_50·municipal,mediana_mun,sem,graduado,promax,50_50,municipal,7,"Água inadequada, Esgoto inadequado, Razão de moradores, Analfabetismo 15+, Renda (invertida), Cor/raça PPI, Banheiro graduado",73878,30230,73877,13470,0.7806918645,0.708800036,Renda (invertida),185216.3066,21,2,2,30,True,True,True,True,0.3754689375,Razão de moradores,0.5245641614,Esgoto inadequado,True,50,0,8.674718338,0.8220558382,0.8220590973,0.8031730769,31,0.8031730769,31,1,24.5,77,48.5,50,4,64,False,0.9949139444,6.79092558,4.5764639,0.9949505012,6.789663901,4.575172246
mediana_mun·lixo_sem·banheiro_graduado·promax·50_50·global,mediana_mun,sem,graduado,promax,50_50,global,7,"Água inadequada, Esgoto inadequado, Razão de moradores, Analfabetismo 15+, Renda (invertida), Cor/raça PPI, Banheiro graduado",73878,30230,73877,13470,0.7806918645,0.708800036,Renda (invertida),185216.3066,21,2,2,30,True,True,True,True,0.3754689375,Razão de moradores,0.5245641614,Esgoto inadequado,True,50,0,8.674718338,0.8161125443,0.8161144847,0.7589441536,31,0.7589441536,31,1,,,,,,,False,0.9332914666,14.86098703,12.92400985,0.9333288788,14.85983459,12.92283119
mediana_mun·lixo_sem·banheiro_graduado·promax·60_40·municipal,mediana_mun,sem,graduado,promax,60_40,municipal,7,"Água inadequada, Esgoto inadequado, Razão de moradores, Analfabetismo 15+, Renda (invertida), Cor/raça PPI, Banheiro graduado",73878,30230,73877,13470,0.7806918645,0.708800036,Renda (invertida),185216.3066,21,2,2,30,True,True,True,True,0.3754689375,Razão de moradores,0.5245641614,Esgoto inadequado,True,60,0,6.93977467,0.8315382668,0.8315407355,0.818631756,31,0.818631756,31,1,24.5,45,48.5,39.33333333,3,3,False,0.9994339828,0.1624299521,0.1759657814,0.9994727284,0.1610785495,0.174614562
mediana_mun·lixo_sem·banheiro_graduado·promax·60_40·global,mediana_mun,sem,graduado,promax,60_40,global,7,"Água inadequada, Esgoto inadequado, Razão de moradores, Analfabetismo 15+, Renda (invertida), Cor/raça PPI, Banheiro graduado",73878,30230,73877,13470,0.7806918645,0.708800036,Renda (invertida),185216.3066,21,2,2,30,True,True,True,True,0.3754689375,Razão de moradores,0.5245641614,Esgoto inadequado,True,60,0,6.93977467,0.8246142698,0.8246154304,0.7741445275,31,0.7741445275,31,1,,,,,,,False,0.9406317834,9.94206665,10.29129105,0.9406713442,9.940847625,10.29007675
